Date,AAL.L,ABF.L,ADM.L,AHT.L,ANTO.L,AUTO.L,AV.L,AVV.L,AZN.L,BA.L,BARC.L,BATS.L,BDEV.L,BEZ.L,BKG.L,BME.L,BNZL.L,BP.L,BRBY.L,BT-A.L,CCH.L,CNA.L,CPG.L,CRDA.L,CRH.L,CTEC.L,DCC.L,DGE.L,DPLM.L,EDV.L,ENT.L,EXPN.L,EZJ.L,FCIT.L,FRAS.L,FRES.L,GLEN.L,GSK.L,HIK.L,HLMA.L,HLN.L,HSBA.L,IAG.L,ICP.L,IHG.L,III.L,IMB.L,INF.L,ITRK.L,JD.L,KGF.L,LAND.L,LGEN.L,LLOY.L,LSEG.L,MNDI.L,MNG.L,MRO.L,NG.L,NWG.L,NXT.L,OCDO.L,PSH.L,PSN.L,PSON.L,PURG.L,REL.L,RIO.L,RKT.L,RMV.L,RR.L,RTO.L,SBRY.L,SDR.L,SGE.L,SGRO.L,SHEL.L,SKG.L,SMDS.L,SMIN.L,SMT.L,SN.L,SPX.L,SSE.L,STAN.L,SVT.L,TSCO.L,TW.L,ULVR.L,UTG.L,UU.L,VOD.L,WEIR.L,WPP.L,WTB.L
2020-11-19,2611080,1530416,990954,2774740,1553362,2223180,17089891,,2894601,11777463,37442579.0,4965834,,1723538,331154,3435059.0,738205,63930390.0,1755887,44745061,696608,14250102,4021994,1359801.0,881069,1734911.0,431404,7519252.0,182026,266,2508750,3978625,4898472,428094,216316,1154102,44661168.0,12715222,972325,1223598,,64508333,40863976.0,,536154,2817009,2739882.0,5756218,378041,11608815,16320102,2743656,26469066,330453203,568819,914545,13040102,14208043,6757615,13517784,493829,2398270,476218,1520334,6866098,,6217866,2335403.0,2032420,6880023,72678770.0,7861153,14826277,1291482,2492889,4970017,48277253,253093,,1362737,3580588,3687779.0,146986,3544756,17083287,792691,30564553,32289323,2857828,675224,2028127,75598331,607214,4684368.0,2389405
2020-11-20,2868199,709532,446596,904813,1213572,2062380,13361105,,2148616,13069076,30600035.0,3814732,,1105409,289149,3632946.0,728106,41835225.0,1148298,34143788,440797,26634952,4032140,1734549.0,1112936,9168681.0,302304,6332102.0,188419,0,2391935,1727288,3581563,442701,135442,1188830,45826527.0,7784945,474123,1174506,,30991008,38036467.0,,312120,1872882,3935470.0,3358267,249500,6964500,9206857,2767839,15952793,236741478,746625,1054139,8018553,3998465,5532369,8726045,348249,1229118,257436,1064713,4293786,,3661369,2396550.0,1228366,4566467,45155090.0,3019698,6029865,1963676,12382398,2236802,8985500,1474646,,1511658,4436496,1794128.0,142939,2583830,6660044,447082,19674611,24274482,4162847,400538,1576713,68888094,756505,3164337.0,1412207
2020-11-23,3254718,1170791,873648,1183204,1703206,2479588,23725366,,2607984,7036459,63641880.0,2246951,,873283,190411,16912874.0,778363,62528004.0,1135519,29740831,1077380,23923773,4315547,450008.0,1288597,2609100.0,457105,3717352.0,204459,0,1312588,1664990,7498771,496142,170536,1415474,41120571.0,12990950,342839,1383918,,20461995,64052551.0,,612686,2393555,1637863.0,2526099,1166853,5869585,14808402,2244219,22338829,269962523,563381,1094133,8233756,4493481,5417782,20244165,1111209,1309429,92967,1367532,2728436,,3027312,2949202.0,1243244,1102640,82517941.0,4570413,6074000,1706741,5939713,2958884,36718439,867015,,593715,4215341,2233979.0,138429,2901343,7786081,696136,23240355,17153291,4386399,902912,1597490,43875674,1147952,2716357.0,1179078
2020-11-24,4729203,1650240,915488,1028738,2406074,3066481,19316759,,2847999,7334732,78845811.0,4407298,,1402172,272398,3289178.0,963166,104760609.0,1477419,35617217,493567,34642192,6259760,550167.0,2264480,4301046.0,369634,4684893.0,315948,2212,2744331,2472822,8370676,547089,235441,2329331,60027476.0,12793800,472134,1101929,,43032871,82914327.0,,741572,2692509,2553586.0,5030909,634868,18302945,10251269,2632837,23954640,383355000,788513,935432,9202901,7770787,6540872,24334960,291065,2530696,171400,1237534,3098733,,4561445,3420135.0,2792617,1442762,126871616.0,5023412,10296083,2253399,5350716,3373836,19219542,2454434,,993260,4157851,2051170.0,249567,3070744,10425106,857409,16069476,18166225,4287198,945046,2032122,64193901,778829,3398943.0,1762687
2020-11-25,5125119,1300996,649850,2092274,1153002,2659179,19587171,,4207740,7444671,72137852.0,4971831,,1349456,350867,4588521.0,1135844,65828061.0,1803372,45244128,728975,32256635,4875709,566305.0,2619555,3931074.0,290449,3437772.0,344555,0,2620674,3174083,4516611,343713,288783,1839429,48784296.0,9665669,358543,1169412,,38937656,58127166.0,,516725,3219343,5479662.0,2933705,599707,8734970,15925131,1956108,20324302,367835127,848140,1280283,8845507,12308181,6099411,24304953,393172,1777276,206867,1163159,2211067,,2568095,3169964.0,2320887,2568903,78583941.0,4410777,5708333,1728299,5023143,3528264,11660112,368387,,1775493,6716246,1795968.0,215069,4202187,10865412,635906,19311149,20285703,11740262,797153,2552350,78156097,1158591,3645059.0,1979536
2020-11-26,2105393,1012606,287905,699257,1967529,2894429,14715003,,2398687,4644158,34544240.0,2100044,,849534,226335,6021216.0,723890,33441392.0,875078,26779628,460550,30053649,3476973,284680.0,1975588,1860787.0,370916,2462374.0,257053,0,1207891,2419288,3509643,383724,215948,1433953,25047639.0,14816365,253440,712486,,25201454,36358466.0,,431043,1342216,1529175.0,3465689,353789,5127585,6955102,1894359,13387381,294316183,345098,936700,5953756,4908836,6243157,12801574,184945,894259,266594,780022,1664512,,2052525,1140897.0,1251333,1593280,39317850.0,3318022,5395652,1475570,3123409,2686180,6834008,1058873,,578050,2530931,1520428.0,93999,2129649,5126327,458598,14313999,16481728,4502338,507035,1116274,54271762,852169,2141029.0,761388
2020-11-27,5652169,1878899,1051057,2127166,1949703,5341922,22550430,,6933755,15004327,77855252.0,12643929,,2583605,708695,6306111.0,1569889,107589945.0,3665096,63263931,943657,48402428,9239389,647911.0,3161043,7108731.0,638018,10621420.0,366605,0,3795658,6314221,3960140,1342501,615844,2913252,53250454.0,20930630,911821,1950638,,101183532,43744839.0,,1055378,4250211,5097959.0,9373111,858945,12188565,14996096,3544828,33685241,361581226,1593483,2225540,13371057,9369033,21121855,23912824,678091,2416599,488951,1811341,3929857,,7732658,5308665.0,3123562,4733123,75209228.0,10187832,11148808,4037088,6738126,6634623,18154034,1256160,,1856221,7324211,5263770.0,353668,6308983,12716969,1494106,47067813,30700664,130094242,1228560,3599949,127670786,1486272,6316167.0,1238537
2020-11-30,5455736,1885951,846183,1333139,2867464,5057667,20449036,,4863411,21458880,66657521.0,7261048,,2608469,928776,4789679.0,1781836,87215894.0,3920954,51547924,1178134,33330919,6313149,1445663.0,2029101,5679087.0,439531,13648926.0,643431,0,2812799,4878699,5739003,496144,1900942,21584599,49759528.0,13358474,2566790,1353000,,41149776,39628432.0,,1052090,8459152,5648927.0,6704532,432595,20439880,14185972,3689426,23570599,343886051,1520925,2540536,16802140,6097767,24940016,24445573,539857,4103584,348284,1463503,5278776,,5031423,4294894.0,1729266,3042305,54663828.0,9479194,38672274,3932458,4218075,5521839,11534794,533604,,1486358,4617401,8867181.0,243507,7989797,9900805,1302119,29701270,30441804,17865326,1511808,3251486,68214551,1142670,6858959.0,1033561
2020-12-01,3571831,827266,457797,932202,1803796,2451631,12391144,,2773905,6132832,51536659.0,3213414,,1586496,493947,3601654.0,811618,55726838.0,1136825,30507888,523386,27011987,3630302,407544.0,1299096,2798837.0,217494,4184707.0,195171,276,1272606,2609916,4131825,594873,349509,2028055,30398283.0,9133385,776429,1188178,,26125627,32180491.0,,612927,2275976,2023620.0,2531292,341687,8849200,11615876,1190089,16159837,244156813,847361,1291495,8021443,6427888,14836820,18762081,275440,854134,539258,1184019,2617029,,2716308,2631756.0,998682,2080068,41118607.0,5112125,7084242,1602199,4416282,2625192,7586502,392816,,763629,5160835,2293286.0,192717,3349379,7797287,902824,14235909,16639001,6348465,739232,2236025,37442190,1006780,2291777.0,695698
2020-12-02,4315567,1672537,347549,657577,2163938,5678762,12111507,,1931427,11367074,46385964.0,3237731,,2266111,580598,3605053.0,810038,73261700.0,1495597,30037312,1176702,25537317,4570976,354793.0,1228042,3037798.0,267125,3318484.0,202704,0,1945500,1826344,3876034,588640,269024,1951432,32395477.0,9499399,671842,668184,,28536304,55695244.0,,542030,2345595,2693529.0,2735586,310938,8959955,11383521,1846947,20495135,222719388,1596840,1102506,7136474,13353446,10277521,16269440,371292,961187,337704,1078800,3224085,,2723465,3584161.0,1891407,3337189,80221417.0,3540528,15160953,1588235,4696579,1746352,8388393,488652,,719278,2559259,2773961.0,212432,3278012,9464734,948877,19056588,20140487,7210220,622778,1777065,89380460,916970,3112072.0,1078593
2020-12-03,6118090,1989296,834609,1788007,1964382,3439216,21009927,,3702698,5807380,42251461.0,6128846,,2491893,441505,23468124.0,1219053,66539903.0,2367337,66952611,782001,18384872,5251505,588075.0,1440834,3575235.0,253433,6365058.0,171768,2050,5624021,3024180,5149102,509583,198237,1048328,44169237.0,9092003,459598,1003720,,36857841,86646746.0,,768362,1737245,3550691.0,2243269,204694,5539910,8138790,1884472,11414420,305393067,957033,998420,5537453,3892250,9649264,18030807,283775,1189240,632535,1102272,1672447,,2909759,3794924.0,1975126,1547062,171564312.0,3240952,16895255,3312688,7232161,2554984,8882031,866440,,735783,2113674,2252138.0,113924,2006669,5609422,607171,31061203,13900411,9021687,772171,1782083,38889529,1499162,2157299.0,1243064
2020-12-04,4976865,4088256,503558,1526200,2073531,2701269,10205744,,3426784,6074306,92767366.0,2836092,,2141609,915080,16681497.0,607646,71997406.0,2216959,56314072,651353,50800345,3157319,597255.0,1407584,4427798.0,312623,3703561.0,139667,0,2895254,1778110,8897262,490160,265223,1353576,75211908.0,7980481,407940,712465,,34453525,57832615.0,,622321,1333666,2657521.0,6815652,399500,4606825,11216542,2573963,26648899,242276964,703851,878761,5414047,5308002,17901619,21042235,240091,1098374,332533,2108673,1894804,,3771469,2836696.0,1309625,2600798,112258235.0,5163900,8740778,1554611,4250895,2574431,19265860,610852,,1088781,2294299,1830983.0,121779,3293424,7633632,830853,13798793,30822390,6901498,814818,1938862,76554342,679355,4380936.0,835276
2020-12-07,3635302,1842260,701628,1197374,2996656,2333042,13877642,,2189160,6469922,201179938.0,4397302,,1518591,819193,3964724.0,876730,59901421.0,785582,28054737,527963,28761082,2718191,2074017.0,957906,4216570.0,246385,3371447.0,205534,111,2317425,1297716,4851729,535208,258302,1297210,29757307.0,7724106,415252,1100728,,22420808,43925301.0,,527391,1444625,3578521.0,2162424,379563,6631700,7778386,2365988,20523397,291946176,423049,2384077,9457247,5760139,6002027,22307064,417580,1415752,389498,1423241,7177036,,2934074,2174660.0,1141679,2125949,56197149.0,4951514,22218977,1413776,4990946,1833258,26606201,1473161,,757906,2750586,1430185.0,116830,2795718,7253459,694238,17341718,22864553,5721332,899345,2512203,58565848,884733,3602223.0,853139
2020-12-08,4406787,3952375,406199,2222956,1603930,2285779,9408093,,1850894,7299638,37242394.0,4205729,,1176279,577821,4582438.0,914492,38366582.0,1069482,23835908,594522,17352426,3086390,328985.0,915021,3208057.0,435805,3202231.0,281889,0,1802718,2322644,6317192,385760,255037,1007244,25350839.0,7051596,374491,1122691,,30631829,36247704.0,,624449,2525704,2738456.0,2142229,526124,5694235,6854386,1392221,12092381,209227033,436754,1223660,9022731,3788156,8835307,15034867,338472,1562050,196043,1033336,2191562,,2648069,3960459.0,1514170,2390674,43340720.0,2144168,6960802,1010129,5053561,1636070,5053220,585792,,587462,2444503,1358682.0,114936,2967230,5867265,514015,16967693,18618207,7942697,701033,1871888,72095415,782225,2209162.0,540816
2020-12-09,3263028,1509327,664250,1282732,1259935,1912787,9510598,,2746073,6644050,31964551.0,5593372,,1804430,372536,1921149.0,644217,82871254.0,2090730,49515499,472409,23655537,3661374,311266.0,940193,2082773.0,499273,2196177.0,153093,292,1473555,2411165,3042985,276460,679799,741262,24852001.0,8912307,471174,979790,,44788874,37673905.0,,322679,2960397,2620917.0,1937766,499880,8720690,11145587,2368617,15334070,159190277,354130,1912950,9755274,5384901,11906659,13376784,560963,1967471,225223,1558632,2720168,,4557915,3919110.0,1400111,1610463,77884105.0,2323214,8346087,1676717,5921621,2932234,12018778,477154,,948309,4647233,1291586.0,96590,2638929,5496678,775343,26420326,12823227,10518285,484088,1421683,104907974,1136784,2932985.0,556926
2020-12-10,4295333,1251153,708504,992531,2153128,2704212,14837981,,2257369,6287477,143650430.0,7950885,,2203718,599341,5144057.0,757939,62569948.0,1080457,47259723,541783,18651829,3311618,531179.0,1281821,5744942.0,478076,5437072.0,246024,0,0,1850507,2941455,981038,855598,2577999,28044651.0,7153775,1425363,928310,,51349204,38755648.0,,443099,1720642,3352585.0,2334541,572388,14403465,13543796,1986249,27318656,400382461,730353,1343267,8853278,14667718,8202698,23201218,404102,2760950,216002,2233420,2575515,,4932608,2459429.0,1578639,1682806,35231954.0,4066562,11413662,3497541,2862071,2428755,10042654,334691,,817766,3037618,1774943.0,200038,2375352,7543739,891717,15704256,16491549,7184914,831584,5801573,82290222,977396,4107428.0,987187
2020-12-11,4404944,785183,831959,880462,2058128,6012861,12379436,,1751201,9764961,82366916.0,3641480,,1042489,599026,6053060.0,995290,51656238.0,1109821,52520323,720121,22161177,2999297,289416.0,1016708,4610065.0,196491,3055118.0,211342,0,0,1852478,7812208,235050,692957,2705740,29427243.0,9713807,327751,746361,,32348309,41146269.0,,505878,3191745,2130487.0,1953890,733738,8947285,9849493,5059366,17297060,356533901,560922,1033308,13910470,10410235,16803572,30949806,393406,1265171,153394,1863515,2991520,,2675361,3106205.0,993290,2032075,92092627.0,4438159,14218913,1029311,3885228,3739339,7069569,275671,,512014,3687804,1504799.0,164969,2310164,5267768,475155,17689278,18406915,3813438,634755,1918723,69205730,692812,4009786.0,998925
2020-12-14,4014258,995223,1260266,770844,3259608,5756973,12958957,,8369844,12926474,60342841.0,3794056,,1204547,1050381,11285122.0,570831,53222525.0,676652,49889801,517287,104045418,2906867,613382.0,519572,4178321.0,259572,3197506.0,208272,108,1440538,1368370,5035407,313490,456848,2881182,58427859.0,19513361,353018,889748,,43195246,25791843.0,,1057613,2647994,2398644.0,2036444,744571,10884525,7629990,2437214,15931508,280361772,509959,1374917,8666601,4087904,12834160,25506013,483033,2177048,146072,1133784,3576214,,4998524,2893240.0,980783,4284165,80854603.0,2373910,15555806,4567635,8510478,3373485,10518884,280964,,568354,3486686,2001172.0,217494,2539118,8526404,1881778,27741401,14750827,9145472,549776,1564750,74922888,1319493,7220654.0,464101
2020-12-15,8205416,960934,403240,1459102,1043438,2490679,15696831,,7679478,5871884,48178265.0,11082929,,1039720,533477,3089018.0,542969,87112918.0,1199297,25640062,722319,54322985,9154317,250790.0,1326172,4651656.0,289699,11421542.0,257340,0,2636485,1456618,3415275,391334,411403,1904668,77889793.0,21228779,509762,1898789,,99252117,20724539.0,,1041801,1128843,1851269.0,3564403,168942,19404890,6713267,1766052,20169222,380477148,1552196,1075245,6993671,5304219,16431400,18794194,278290,2994738,202494,1139516,4213927,,7677996,6301386.0,2333561,2639024,55739540.0,5017107,8743050,1415276,2797409,1694999,17730400,390598,,680583,2531621,1400340.0,310788,2699855,12173503,1442874,40430110,11085288,12251854,716335,3920791,85134718,1333128,2929562.0,683805
2020-12-16,3922176,4180106,1211152,1960672,3547981,5908905,20731243,,3850651,15748857,41004979.0,5483434,,1568591,805433,6808194.0,2168763,47336707.0,2595973,47213763,1122239,29733472,4158838,579291.0,7218475,4442614.0,432178,3937981.0,342879,0,3545070,3115576,3497331,779536,507345,1337512,43342213.0,13225840,1002090,547579,,39723194,41690520.0,,660992,3959648,4741047.0,6956165,795992,15126835,12267789,1891419,36236462,242091960,705271,3154595,17595837,11509842,8391266,37230281,821859,3863521,314298,2455066,10735620,,3016993,3447593.0,1085666,5714452,71740253.0,7144798,10553537,2915829,5035155,5275279,12877227,900287,,1688420,2538967,3379794.0,95239,6655500,17528880,625950,18099874,25952682,4493454,949318,3775169,101747957,1804845,5996494.0,1527046
2020-12-17,3086812,1566053,568271,980204,1140932,1816235,10302000,,3027139,10404344,39062373.0,3395354,,1939967,262391,6161067.0,838427,46308612.0,1492491,22499815,642124,23010526,3502604,277826.0,1507946,7079832.0,360586,2330658.0,624426,634,1965246,1102895,2095072,518674,376173,1432330,68796526.0,7948739,310532,552153,,32141188,66542030.0,,333259,996178,2923164.0,2418878,286542,9030295,14973451,1799437,13499681,177087736,431686,1472857,6737405,6876611,9576867,21170760,577574,1468634,205354,890092,2366570,,3385301,2239571.0,869555,2651440,43667315.0,3207215,5072191,1275817,2774229,2778123,17983815,319311,,860819,4424345,1155361.0,107038,3055652,7231314,587985,15560570,21056996,4082860,1133669,2056890,76854673,1021659,4673634.0,803158
2020-12-18,4723274,4175282,854435,1429326,2432211,3831148,21194599,,5737295,15342808,61091622.0,7514074,,2375935,527055,4441322.0,1310035,89654141.0,1385818,36898601,1798722,41686108,3901679,644047.0,5162112,6368602.0,357741,4742720.0,911831,332,2047725,2733175,4174155,788381,333922,1859158,69774532.0,13322332,1080422,1425157,,54415953,22500118.0,,604703,3522402,3376574.0,3796691,380638,12525450,10608942,4710261,25165374,332540166,1201073,8012902,8149071,8708631,17514195,27520612,583194,1857780,4353680,1196564,2794445,,4894026,4117805.0,1540274,5062790,90483435.0,5187260,9989953,2730164,5839855,5483513,14133653,465803,,1342894,4251213,2986546.0,357005,3655094,10230766,1222030,24633932,19822658,7811754,1639390,2984337,79024831,1282674,5389510.0,1264080
2020-12-21,2772944,2317726,684585,868095,1296206,2865572,11387952,,2379055,8255222,62377629.0,4890370,,1194697,319319,2868199.0,774350,74037177.0,3184996,40829620,944657,27154745,3120967,1787285.0,1079488,2933914.0,209966,3294405.0,225730,0,1408770,1207608,11838193,639935,775626,1953436,30196980.0,10263281,387195,429862,,24216708,97647617.0,,526641,915572,1871021.0,3335292,217607,8126825,6630425,2923495,19341221,343560165,324129,3080542,5383828,4943684,6498585,20772881,245888,2601307,589872,749350,2007994,,2205437,3066106.0,1047197,1385734,153227199.0,2208156,6558824,1160776,2068860,1792751,10429999,338313,,752080,4346586,2338963.0,136961,2242826,8847320,359715,17665749,13094225,5697495,750042,1340838,121867125,1289220,3534237.0,814866
2020-12-22,1395206,657395,2095225,972903,770939,1773364,5498496,,2518823,7799450,59502325.0,3957371,,851981,212389,2648130.0,1161335,34301381.0,2367290,30556009,379387,13286247,1924772,642614.0,1126491,1916489.0,156715,3047143.0,150904,0,829642,741376,4534370,242150,370271,1459952,17091905.0,7202826,422818,458270,,25735980,32934593.0,,315148,820079,1385216.0,1847935,288223,17865160,3888626,1523698,9692197,178730216,175120,1859797,3339309,2485440,8477970,17100201,120761,1089444,130552,887104,2508052,,3117755,1632430.0,515756,1925960,37373568.0,1404678,6050196,922276,3657024,1273511,5656490,163008,,1455026,3357920,1798756.0,190495,1900263,4032287,273249,13102123,8850033,3586360,567536,3731293,101943691,1591511,1798600.0,605269
2020-12-23,1565669,1788528,332920,919501,958364,2024623,12320143,,1588406,4956977,82164262.0,3461935,,990953,542537,2293046.0,875540,40242580.0,1613227,19231256,452865,21934614,1651082,247836.0,673355,2257368.0,129889,1531942.0,167712,0,1002585,720327,3991660,339523,206844,947911,16276592.0,5419513,192321,360459,,16310120,48225528.0,,305923,1009123,1934046.0,2087867,315156,6010635,3403301,1419099,16667858,403869991,162969,712304,3752266,2624162,3954459,21247959,278651,1432517,168534,698085,1048737,,1292892,1187030.0,706669,1248696,36332635.0,1551052,5576834,1046211,1117094,2459630,3603725,200787,,436192,2263202,978882.0,55606,2006202,4421851,215636,14684909,13395097,2070396,398985,818245,39000946,590144,1311316.0,449988
2020-12-24,730381,411219,141111,139778,163541,482471,2833106,,744212,1507915,32838786.0,1052391,,297177,214624,282292.0,151630,13991203.0,304455,7797172,245447,7477755,1040930,224761.0,322027,825803.0,35521,1052703.0,20792,0,712226,404354,2173707,229097,129444,161882,5302885.0,2612450,66416,147732,,6514211,21967484.0,,88348,305091,400907.0,758588,39984,2559870,1641958,454691,12551184,269729556,154079,187351,2866102,1233243,1468969,11189444,248895,243876,44924,603926,237766,,600694,307322.0,220453,635438,21508186.0,415006,1519125,249447,612064,555348,1476348,90310,,94822,1182385,477274.0,13168,651886,2929102,96322,7863935,10230625,574090,90633,418649,16668500,1606362,675399.0,202853
2020-12-29,2086421,1516693,640666,488407,830836,2111874,7133500,,2984828,4590290,54336596.0,2553543,,1315418,552811,1749715.0,568964,35554834.0,884504,16292727,742814,30696258,2712361,294896.0,577502,3487630.0,146045,2373964.0,178661,3197,1289200,2999936,3752645,651550,270002,1112168,19808846.0,7180555,394061,846330,,17523285,39474335.0,,350202,820939,2328480.0,2709936,334015,5361055,7123415,1751229,16522883,326575929,348476,1140214,4793484,3834159,4850512,16855647,378624,1367929,290692,830385,1646924,,2379322,2117135.0,815106,1780895,49485693.0,2784840,9475469,1100764,1899340,1895524,3679949,243020,,486423,2836997,1460158.0,136126,2828599,5091919,605727,13185856,14522184,2743456,427417,1639576,42488842,854843,2332521.0,641389
2020-12-30,1282024,608307,201086,688925,639973,1501893,3650587,,2290546,3913273,22973899.0,2478777,,606467,265557,1485056.0,330196,20800281.0,339932,10150000,441688,11609260,1539794,158946.0,592142,1619872.0,103510,1527044.0,127245,0,731372,765101,2031797,258739,168974,745622,11502510.0,4775894,149674,407975,,13055106,24547700.0,,186788,698443,1083011.0,1505006,197526,2926880,3188054,695689,13043369,142842833,291711,676895,3772744,3339428,3134734,10016256,250814,661694,182306,314477,922617,,1156290,1053038.0,582709,1098110,21556313.0,1395947,4265758,1220311,1212068,1326217,2387870,204951,,312254,2173909,853861.0,42154,1415435,2901214,332325,6029009,7209569,2653972,232382,792918,24375751,410037,2059792.0,453505
2020-12-31,1134042,355080,181620,373295,335751,813310,2755328,,1135354,2550910,16230212.0,1433401,,254785,158892,683000.0,297440,19037935.0,239771,10971461,293941,10306639,982775,159236.0,493267,1888853.0,122017,1643596.0,77402,0,695781,533432,1049957,147522,97530,230140,10314658.0,3742666,89864,280253,,10439621,16274185.0,,130923,731127,1235537.0,1322830,146018,2338460,3244870,643434,4542813,104467778,168929,364491,2197292,1249135,2555825,6783322,246585,409394,153459,322869,680915,,1005484,789313.0,284706,837413,15415469.0,1119690,2618064,742494,809802,821362,2696410,91153,,299662,1156455,604658.0,42086,1122733,2103913,230871,5603883,5615195,2227468,140008,686248,18463627,298236,1009913.0,237101
2021-01-04,2856679,1283114,947406,1146554,1280643,2253107,8008936,,4373741,6092231,45934459.0,4649428,,1211832,630388,2440370.0,625230,68541911.0,1133328,19797369,507999,39988047,2922044,365517.0,924859,11743698.0,235660,3189344.0,155603,1053,12424488,4449755,5751894,398193,317313,2182098,47774095.0,7177382,375694,884641,,29343345,61675292.0,,1097610,790358,1181509.0,3593964,290140,8059605,6758658,2643967,14714407,396174544,922812,1013511,4114723,5438469,4506111,24018499,351059,1717709,360127,933973,1471091,,2736512,2208663.0,950682,2197454,79652536.0,3872737,10524430,1037335,2889420,2419823,6288131,296201,,406209,4001651,2117816.0,156268,4753960,4297015,373011,15565005,17228095,6503050,556982,1260036,65629549,814046,2942334.0,709808
2021-01-05,2461243,3175767,357504,836572,871782,1776381,8471262,,2800020,4389098,36696545.0,3664140,,1126563,360232,2602698.0,525874,51679499.0,986992,12605050,443511,26486116,2911578,602644.0,642541,1894810.0,283380,2270990.0,165402,0,6562352,2016957,4946864,651607,359173,1170078,36516581.0,7017267,392787,579351,,18431746,41207339.0,,295748,1182498,1261818.0,3756376,138758,6593595,10112734,1802688,18398147,218145818,570575,729262,5192200,3408716,4923098,17196353,546753,1116465,170178,635688,1469501,,2278695,1526260.0,994089,1416212,96349873.0,2352164,5223109,1142023,2341738,3079802,9980143,212771,,597202,3350104,1361992.0,84890,1578730,4242303,726053,12933415,11204158,3059809,482642,1349971,61428496,849055,4149164.0,1050702
2021-01-06,4965728,3015448,471097,1608949,1286909,11592952,19706003,,2567664,9058315,88207450.0,6543154,,1192745,348858,4582096.0,1001320,86834204.0,1072079,31318439,1076166,32925816,4840926,590893.0,2248142,3014478.0,544086,2869396.0,156705,0,9604313,3445644,4153949,752313,172228,1421424,61745936.0,12970994,564567,697498,,53328129,56332554.0,,636621,2062996,2794644.0,4788808,380833,6123880,10039799,1970778,28877269,397870600,830230,1438923,11647329,5409247,21893161,29701590,704897,3152796,335929,808535,2391737,,3967544,3578087.0,1272149,1984056,36904788.0,3333069,7794628,2365888,2659120,2868162,18249583,648735,,1226472,4318445,2568653.0,112900,15080718,17864455,1131736,23510137,13033412,6112969,682931,2100438,111263821,1055464,4216986.0,902616
2021-01-07,6356321,1353440,582992,1168610,1864041,5695114,11922179,,2874639,6737773,60453467.0,3929521,,1227141,468926,2883733.0,710575,128597618.0,1118459,26944224,893974,24946599,2932477,490435.0,2893432,2023246.0,521199,2875367.0,192291,0,7332542,2566421,4836591,375143,143524,1079144,33548398.0,8396925,637840,743557,,36442644,65284264.0,,402921,2776999,2423771.0,2768521,253738,4596420,9004672,1759625,13924546,200698783,410429,2918799,9864278,8839364,11972240,11875191,937920,975147,345504,2342888,1607201,,3774875,3972333.0,1621986,2324452,49868927.0,5196849,19665011,966329,3230007,3731620,12637268,329739,,655919,4031393,1811649.0,108483,2728048,11924325,1029819,18352100,11120182,8873831,610940,1580528,132830640,676511,3353437.0,1206036
2021-01-08,3253043,690904,424941,956053,1375136,3335075,14601376,,3028898,11313346,35279721.0,7852819,,1634400,367660,36796499.0,698415,78224628.0,1239336,29911073,1441554,21169189,5002280,214809.0,1469915,4115317.0,253650,3471097.0,286179,1192,8987451,1039594,5193146,500869,194428,1425451,28813831.0,7395204,381056,966631,,22570269,50877501.0,,760397,1880374,1763172.0,2361609,411990,4108210,4893359,1581215,14350765,191583629,299349,1438174,6918182,3390535,6236401,15388687,368567,1746676,249507,955189,1282468,,2465966,3884890.0,1179010,1570037,38353998.0,6211081,12810792,1678858,2700556,2829646,8404958,292262,,517669,4156711,2264672.0,104952,2027453,7390777,994622,18153878,14914597,10048016,495992,1393107,144800592,1575533,3144386.0,1265173
2021-01-11,3189243,1387089,391436,887605,1367863,2593980,5861209,,1728696,10655263,97258483.0,3102768,,1005693,345732,3288505.0,522238,37867052.0,734007,20874915,629492,16694337,2002384,536539.0,1192052,2125071.0,335533,3051350.0,254103,1987,7165569,1071978,3065117,449554,189522,2086511,31248934.0,7629132,427646,1933441,,16564968,24192776.0,,315564,1565595,1939631.0,2875627,327337,12848085,6123440,2003272,9358235,153132933,263845,1294884,7054491,8214298,7958277,19119239,529772,2222454,259324,630164,1111684,,2769179,3495602.0,914711,1417390,42569368.0,2996255,8717155,2315417,3465474,1693925,5101102,231769,,702679,5443063,2582297.0,74863,2817190,4309311,746719,13220821,13663620,2831566,914363,1658842,45473203,984593,2727889.0,455066
2021-01-12,2892246,1268742,440336,533178,1252606,2796214,8297552,,2085461,10919459,27671875.0,3586047,,1251606,355863,4124848.0,617501,54675065.0,925997,25672228,867643,19960088,2807634,373759.0,3235215,1799054.0,214965,2752155.0,161650,0,9467288,1712297,2968271,495102,170154,1380337,29337747.0,9750633,376290,457991,,14890862,21772260.0,,361404,1994648,2141961.0,2124093,330557,9044715,16513766,4342370,9245710,158929668,412538,789583,6597763,2859433,5714573,14368758,292148,931801,115071,778653,1395899,,1930051,2470065.0,1246998,1273987,23311202.0,1824506,7711768,1551358,2940397,2123540,8016191,234712,,563225,5356010,1923638.0,106356,2230043,11323833,693678,21354216,14855053,3589785,530787,1317179,57980802,718747,3010495.0,643230
2021-01-13,2091286,902944,1142710,1117963,1022537,5012418,12122120,,3474528,8745157,45710699.0,3642499,,1680437,209781,2863215.0,678021,51923962.0,2264620,20318049,615296,23050834,4473967,574092.0,876335,1990274.0,327129,3128272.0,124052,0,10900645,1969894,2796839,395730,212535,684473,30060208.0,12758771,738527,1245940,,19141900,34447969.0,,594675,1559703,1701831.0,4713867,393759,15496570,10275203,914840,7403050,112024586,687111,880407,10072446,3013811,5738615,11056586,645733,2378290,138348,1924680,2291191,,2517767,5004950.0,1759655,4810257,40257713.0,2319586,11646257,3135952,2750671,1975572,6649949,171483,,1522812,5277568,2365196.0,129692,2173830,6495348,1065860,26093220,19450331,3623438,475219,1513698,79862942,512680,4480286.0,1041966
2021-01-14,3206926,1678478,399715,1753818,1021159,1401605,8036939,,4881492,7240858,29064530.0,3806540,,2363467,294564,3833055.0,498307,48245526.0,703630,28873849,419043,28098047,3387943,199566.0,1195395,2471411.0,439622,3097960.0,182557,2906,4915461,2644333,4448924,339940,336942,621773,59482774.0,18404664,686724,465451,,30898467,98631079.0,,419052,1121056,2196226.0,2291889,519506,8401340,8415410,1310093,10567656,119276836,1163038,1593300,5502629,3730671,8550841,8740955,550610,2601542,83058,1023509,1253687,,4440076,2179258.0,2678149,2284345,29157151.0,1628192,8234833,872235,5631168,1894930,8454360,316988,,321551,3446577,1347217.0,201282,2879323,5850239,550615,19730724,28894322,7573781,538219,1208960,194642208,749995,6643338.0,1462981
2021-01-15,3829483,1242869,452379,895471,1485727,1792208,40096386,,4424316,8375200,44861784.0,3685530,,2454311,265210,8026118.0,498507,44676583.0,1170253,23158625,526585,18587677,1932169,272378.0,967521,2161053.0,338446,6464506.0,217539,0,2331929,1844356,3549193,444718,254676,1352960,52232820.0,8084203,459620,547330,,19699147,68966150.0,,392283,1149004,1790914.0,2119564,250504,6123460,10223076,958261,11607190,185923864,416304,1302414,4828255,3147861,7214106,10992149,762606,2933846,135930,720150,2187352,,3777024,2459923.0,1549138,1941377,35871297.0,2761110,7851026,886517,2682675,1532480,14273873,303632,,715632,4749577,1638325.0,151606,6555200,5775258,500543,17268375,16879037,3262391,854881,5116824,75182881,1142305,2891096.0,912876
2021-01-18,1798727,559780,253445,445498,592995,1117837,4841105,,2403380,3624482,18232370.0,2912672,,1175193,211406,2016288.0,276007,47700699.0,617102,13164810,500618,16133205,861362,245315.0,535363,2365805.0,111869,1339206.0,116994,99,3928349,1360884,2277099,254405,204955,498024,18051034.0,7125364,376641,350697,,8564292,25779228.0,,143178,496066,837724.0,1986748,117760,2119910,5850971,1131844,5299294,70657203,154375,531106,4880453,2747320,2135641,6456011,547070,1558925,259957,728935,1670424,,2061850,1778767.0,1086311,914115,26624130.0,941845,3606599,701329,1545073,814082,4371189,177051,,311635,3179048,1138425.0,100900,1309052,3242116,254530,10863980,6454162,3179359,301994,1017634,78457359,515607,1369405.0,269931
2021-01-19,2324366,997903,439602,1278515,982630,2068418,7772360,,3108910,5904832,39908739.0,2865954,,882062,279278,2363020.0,857721,29146696.0,1706790,13986813,591437,19273163,1902639,227328.0,1265602,1938746.0,298978,2462779.0,244379,816,9379839,1632326,4682356,370851,316342,714689,24296042.0,5537390,280359,824743,,31443356,34892639.0,,497878,1535241,1341146.0,2492026,283465,4029460,6589196,2167372,10951078,163559665,356698,1140870,9139437,1926866,5080383,15093272,394939,1157136,221558,779582,2802168,,2864788,2070720.0,1151260,1724576,51765836.0,2005414,3931852,1803570,1829808,2504176,3932193,468714,,464061,4728156,2249966.0,93071,1741113,9837663,322903,12938068,9677314,2255475,556758,901364,43730562,481282,2775839.0,1404970
2021-01-20,4407097,1679523,490178,776101,1139088,2555502,6720357,,2316591,6044692,34274687.0,2079201,,861131,319559,2245782.0,846711,37313657.0,3603164,13960899,782798,15522156,2994030,372754.0,2625581,2547490.0,217931,1921989.0,277188,0,4453152,1439892,2938667,476409,281750,884272,24042277.0,12248899,492686,880440,,24043501,23167734.0,,369317,1228156,1357829.0,3269418,453521,7505965,9748626,1202163,11618237,177987106,846356,797382,10970006,3354334,6874880,25905914,327507,1057036,132312,758412,5756084,,1921796,2350582.0,1961111,1876135,41279033.0,2910965,6149365,957958,2692069,1866344,4902363,192352,,569134,3785630,2585585.0,120734,3146021,8302296,419787,19141765,11775465,2672540,390387,1696011,86598519,735270,3989748.0,572965
2021-01-21,3092449,1565349,581641,1404964,755479,2056576,10943863,,2370049,5540299,20750000.0,3125452,,2790251,347501,2809308.0,570418,42797551.0,1171863,28432012,412594,14318396,2975482,278255.0,528055,2731715.0,274745,2549411.0,244152,1977,2057857,1776150,4782834,404032,292861,741247,19953477.0,11800010,308475,606106,,24604870,40992046.0,,311681,947577,1836787.0,4649764,212382,7469735,11226665,1292106,16436578,156158062,466988,798641,11038877,5324800,4245922,10127081,310876,1215937,110358,810615,2825339,,3617175,1860987.0,1706674,1631201,45447164.0,3335476,9208274,1344817,7018984,2085793,4847780,208145,,551599,3618191,2294941.0,142171,2108569,6015298,530438,14858611,12481551,3021137,395402,1450936,60742008,1113629,3358005.0,591464
2021-01-22,2539893,1517968,411361,1617314,1269531,1624331,10114879,,2646689,12699880,52565137.0,4646781,,2375824,275745,2495893.0,703483,57008357.0,1309768,44436243,531538,16611410,2787720,304443.0,797922,1682219.0,304442,2075614.0,570099,547,3636943,1747203,8378727,1017415,623547,788823,26370749.0,6434646,249662,430027,,17135283,53935786.0,,366444,1459800,1753687.0,2012522,214961,6989205,5671233,1813316,10053400,185598595,300419,566084,4794018,4511779,3756052,10647722,322660,734306,100646,1182812,2767554,,3397401,1840667.0,1967276,1092904,39661216.0,1903401,6777442,1557588,4823615,2408831,6161341,241067,,441116,3650565,1943022.0,89144,4391319,5166827,352469,10644657,7145828,2352313,607103,943115,56728926,750606,1434995.0,1712537
2021-01-25,5769101,647600,663464,8591821,1247735,4194604,14465551,,3777537,5979913,41080426.0,2440726,,1412541,1497268,2604450.0,654194,66487011.0,907377,29862904,1406818,18085602,4804996,272507.0,995384,2500501.0,447493,6937154.0,209733,626,7344319,1353355,8106057,471950,1067188,821172,39125404.0,6441039,403485,368881,,27757862,77325368.0,,534638,2036293,3736865.0,3679596,294724,5918825,8093867,3108149,14109985,160164594,474433,1222737,5728613,7866000,3855338,18056208,207567,3373769,120214,835458,2025338,,2450168,2312264.0,1152300,1393096,78202247.0,1800295,14773051,1368682,4480895,1575984,7689705,137320,,587754,5398392,1312657.0,62223,3161631,6584231,350153,16435028,8979831,5743201,699504,1983576,54170495,1643141,2451361.0,1215325
2021-01-26,5477044,1488966,1270339,568793,4303353,2356581,16061955,,3357229,14478094,43534642.0,5409851,,989981,258346,2072207.0,900401,43495648.0,848067,21627226,824845,13050533,5896495,273632.0,819871,1928536.0,189335,2127898.0,222449,111,2739690,2527135,8957824,383247,291761,608935,32495225.0,12201384,1258884,287695,,13941779,57248576.0,,590053,1740598,1715045.0,3475644,751086,15636805,5430373,2732472,22702447,115446667,635991,805755,10524556,4084683,5772626,9780804,177943,2273524,130464,656110,5863838,,2710889,2266257.0,2022651,747665,128922237.0,1724379,15995096,1123070,4230674,2048741,12548320,263057,,471738,2922846,2265067.0,86180,3410977,6127670,568570,19906681,8052114,2197587,760959,927557,73027114,853646,3573903.0,2330162
2021-01-27,7753337,2073727,560471,1599192,1873430,7884926,12908214,,3983116,7763191,71178352.0,5226642,,1366336,538837,4450789.0,958410,56403948.0,2024286,42441192,806829,46167434,5137477,309727.0,2217138,2585703.0,246695,4845528.0,295868,768,5980115,2478613,6058996,355304,1134843,3901219,74629866.0,9247425,566303,669528,,42279943,50616868.0,,691246,2163713,4640694.0,4317958,823445,12710080,10626674,4047861,17470638,261696512,677692,3094020,9248662,8776492,10972484,18180550,786120,2254313,213068,964736,16095337,,3435144,4523754.0,1571336,2768299,58815581.0,4261300,14673766,1750458,4121848,3138466,8293193,1092119,,771277,4344633,2859814.0,154499,5959340,7592608,519460,34106615,19330196,4824997,607746,1554009,74096717,677953,3205975.0,1631519
2021-01-28,3265468,680017,397482,1413374,1468787,3652457,13369071,,2654940,4928456,51994502.0,3166640,,2105121,362570,5860910.0,681066,50159927.0,1251659,24887432,671707,39473138,4419234,202060.0,1295432,2941413.0,901010,4927533.0,242249,4358,2650202,2160660,6453076,406069,414618,2988541,43781112.0,7836487,427907,521027,,19922592,53829475.0,,428836,1459891,3211826.0,2982515,282602,14482020,8460211,3209264,13843573,230268973,706732,826855,8540854,4489154,6305548,15507437,647833,1876165,235914,2662782,6214320,,2455712,2714365.0,1051122,1919796,56342260.0,3755703,9514243,1892699,3539718,2277564,26670437,332641,,1645131,6000325,3480728.0,63008,9057345,6944230,372781,20685575,12423480,3141155,745097,1183994,68367815,817402,2768162.0,1325876
2021-01-29,3278904,652401,693121,1009861,2175404,3254001,10690063,,2802519,8668533,35497911.0,4899285,,7082985,395746,15926166.0,1286014,37482798.0,1006195,29185074,495520,57997059,4231765,465330.0,932106,3400047.0,390670,5418354.0,248830,3400,2758038,1939689,4043772,512683,534716,3045373,37390850.0,10518781,654276,736897,,30397410,44891376.0,,1024391,1670252,3035053.0,2425601,422254,16055160,6245173,2473893,14250038,203699900,901939,838278,11250346,5997668,7943014,23008714,265513,1313639,162041,3111261,11318414,,2825534,2330224.0,1251140,1782269,111939875.0,3457017,12513332,1603235,2895196,3029424,9794785,470534,,1483843,5824697,3085944.0,123489,2710163,5526450,688721,15750480,15950438,4542169,1026384,3041351,50026307,559472,2723645.0,1896322
2021-02-01,3879466,1853789,442109,685344,1199700,1755617,8250268,,3269241,8034669,29645822.0,3971098,,1276105,301466,3187141.0,408268,63605096.0,1238979,18880307,384877,16887777,3166943,271254.0,1357824,2648921.0,234620,2117562.0,255144,1778,1970667,1735183,2816782,446818,204817,5802424,28473820.0,8258867,381300,738614,,15826568,25330634.0,,336453,1567181,1749102.0,2176854,199070,37614000,11277265,3296418,9145627,232310879,787523,1133571,8703053,4212610,4266353,12014996,210689,1600727,182706,593872,3323361,,2833158,2175469.0,703821,1715028,48381135.0,4399288,6477956,1121564,1962748,1935411,7444503,585351,,911524,3973506,1718926.0,111700,1579256,4175329,345539,22606857,10654985,2624946,456078,1983107,66527643,601788,3323594.0,1294944
2021-02-02,3084917,1406224,334275,698923,959058,1649363,10837421,,3016614,6208619,34967416.0,2745980,,1860184,242894,4004277.0,679321,127749256.0,1284840,38319126,602241,26054048,3253770,261901.0,876282,4498674.0,320420,3114736.0,124670,0,1787294,2308125,2962706,634010,230381,3219749,33595612.0,5301508,430203,533789,,14652650,36226292.0,,586940,1332743,3583684.0,3912146,574147,6649785,8072819,3773912,10787164,139364758,599281,1047660,8168470,4105937,4899347,9563890,307312,1166127,158198,459813,3431267,,2788464,2447842.0,819907,2427583,52354916.0,6546789,10447071,789135,3076780,1916034,85357701,287124,,1084680,4218383,1378971.0,79868,1882202,4391735,444482,12779731,7605095,2326544,471018,2188259,43870118,557260,2476035.0,1849934
2021-02-03,2614787,1324378,296985,567629,966924,1419115,14354807,,2455388,4553716,44305349.0,3089083,,12778318,225591,1921904.0,550313,72784840.0,937649,25577303,553663,21536825,2983153,182145.0,1146214,2563539.0,235350,2450332.0,284278,0,2558086,1916414,3563801,455067,239574,2593771,37828960.0,29539967,402504,371479,,15630586,19099936.0,,458123,1189098,2501548.0,3136031,168106,5699415,3700490,1764366,10761016,159443235,571880,716556,4969778,3865411,6013270,11064018,249170,1415517,99374,970991,1997050,,2787134,1843932.0,793804,2931651,58482797.0,4966534,6809177,1104311,1615778,1554854,7789267,222306,,478091,4422779,994137.0,45336,1852757,5245972,499819,19936417,6087783,2803249,1822552,2120574,115880353,568363,2143713.0,2241279
2021-02-04,1808378,1228495,339622,1008852,774672,1787427,18777861,,2098692,5061852,55719232.0,5871977,,4065159,390610,2288247.0,533681,69690819.0,724571,49764197,1001331,16317698,4448709,334272.0,1400614,4576672.0,317432,2218591.0,194214,0,2721242,1731496,2790317,477663,440580,1761964,36200286.0,17595240,1203589,462140,,19801539,31132365.0,,490042,1538268,2493844.0,1915754,202439,41562565,5284023,1505116,18624623,412023812,436200,591878,10953293,5012616,7098792,26773068,219360,1143838,134148,947647,1862634,,1655233,1633600.0,1101201,857119,43147170.0,3993136,6966594,1536335,2937015,1361314,5793604,249392,,633421,2820517,2185141.0,144849,4050063,5648144,688018,18100784,15387859,7177483,1368674,2778595,103651119,434641,2006087.0,1185634
2021-02-05,2868523,1268953,378324,813207,2002909,1759021,16093956,,2527456,5887336,61896323.0,4116672,,4426742,571214,4405508.0,556662,91285362.0,1175810,27113645,1153044,10080963,7695202,218081.0,873761,2036373.0,374176,3688673.0,203594,0,2256481,2183689,4493093,399889,470244,1425649,49851437.0,17359960,436601,890233,,32313469,49109243.0,,560330,11528893,1779124.0,3004132,895662,25600310,7143157,2693989,23578611,380657321,873182,728984,5892063,3366807,9145898,28179699,391905,912175,395949,1241643,3858657,,3462153,2785660.0,1870606,1916356,47764367.0,4156166,7755120,1740611,2970998,3730897,8049875,378204,,703938,5673494,1702384.0,86202,3149890,7022332,646226,32702082,13184706,8207484,1006649,4265768,91159080,304139,2029275.0,1469805
2021-02-08,3176196,873794,235887,565273,1486556,2579225,11003234,,2161268,3868043,43942144.0,2358171,,2447612,458831,4217433.0,674388,77358530.0,591048,34510150,701920,40379505,3450676,181338.0,534781,2810061.0,383289,2737690.0,174820,0,3227524,1875900,5022644,458243,274547,1136900,32787154.0,12527364,461419,1211618,,29504175,38605253.0,,607956,927217,2822072.0,2546701,165913,81020835,8352187,2263003,15298952,286839716,872436,1299353,12594808,2881639,5859712,21212352,250100,1094300,95391,565388,3435585,,3113194,2286778.0,844654,1663095,40071772.0,2550213,4872825,2037811,4646383,2252410,4950892,400557,,774621,4443624,1561972.0,111287,1787532,12051984,386344,23792454,11082677,3493503,715674,4754635,70035937,516107,2656160.0,909044
2021-02-09,3456512,679285,431529,516045,1022535,2747358,9186374,,1672152,4693729,22036215.0,3612638,,6433695,267248,5892990.0,706845,65410333.0,3038825,22903568,476318,11915293,6460526,155703.0,1162573,2664513.0,479525,2102192.0,885120,0,4420727,2257553,4034137,523794,375692,1071609,26408784.0,11683826,1101220,637513,,43412309,39123109.0,,450470,2087538,2183391.0,3273915,306812,12145980,16330399,1427847,8641239,129770297,374003,718156,7263060,2014168,7309063,11576890,501199,1618571,114051,592901,2023822,,3150205,1946516.0,1112558,1261963,39344590.0,3954543,4150101,714994,2101203,1599363,46397499,444315,,602025,4185037,2129071.0,128123,2290585,6817722,999934,15585442,12252499,4500372,791987,1959946,32656794,623914,5989322.0,468011
2021-02-10,4896787,592626,382179,851558,1786691,3679849,11056483,,2047837,11327282,30458652.0,5538966,,2717958,571618,2978199.0,2334338,71473243.0,675546,33685577,747393,34478035,3607027,326261.0,1451140,2335048.0,278063,3745613.0,138787,254,5664789,2586281,4481892,394367,194099,1298627,61842766.0,12718080,647188,391257,,15922602,67121686.0,,1441237,1158381,3010330.0,4339231,308166,20227035,11368452,2342058,24271906,177399859,599761,1689764,7922051,4722392,6307025,14772474,273385,2524379,95611,1313389,2471241,,3685765,2509572.0,837382,2912221,96274619.0,5079931,4118804,751411,2057874,3266446,23854049,559434,,554898,3320327,1742315.0,109358,1854620,5818302,569982,16321207,23160735,3341610,585720,3638450,99152076,1020954,18233088.0,1360358
2021-02-11,4125124,462457,314673,436568,1296619,2167730,4933683,,4709264,4521555,23145752.0,2602611,,2604184,652558,7687006.0,746367,64183771.0,985606,18064550,1470199,11472480,3440437,228886.0,1247343,3253509.0,150775,6401655.0,188126,2800,5950158,2194471,3040914,462641,183459,950783,30177758.0,10878901,605732,467817,,11963996,30831484.0,,355583,997536,2575928.0,9655469,198777,7887130,9142967,2173225,12528387,213707092,624802,649857,7143222,1752474,7516244,14200598,305520,817876,131056,911349,1623256,,3811753,3005561.0,854705,1963673,38191008.0,2778558,5406324,716411,2356946,1629519,8767568,795186,,531216,2820440,1565271.0,54840,2460803,4097164,722219,23796041,13251036,5627625,564120,2325746,76325608,482659,4273908.0,1625717
2021-02-12,3109728,678757,368391,478339,866153,1915997,4349123,,2896751,4392999,29981925.0,3634028,,2987249,223361,3383797.0,367820,36714525.0,779830,16729304,936617,27217894,2293435,188466.0,858242,4648707.0,332638,1789735.0,203249,2000,1631233,1569061,6262408,330107,139675,1054394,21920398.0,9806122,381100,337289,,15552548,28134596.0,,242037,747316,2251619.0,5991898,223049,25629030,6384389,1017469,14067055,135270378,336776,680921,4788608,2845462,2988866,13097399,471948,1353513,156102,377679,1973850,,3580843,1616829.0,706550,950887,27054558.0,2887308,3739086,653935,2930100,1400839,44010701,254962,,609696,3685061,860154.0,64978,2312284,3846001,420391,28122480,5729778,3519136,677539,1821380,27523671,542923,1960938.0,630890
2021-02-15,2355867,1722506,314404,655396,917303,3580386,15027010,,2452965,5124702,109807959.0,4141871,,4625560,240716,12939084.0,490617,102213508.0,733491,37446832,1268766,11450973,3142332,230723.0,1672195,4191222.0,253447,1706769.0,187252,0,4624250,1735239,5641098,486527,232263,1834584,32659219.0,6616570,260087,386801,,20588851,37959332.0,,334741,958256,2175336.0,4403421,251325,17815815,8821162,1758190,14504078,290453462,401688,1199117,6109386,3894747,6277782,15530879,625027,982267,441992,980781,1282386,,2444593,1601385.0,963413,2401709,51964728.0,2909057,5773173,1072858,2033916,1351173,11597154,243168,,434408,4686726,975001.0,87779,3547225,5478591,632732,18689319,13822558,4199274,560455,1216496,43163841,437341,5156548.0,1494963
2021-02-16,3231335,930365,362271,410086,1322046,4592752,10022580,,1537830,9692834,38397229.0,2095514,,1453311,232608,6353874.0,288808,94624303.0,1026559,14184551,341916,11191573,2645022,248696.0,1696011,4512399.0,194386,1784450.0,298448,2000,2017896,1303026,3677854,514308,209412,1508309,56131231.0,6597898,327430,317628,,32478957,42029698.0,,291385,1177944,3444521.0,2198016,101917,9370205,4598073,2746236,7501680,247123172,457780,707584,6142502,3092954,4955092,12469510,167765,661922,153188,790509,2184886,,2545138,2337711.0,1165188,1238414,61688441.0,3953818,4252063,899899,2339147,1701206,9320703,458774,,364805,3492164,1238333.0,101263,2616989,5523901,692512,17095380,10871412,4173794,687119,1397558,41265961,552637,2440196.0,647681
2021-02-17,3406525,677505,580016,909399,3835579,3783425,8817917,,2090098,7123094,33211246.0,7566808,,7116120,375560,8320068.0,656973,69601073.0,1719748,21142415,734155,63756614,2873394,217305.0,1373665,8618543.0,217323,2852357.0,533776,299,4838144,1885345,3712486,405755,150244,2246150,49768475.0,9589633,393982,522227,,42302915,30567879.0,,314296,1243591,3438734.0,3965297,329292,14064085,12511808,3411886,31458970,172194425,671190,819645,9997996,10239941,5383945,75334971,152729,909520,159456,514567,4016469,,3242645,3639887.0,1244665,4672396,56930121.0,1688716,4006851,694070,4117922,2357310,29614914,165981,,389777,3724971,1801016.0,62627,2641473,8785022,987185,23369584,42088258,6471591,966521,1246245,47638528,1970139,2310616.0,628613
2021-02-18,3043404,883984,386706,1044113,2065856,3058737,9455207,,3103690,6443703,91617217.0,8239312,,1473233,330097,3694147.0,463420,59756797.0,1323804,22172089,341597,24533340,3329242,214559.0,1301743,7590777.0,239145,2805425.0,300893,0,2237171,1669625,2319982,509702,172856,1211995,44597126.0,13863623,469066,677061,,22011312,41238533.0,,462816,1087219,2448585.0,2617719,302735,22243745,5827272,1453430,8229267,270616682,522816,1205671,10036763,2936286,5861471,15786407,360376,977962,179991,468184,1667132,,3179488,2732055.0,772017,2196882,57722418.0,1738260,4947640,733911,3494177,1939663,4961084,196226,,627114,4592538,3508395.0,104008,2350870,10559890,712968,32427288,8400416,4968757,504315,1488471,53348578,920818,2943383.0,538272
2021-02-19,3129396,988837,515269,1104993,1842605,4585218,8835283,,3463584,7538980,60807468.0,8638657,,1795728,304832,3289075.0,949763,84957417.0,946512,27492666,577913,12923455,4073191,359245.0,1472203,2484587.0,175642,5557564.0,275176,5144,1616930,2772796,3974795,345151,126459,1465991,100512210.0,17699004,600397,462871,,24541348,39139910.0,,542676,1542105,2324946.0,4467255,381334,14751850,9749295,1947483,17251629,225045181,701707,1503419,5632522,4097514,8702354,24676906,319897,1158447,167423,693710,2300354,,5514866,3167418.0,2064008,1721261,75707351.0,3066110,6547627,724282,2609620,3001849,25294247,258722,,697553,3979303,2264348.0,155181,4528184,8242423,359187,38068098,13117295,4871074,420607,2898455,78337747,545978,3070289.0,684495
2021-02-22,7623055,1911314,444306,495240,1702675,5120596,13579765,,2518774,5161144,30215704.0,5564212,,1470640,383182,3519003.0,540657,76247048.0,724648,25170093,657607,11948038,3969046,400620.0,956677,2973655.0,220097,3030182.0,428471,1131,3999448,2539564,7492263,397745,184710,2153300,51692647.0,15174950,308879,591140,,26100864,85374852.0,,796413,1188866,3582128.0,6440511,256737,5329525,13615322,1403908,9358193,153693215,1105981,943564,4962751,3006661,7591777,18855847,190323,1768254,138555,719460,2221176,,3357469,2798967.0,2166125,1799691,82699712.0,2968780,5327984,1729335,3449036,2713434,9211653,219580,,391721,6345937,2647633.0,227451,2436600,4980486,531325,23721639,20564653,3529525,501356,3897204,65574957,458305,4629124.0,724863
2021-02-23,3863055,2017107,2484262,622124,2354763,2347138,9581724,,2434121,14480890,68232394.0,5245806,,3265872,365668,3537728.0,1119370,113795489.0,757907,26348255,531984,16735637,5125388,282505.0,1083250,3717419.0,234494,2196324.0,654526,0,3101402,2527200,13301197,533529,280533,1777430,101036987.0,10923425,572027,940251,,26381160,87087323.0,,1294812,20865890,3849608.0,5394146,732832,12420370,8080233,3338469,10411035,311824333,1058760,1236677,5268390,3947801,7671730,21535184,327819,2254916,186191,575571,1814691,,4516184,2211586.0,2234767,2604512,130456618.0,3139758,4591679,7722041,6187876,2784442,8364367,612530,,439506,16347974,2454137.0,320354,2388482,8732333,1045928,29415852,9778783,4285036,1237649,1464910,70890192,1012330,4095774.0,1372842
2021-02-24,3927303,768695,354418,845680,2811664,1642449,8941314,,3921728,9793706,83564176.0,3791896,,3213432,367324,2751321.0,687260,93109121.0,1020968,44837435,426767,17751544,3442691,292455.0,1119071,4179888.0,225112,4148269.0,349462,100,2948197,3874749,7153432,491500,259745,1488521,34699330.0,11249875,649649,568478,,22364322,56759171.0,,817797,987596,2826450.0,3288964,359810,17806370,7430443,3415569,13245424,486094094,1221389,932322,5542080,3192449,7664411,15854314,231247,1331375,169366,1038760,1301554,,3274303,2461587.0,2630304,1464710,58165274.0,6588985,8827682,3075047,2245306,1902594,24870653,823979,,889520,11033266,2972211.0,145273,4502042,7849416,523978,37125979,16579361,6011850,717075,2489990,100284878,774145,2926709.0,620549
2021-02-25,4342666,1220635,540426,828645,1473864,1808425,10174385,,3561144,13739561,53517314.0,7512291,,5549738,613420,3231611.0,679751,81321149.0,725643,23757104,407435,59537892,5192647,182375.0,954832,2397194.0,264527,2379566.0,339766,1009,1745953,2313645,5607631,641316,259642,1786884,38985551.0,6889781,1967760,442048,,28806605,56841615.0,,512711,837627,2291389.0,4561629,215038,14682055,4049948,3868242,10399733,301035350,728196,2492571,6278466,3312010,6358898,16722332,173018,1483195,129426,744706,2346737,,4141916,2994080.0,1603334,2914194,81938484.0,6375363,3520625,822152,2197533,2526218,17251914,344726,,508775,4609241,1599038.0,106589,2294341,11214849,628669,24838232,10238027,3333102,954113,1893792,62773095,1458784,2809861.0,927760
2021-02-26,5755177,1519878,1360479,1323032,4018986,4402522,21937952,,3965074,18375219,81184844.0,10406905,,3431290,770538,2840550.0,1339949,85542566.0,1482572,46521720,1632776,41643397,15942617,451646.0,1932839,3612683.0,487078,6648361.0,465319,900,8452239,4019237,5630522,833800,305631,4371409,63064669.0,12123023,1397806,1139370,,46520447,67519965.0,,729119,2331336,5710348.0,16348380,425179,18615545,11370388,3356256,24368795,541710054,1521699,1663498,13169480,9064250,13225040,30947522,467974,1745490,445958,1986677,3347589,,5682135,4295934.0,3007445,10546075,71533590.0,6087069,6926332,2025923,3987581,5156342,18337876,489456,,1263660,11278661,3526149.0,197715,4192059,14169105,1936670,71998107,28487998,8123149,1599036,2594245,117341835,918600,3872541.0,1142291
2021-03-01,3039226,2224862,427565,1034633,1922018,1915778,6643951,,2480464,12076090,47114977.0,5074721,,1376336,398791,7933038.0,1059097,42542178.0,859815,53864402,463947,30160195,5729768,253518.0,970754,1992167.0,216008,3426783.0,669392,3447,1778391,3440381,4761755,645899,400245,1497970,42284741.0,7603177,564560,536806,,22514919,54121988.0,,479458,2972800,3564512.0,4494141,332745,8542415,6546117,3899698,11430108,162494230,699331,1116028,5793914,3608297,6175878,11161748,196231,1206314,225779,3102126,1192540,,4559664,3394454.0,1208964,3595543,48409647.0,6841102,6684686,1376035,3499048,1850010,12553166,310081,,584695,6041169,1865278.0,116171,3055185,10808301,1598800,72887018,23692221,6932541,445782,2903404,67165401,905076,2080764.0,1090590
2021-03-02,5202268,651384,477900,1870013,2000450,1564073,10356308,,5440668,8182311,31296043.0,5309386,,1277346,433519,2136405.0,923570,42466979.0,2205073,28502290,749725,27539827,5177069,365992.0,3079971,4713946.0,185676,3221729.0,884859,0,5417737,2301243,3320884,622879,771153,1933819,33742994.0,8536692,442646,470460,,33604121,82068642.0,,351907,4055571,1990913.0,6079854,697554,20347165,7931082,3546300,8864602,158880732,875390,964130,5447384,5397053,7730413,9745600,239586,1452784,308561,1372863,2953021,,2801624,4233143.0,1614277,3342817,27420410.0,3534758,6729561,1110023,1966968,2089338,13652467,234048,,384691,6007016,2300733.0,207963,3227798,18248071,384317,33512742,27545192,5636858,731350,1736535,72446804,1656686,3804742.0,523651
2021-03-03,3883910,1249940,722835,1155752,1602574,2983893,9263793,,3509730,5917000,86451554.0,3127646,,1675168,522844,2532186.0,895529,52751425.0,625958,45595629,463667,19147496,3910799,373912.0,1470843,4194489.0,241097,3560612.0,355485,0,1838778,2335447,4927375,755644,357836,1916362,53284663.0,9191958,783270,738583,,25977899,52116711.0,,446305,1116504,1955067.0,4154588,283155,8628805,7237865,2374248,16791021,303428714,733447,1055378,7743606,4773251,8747335,16461956,299524,1717499,210285,1692814,1542717,,3220769,2559286.0,1360399,1950983,42463056.0,5115606,8961790,1242382,1785149,2849826,22437552,412007,,883253,4643115,2344570.0,100194,3281383,13241050,590745,26731910,27894717,4610580,997603,1982418,57082549,1931110,3407428.0,969715
2021-03-04,4240749,665654,1400419,944022,2636398,4069652,24061653,,3965042,6836460,43262872.0,6982071,,3020889,320503,4131903.0,731132,59360830.0,1056742,25863950,514609,18644567,5176052,347349.0,2572138,4125614.0,636694,4014719.0,395492,0,4957742,1813346,4176017,594796,277162,1446799,42557105.0,12731841,474288,1296903,,23702449,55794349.0,,860274,1435702,2571491.0,5082077,280571,14240225,4380404,2280024,15897109,270262448,776405,1242546,6594228,16434616,7868067,16920306,218026,1799784,201247,1402173,1329415,,3207319,3800801.0,1818586,2246898,42311956.0,6749194,9397882,1814899,7682376,2204034,17057630,408605,,533622,10324984,3093070.0,235610,6604067,12853409,438265,22674506,18444339,5701146,668368,2101032,78968047,922343,3807197.0,977298
2021-03-05,3847758,875760,840932,898169,2313184,7117541,14163758,,2900654,9785473,92300565.0,4230297,,1377462,418645,4552665.0,666579,79113852.0,1252443,49325247,596418,32015256,3869608,281015.0,1981848,6834662.0,306904,3313839.0,415149,2000,3057576,4791285,3615040,462429,458247,1994283,38165625.0,11158029,415635,724824,,28806313,48378399.0,,470792,2921897,1963499.0,5287243,823031,8821075,4450463,1655504,16334974,311713141,2621964,1042701,8869795,11443635,5403274,17660298,298247,1863464,335209,1275056,1954045,,2601323,3294840.0,1362760,3657334,60860191.0,6121370,10603533,4047870,4339061,3792185,22191172,628660,,607774,13131682,1823641.0,163270,3171748,12223073,682959,25302384,10974347,5136509,499093,2347631,59621212,804955,6601929.0,761623
2021-03-08,4274912,1695400,633848,719443,1367000,4163749,13886365,,2465768,5753246,84993372.0,4423692,,2671259,404987,4315788.0,1206845,54714912.0,1489298,31081638,481101,20435962,4995811,358674.0,2013231,5207906.0,186027,2707634.0,226343,0,2697818,1619438,3622123,674326,280799,1406297,46407508.0,8810721,300872,505521,,28111104,37040350.0,,462124,1368159,3906328.0,3660852,727268,9135635,6429440,1812756,14526633,289188721,2007160,1144042,9279555,5879330,5813072,21118233,275787,1496533,169643,1561755,4637351,,3624653,2786311.0,1332920,2542852,102980391.0,8972967,5325253,2766776,3432767,2289787,14688694,1305269,,468215,19241237,2129972.0,130939,5722207,12398459,1014310,23463957,17664763,4484879,498763,1580517,70133883,841443,4334494.0,1025018
2021-03-09,4861901,963380,698840,1655524,1789230,4040453,12038439,,3075466,8589111,98181786.0,2776260,,1517762,564879,5467193.0,1971143,48901741.0,3499342,25135604,774760,21084822,5112651,282120.0,2329416,7092148.0,617549,2676852.0,346627,1091,1413764,3577800,2172217,506972,351318,2321638,80408478.0,10599713,785521,662960,,24713798,36978742.0,,437696,3320144,1924304.0,8153605,625686,13764425,13168266,3178786,14329950,275427000,1767486,765238,18186476,4965913,6046054,11702287,559556,1067395,135259,1520616,2950231,,3963151,3471763.0,1625861,4610055,45799454.0,6350296,10010123,1957558,3597514,2751680,14236898,306591,,706232,10361056,3495816.0,137092,3683962,12146515,1033562,17509296,14185672,3606937,475006,1912516,93896343,1249314,5879857.0,719897
2021-03-10,3225875,563917,570103,1063316,2850985,4911384,18371137,,3741793,8492946,42147591.0,3225535,,1159746,284835,2374888.0,729117,45089517.0,1935661,17499684,341926,20554267,2939112,253292.0,1214509,4705524.0,115251,3153874.0,115036,343,1788046,2294376,2814756,553213,259477,1220155,41215229.0,14922999,498552,571312,,15073056,21470017.0,,465026,1340839,2177006.0,1728951,324362,10690465,10060486,2562984,10321661,156387940,1210903,779808,17656309,4233012,4224837,6613216,258021,1442547,184496,1200587,2156738,,2400705,3481893.0,1319898,2170051,61019940.0,3993252,7114356,1841752,3345103,5337227,8027675,270421,,485982,9525906,1543352.0,126292,3088776,7890710,364358,18970902,6966596,2990686,671125,1509877,113199404,820844,2595781.0,543905
2021-03-11,6409470,525499,548320,824555,2348301,3092903,8386227,,3617643,7238159,101975567.0,5683813,,2486952,253981,2851786.0,905631,39594966.0,807458,13104218,422173,20099985,4182591,193404.0,1252549,5789987.0,147512,2168327.0,155989,1028,2109975,2505435,3044174,415887,296970,1387272,48876957.0,9582809,325764,698424,,24306145,24204309.0,,320899,1179015,2199298.0,3230135,237019,8262495,4691124,1288530,14618393,149291863,1321609,768460,8478886,2934308,4702949,8812026,230387,1291461,135969,999308,2142394,,3552164,2821734.0,970113,2383693,50945720.0,3315010,4894733,1758052,5347739,2242935,9408522,439107,,597701,5729632,1261557.0,143008,3650529,8988056,606277,21932220,7115205,5224782,569406,1521266,78585236,468429,5670667.0,867188
2021-03-12,3031341,491108,314159,694904,1504079,1533072,7741919,,3044203,5629227,83424067.0,5317010,,1651754,745719,1634529.0,606052,29485852.0,2724446,19506948,572120,34248397,2977095,171648.0,891606,4985114.0,253789,1857472.0,213064,1335,1113088,3450729,2964164,529771,251505,1332508,21927249.0,5884854,378282,527132,,23815506,28170206.0,,278795,915745,1302540.0,2357626,182060,8932465,8462567,1024862,14068624,169006682,1156431,831836,9262675,2254337,3730129,11714466,211491,889812,127151,785479,1246624,,3386736,1780208.0,971339,1968996,40282876.0,4008224,6486501,2048352,2446718,1757639,6176877,181761,,517937,6052293,2029839.0,104169,1926537,6886142,260492,20794387,8185455,4977075,566382,1540284,83521592,1233348,3511352.0,393910
2021-03-15,7355028,710279,306007,1413682,1177924,1844150,9719933,,2798398,6314784,45420351.0,2778057,,883001,349466,9566405.0,552683,36594480.0,1029506,42455188,259800,19473914,6532944,181570.0,934331,1949430.0,219952,2070818.0,100147,2172,2976235,3225430,3220401,419467,140156,1128990,26476593.0,9985685,237946,657435,,19927579,66835756.0,,495227,1703208,2977521.0,3197109,214634,6656620,9015716,1687886,10658273,195027863,1302026,1027950,21912867,6452837,4099641,10404913,290227,898990,189601,1449914,1843344,,2783517,4735454.0,1301840,2416424,64553483.0,10599835,4118459,1810241,2707448,7705966,5275718,402606,,629068,3984408,2242283.0,115445,2139343,7099140,394464,16664861,6099884,3650715,806640,1056940,59867555,931888,2785213.0,463861
2021-03-16,5317733,1811072,450725,785412,2234009,3150539,14890490,,4760163,7204854,74878061.0,3412341,,1366330,615594,10782272.0,910787,54169289.0,826226,40171004,416814,21137981,4884855,425761.0,1464158,5596989.0,246922,4598979.0,228127,1594,5448123,3484713,3902814,668280,289005,1627525,68895478.0,9707067,559845,628094,,37983724,36751760.0,,466549,3624563,2886212.0,3203827,638707,30141770,8847997,3385055,32946857,325544367,1786371,804552,11680557,5141183,5270281,22583000,1071004,1128207,127438,1707532,1632572,,3327165,4439789.0,1397575,7628067,75769735.0,4547340,6426392,2516376,2769535,3210100,8060152,745673,,848057,3497996,5463354.0,124268,3887925,7668178,581151,19376235,12661994,3864891,967592,1457918,122349728,771739,2123696.0,1249647
2021-03-17,4211970,1691732,443873,1941819,2186789,3411415,8572431,,3490906,9191281,85698077.0,3853615,,1148860,469555,3530266.0,636505,69755338.0,579966,70594647,605009,54517270,3985878,327291.0,1450856,2805649.0,145630,5497806.0,744974,3208,2081008,1862460,2189385,700451,207304,1933813,40634459.0,10643088,407395,516913,,24330254,24499495.0,,417750,1981028,1964043.0,2986655,610133,21761950,7754922,1468980,20588733,263694247,1543396,760238,14133201,4533979,5458181,14027610,232726,1297193,138303,560948,1510708,,5172642,4085210.0,962515,2214264,74363709.0,6426747,5894729,1453264,4802441,4126816,13002054,399454,,498720,2957089,2805638.0,98087,1760683,17029946,472312,27686268,7575150,4205066,729562,1404541,138637233,497740,2667674.0,627425
2021-03-18,3877417,567854,544776,844189,1532314,2433106,8920734,,2289202,5658940,47424759.0,3015753,,1440128,565468,1426476.0,780743,39066697.0,866193,41889262,702135,23943719,6567610,286324.0,2386362,3394434.0,274190,2818480.0,238147,4131,2550836,1566686,2077140,685799,185227,1527263,39951317.0,9761350,480451,668162,,26913400,31891265.0,,443543,1536749,1707354.0,3712069,287267,11961875,7596354,1891186,18093417,252168435,1661431,831158,9573126,3087465,12989222,26401026,794727,4221897,129049,922824,1363903,,3555388,3306210.0,873717,2296592,59445940.0,6512245,4457802,1344976,3103058,2926299,6567380,384198,,579405,5900655,1514374.0,152904,4133349,8966362,790360,15496894,6398050,3356048,1042837,1648311,53616380,941527,3994066.0,639095
2021-03-19,7445623,3124902,1137804,3958716,2917289,5776686,27795206,,5123972,17542489,133130758.0,8040195,,2306936,1002872,9101702.0,1368224,129349678.0,2206050,83576919,1020326,36096714,10628009,593011.0,2904772,12390798.0,923720,7263940.0,403276,1400,4858593,4757246,5651913,1081138,511495,4549049,70242260.0,20853812,853575,1803183,,88043442,48108259.0,,1158533,6464514,5784814.0,9283029,561359,17597430,18797599,4951461,35627461,528920741,8135308,2369287,20017821,8779899,19169593,36331491,752731,4463102,350512,1750139,3628750,,8078933,6389257.0,3396625,3495387,86618916.0,10812567,16746868,5470076,7648492,8394747,22109577,667002,,1845062,6119720,6352122.0,362547,8695892,13688028,1524999,44776976,33919915,10507522,1620435,5104940,160360484,8985436,9972026.0,1658045
2021-03-22,2594310,500935,291460,917706,1164106,1273979,9116632,,3091682,6488630,102678713.0,5791017,,894899,337438,1378545.0,579426,64448673.0,829763,26599135,584602,16034646,4013754,586071.0,1626333,3909251.0,303211,2026403.0,132178,2257,2325531,1080457,7380687,398000,209925,1295501,23454126.0,14504637,288501,731375,,30841465,80696455.0,,494958,959595,1958200.0,6400435,239594,10854135,15988688,1400008,16270915,220892629,3063642,915168,5113679,3690955,5532378,22815715,212014,2261174,116806,762686,1062379,,4678726,3316345.0,1649338,2501785,73655650.0,3392195,19686569,1135129,4388845,2024384,6573360,200101,,551440,5554131,1223904.0,147549,1381830,6639454,783340,35055991,6151608,5722482,496837,1737582,95358636,788805,4915165.0,1393806
2021-03-23,3614048,1894347,516087,799362,1627818,2406363,15005816,,4635566,8341789,111007236.0,4288049,,847512,294665,3641720.0,978813,93977665.0,1150401,25205195,551502,27761047,5446205,340089.0,1125413,3036377.0,366195,4859160.0,226106,1440,1477409,4220215,7654174,439686,229074,1311727,46934106.0,19926311,380440,1211308,,44358201,69446475.0,,584014,1383478,2162869.0,3732078,653113,7274485,7920682,2184905,10239818,256548257,2604592,908743,6441015,11124929,7548250,16514669,454490,1417912,67935,1029322,1509369,,2979087,2792234.0,1673740,2253463,81043170.0,5236089,3111401,1124394,2777224,4728237,16155660,343728,,693535,3217110,4286292.0,101852,9521658,6015035,570003,16397625,8123415,4872538,673038,1593860,191609846,679699,2604344.0,1327930
2021-03-24,3216619,613418,533494,856480,1244343,1852338,6761453,,3299087,4671601,93725377.0,3095719,,871586,278976,3658608.0,573902,55064907.0,764651,27540164,260303,12819143,6026650,290994.0,890362,8656389.0,472229,3096649.0,249099,780,1687784,2972955,3442818,301036,208497,981679,36322078.0,9554949,382333,925526,,19449602,114815760.0,,714889,1659187,2218069.0,2644870,443476,6992505,10300981,1587902,9911367,299872737,2270849,816270,5174370,8590411,9953019,22569944,211164,2146688,80489,2258632,1616732,,3134443,2368279.0,948431,2307646,76788137.0,3215211,3401288,1236935,2882067,3064064,13385527,209291,,865923,5683301,2610867.0,87910,2061350,5864039,430386,12912082,20515424,3281749,995043,1408825,86461663,574502,2881967.0,1033808
2021-03-25,2732799,420724,478563,1027615,1880617,1652585,9300322,,3857585,5982334,73354309.0,7523956,,1474849,359569,1334061.0,791583,50280532.0,2215580,19059634,522086,15169012,5570282,238847.0,1848196,2328571.0,814389,5638012.0,636296,0,1428283,3251880,2137889,540287,219994,1097451,45964670.0,15201754,267581,1215172,,31983020,27039375.0,,522787,1487565,3717659.0,2670500,439036,5425540,7709873,1825250,14487183,260442706,1005448,1092480,6831914,4108726,7695697,20618633,497972,1150439,185671,1492381,995456,,4425011,2482874.0,1881967,1914033,39039849.0,2994275,2932393,2308811,3559030,2465575,8253153,592864,,1032921,6119506,3017258.0,94461,2475126,7792527,686594,32273714,9439507,2993827,686162,1723643,52964840,2629523,3942179.0,963615
2021-03-26,2475178,742944,444448,761112,1238547,3703551,10348045,,2276342,4513385,73107263.0,3412618,,989514,290656,1979763.0,556640,55768753.0,1731393,16558246,431901,14697078,3376739,254830.0,933767,2214788.0,137468,2721716.0,152173,1287,1576460,2466526,2522002,339000,207832,1022280,47465617.0,8936233,341758,761586,,23059660,26262924.0,,431996,1326499,2318646.0,2565545,355055,6385700,5415773,1808176,11448308,194305088,1076645,951246,5910309,2924464,7889672,37530475,417967,1422007,134736,798779,1667878,,2645697,2219432.0,992695,1942526,47153072.0,5512131,4467549,1622305,2855047,3681278,8229509,342656,,1335348,4178407,3774661.0,81738,1850393,6512663,759240,13590623,20247240,2872003,738543,1439187,56424459,627589,2126466.0,863818
2021-03-29,2092593,409173,553201,983749,876913,5546250,9476574,,2706941,5309518,55454794.0,3207399,,617311,442177,1717928.0,794736,44177690.0,1179499,24891087,575531,13888319,4128039,221444.0,772225,2266580.0,327929,2893522.0,239204,0,2044365,1762211,6030972,532223,247863,665910,30500339.0,8023440,291451,1052944,,17013250,26535042.0,,307527,1694155,2333966.0,2119199,233655,6195560,6133057,2116596,9980537,150612982,832443,686682,6175154,2466862,4275558,10902308,295691,970501,79170,1009497,1200385,,3636188,1864332.0,1185688,3584837,38109484.0,2675237,3548383,982299,2273684,5230098,9315225,293096,,920806,3101185,3411647.0,122112,1861709,6901852,883799,14846386,19941232,4304245,823747,1892617,70820803,524252,3352644.0,588019
2021-03-30,2141977,588656,457567,888469,1660832,2020113,8373923,,2384481,8184570,69548927.0,3642145,,1388337,197073,2198281.0,695762,31140489.0,691107,29068362,649879,12774164,3049523,179309.0,1277144,2387442.0,249813,2411838.0,140240,0,2385439,2312795,3202683,652054,229918,1508723,21877372.0,6444078,350861,620617,,22486811,30085486.0,,381584,1623245,2582081.0,2008869,260716,6081045,6875033,2025275,12154256,187260463,1536974,549335,5322366,2763629,6839836,14803280,365575,901006,79781,745755,877669,,2193187,2011830.0,1195135,2442071,38498473.0,3333902,7452830,4267323,2397728,3766133,7406182,1187041,,607322,3847494,2820213.0,105823,2018003,6641102,392354,15656350,7422806,2914213,592977,1295041,56953929,641670,3370768.0,836302
2021-03-31,2676087,843322,1153633,960313,1467883,2182608,19740876,,2336138,12329732,73896216.0,6300959,,1361256,710290,5719718.0,901702,42616572.0,648194,64994446,878745,27297060,3251470,445854.0,2330474,3968425.0,614758,3988138.0,216540,2468,1687940,1978292,2345187,636981,314441,2108600,24873858.0,9906069,744714,1341358,,26354562,27620187.0,,481987,2037538,3951833.0,3318259,277459,9187270,8676640,2842901,17347893,229740496,1868658,1425575,9536632,4767750,8305859,14976926,476552,1560658,160106,1420808,2824028,,3225481,2544923.0,1255283,2337893,45301198.0,3376434,8170563,2018870,3251357,4875621,8733112,527824,,1044385,5771768,3210434.0,136988,2705484,8773812,1785818,20180981,9840057,4648603,700261,2019229,68822745,1113996,4478352.0,784616
2021-04-01,2743911,503155,474737,1060354,796349,2112824,5704370,,1776199,5799234,97180484.0,3573556,,864769,258485,1746576.0,492190,48976567.0,752733,25459916,207750,25701444,4647524,180279.0,1170959,1720937.0,176918,2055277.0,156097,0,1969634,1346074,5376999,419952,359958,1036103,23893817.0,6869887,460347,886042,,15520905,53905944.0,,398268,811662,1877310.0,2042106,326866,9169410,3721283,1119772,9276538,115971556,1803732,615560,5872332,4086553,5265875,7356917,407588,904813,108497,624008,809677,,1901310,2176591.0,0,2129461,42760061.0,3920763,4502668,2209352,2181658,1736514,5598365,306895,,807265,3926536,1664619.0,138116,1901170,6016345,437810,12918643,11952046,5546054,682452,1090863,42321606,506462,1840977.0,504906
2021-04-06,3135405,724960,455164,588938,1749824,2413368,15204248,,2690288,5315409,79645742.0,6949701,,1406054,270139,1831664.0,806262,86433178.0,937035,33743053,699662,19364509,6545234,214840.0,838498,1744106.0,533032,3847967.0,148253,0,2411433,2806803,3074446,811701,345389,1048242,30755851.0,15290225,726982,1061449,,29457451,35666037.0,,374300,1416908,3228338.0,1915323,353421,7030540,5985646,1457679,24677703,215733220,1928598,914481,7287301,1952407,5218974,12740734,645655,1075259,122881,1111356,1135474,,2039393,2284977.0,0,1911450,59606095.0,3310701,7345860,2109494,2233414,1804000,9513054,521237,,1062321,5445121,1477446.0,107828,6584808,4333299,436588,17130654,9747370,3088111,396868,2472786,75226088,965568,2133662.0,432717
2021-04-07,1894962,475950,515085,591017,1368067,2244685,12876175,,2254793,5383139,58139462.0,3089986,,1135014,193452,1887379.0,912127,52343064.0,757213,33831104,812932,11024272,4719755,327817.0,1328558,3189433.0,410119,2991849.0,230953,0,1605191,2649735,3715689,540505,188800,1092322,26117845.0,8153739,620628,690570,,27542092,27558601.0,,313636,1000470,2094735.0,3396434,235635,10766650,6082793,1869607,32868646,167501972,1083311,780854,8892784,2587338,6747419,14302275,319294,943910,113830,1585863,785225,,2469144,2400709.0,0,1349696,44466998.0,2249620,4955598,1619582,1582521,2161334,7080480,765933,,872557,3159121,2508241.0,82634,3213671,3935931,406457,15759537,15694481,3148940,888675,1021294,58750877,1125959,2340277.0,391584
2021-04-08,3298869,762959,477520,1277090,1411793,2861862,20075132,,3832186,5981522,55098830.0,4622638,,856707,546817,1344695.0,1041446,45881462.0,592115,45235782,881015,18243343,3194433,341930.0,1503054,2506459.0,512986,7637400.0,213635,408,2030467,3717424,3668915,606841,244875,1203222,52579654.0,14306724,847400,656757,,26354216,46065886.0,,279531,3347555,1698448.0,2484832,422044,6931670,6357750,3431884,17212085,129551520,1640881,591834,7451802,6740861,10845136,18234055,311904,957487,137124,916086,1040268,,3936867,1858765.0,0,1906827,38189066.0,2918787,3730912,2202047,3516184,3142151,10319449,385224,,871376,3425950,4061904.0,95913,3167621,12529773,465165,32634737,11036914,5821231,572003,1350931,178741824,699962,6403463.0,597604
2021-04-09,3480197,834850,478837,1565065,1131830,2358865,9132294,,2771607,9402079,69012903.0,5062166,,1026817,200078,4907260.0,820035,48119553.0,3290513,14057057,611772,39937003,5662889,264756.0,980575,10004542.0,371017,3688803.0,300535,524,3863427,2397672,3301776,352940,241164,1009840,34634143.0,6998298,384551,728522,,20578781,62582897.0,,358780,1135047,2369490.0,2022702,266234,23690355,7922405,1688554,13758568,158452410,690564,910796,6026044,5760884,5120585,17641923,363215,841520,180937,951319,1153006,,2092167,3226765.0,0,1879606,39746474.0,3916840,3807204,2694911,2757605,2715131,8326906,368307,,617371,3505277,2929325.0,237235,4618404,4069416,541186,16240605,11019711,3741413,557693,1537727,89180987,634536,2333967.0,677869
2021-04-12,1678482,628538,408079,979050,1606059,2843132,7517294,,1497166,8424561,78525247.0,8016516,,1233303,155008,1935707.0,1201408,57939614.0,602658,16769506,882704,13952775,2109795,287019.0,876528,2308906.0,172158,2233414.0,274200,5600,1105963,951089,4050227,585053,219414,1996167,35590269.0,7704631,446821,765776,,13920714,30641108.0,,408740,1177525,1869545.0,1626905,188900,21540855,5687819,1074590,15617237,200067947,516749,682395,9891831,4778278,5225672,12400353,426658,942628,103712,1414510,886307,,1438237,1633532.0,773628,1996856,36773548.0,2760464,5203774,1271670,1646455,3153358,6833734,509947,,547988,2847446,1969135.0,227225,3153323,4860652,1472787,17839445,9912432,2289504,542575,2115614,35355266,569620,3069961.0,461053
2021-04-13,1921881,582768,269007,534714,1459452,3221209,8688578,,2468700,8251978,66672523.0,3680859,,923595,158011,3786850.0,951765,27915019.0,730473,18120658,697136,10296735,2256838,197112.0,1284322,3337351.0,176175,2379874.0,232837,428,2439341,1834215,5314650,480258,176102,1556505,25397252.0,7728479,370723,465342,,13338764,31933419.0,,345294,1854134,1480567.0,1582701,147074,24128530,4534848,1095557,12324017,256620647,846078,767368,8206522,2829987,5271512,10918862,341586,898090,114409,572400,1107785,,1898309,2391612.0,811480,1615364,27769988.0,1470881,5235194,1388347,1358781,7181623,9282429,816156,,698559,2034350,1535878.0,169261,3063103,3612168,607014,20949141,13846197,2927429,1081400,1699443,44505787,722030,2922116.0,699878
2021-04-14,1917187,551014,275756,343419,1518431,1550258,5324947,,2226444,7972842,63661849.0,2854037,,1397865,392391,1505195.0,670463,59314326.0,1089671,18866656,402499,13168932,2446499,179778.0,1204560,1822627.0,180064,2088172.0,213281,0,1569581,965743,5153988,417908,201422,1025451,36300610.0,5009557,445894,566381,,15837444,33324240.0,,475155,713545,1686831.0,2170520,220743,10198890,5296671,709555,13486729,132548085,1510433,918859,5363219,2612273,3370520,8734526,259341,648426,86682,683850,859059,,3152021,1839514.0,1433427,1413039,24383119.0,1979756,4069407,933111,2079194,1859889,9102632,285320,,412745,2962279,2644740.0,65135,2023272,3730116,418128,37366516,5840281,6384833,745431,1672993,63425563,885762,2403067.0,1132242
2021-04-15,2349960,627102,445253,676155,1611022,1197818,8982906,,2958186,6878454,58142184.0,4823017,,1522183,439404,3697433.0,829457,35133837.0,753273,15782107,950891,9787480,1874000,342822.0,1040888,8952005.0,149533,3129129.0,171476,100,2650425,1160974,6358049,414649,140195,1956656,51790570.0,22495379,854369,668124,,16406575,29308434.0,,317289,988420,1395326.0,2585227,187491,12460215,8569574,1155805,18605208,143216883,1250798,1139675,8079871,2202097,4893068,10017820,376600,764565,84638,763920,1259451,,2496300,3249225.0,1043921,1480898,38660501.0,3608583,5401112,880064,1985746,1877606,5454705,6599761,,792801,2063519,2813073.0,96851,1971432,6013512,626715,27616098,10750541,2891233,434031,1852509,59736846,550367,3102295.0,379204
2021-04-16,6118173,2939484,702688,1678093,1595852,2559302,14051830,,3481109,8763710,62082613.0,7600097,,1695186,282866,2369450.0,769913,43216302.0,985439,30385603,789828,9425119,3759903,352352.0,1104552,2586955.0,227659,3483690.0,338104,1380,1879259,2920779,3315391,398502,192673,2136278,70893063.0,14799003,694963,866925,,26675355,23359592.0,,434727,2365538,2206762.0,9304766,454893,9966620,9090082,1577601,12469186,214002182,1949076,1337343,7778455,5048263,7051145,10053464,552744,1294358,140828,1694271,1521536,,3063137,3886940.0,906037,1928561,53048138.0,4478072,6934459,1375441,2841459,2150317,7185758,1328215,,1098912,3345984,3562633.0,117481,14368969,4034240,1122703,34124659,13735693,3204353,783325,3603871,107480216,1051150,5955716.0,435625
2021-04-19,1725047,1193132,990441,1214973,1268013,2597453,11503331,,3059836,6545564,41800957.0,7229501,,1853178,199463,2579433.0,747393,32154886.0,1170737,31861645,520708,11113390,1765630,317933.0,1665911,15317004.0,126719,2001939.0,195934,0,2796441,1592504,3094971,530845,410660,1696193,36610175.0,8062584,362073,739043,,14652396,25252999.0,,522334,1313669,1520056.0,2595320,353061,7714930,9299268,1664997,7875091,100797545,618897,1850995,4765907,7100344,8712706,7597874,604496,1523105,176149,460030,1613045,,2399205,2342183.0,850611,2014448,30950376.0,1935217,9730787,982099,2037544,1406190,7291369,443073,,653445,3128611,3656989.0,128508,2466323,2773472,455775,20884440,7222923,2732737,554109,1609006,41549840,1136817,4966946.0,509579
2021-04-20,2539833,2398629,581706,1198100,1497668,1871195,14997371,,2743439,9473947,57315982.0,10347819,,2914390,707076,3075157.0,836460,68849957.0,938973,16672984,476552,12423623,2618554,194053.0,1198297,3009652.0,181494,2120570.0,519836,0,2312526,1018262,3875673,284416,421418,1296929,46859486.0,8413077,513416,795689,,15849093,65650886.0,,477184,3356257,5164649.0,3313672,261715,9564090,9015692,1481562,12015669,233591142,488001,992255,7524019,9205829,4920765,36643930,538666,1256057,166651,692067,1977157,,4559069,2200146.0,792502,1249715,68603074.0,2008324,5653466,1048923,3069562,2164752,8163323,343443,,815175,2730786,5053083.0,101681,3034269,5666499,438517,31912449,8304619,4735400,615416,1332307,54392750,1613692,3978541.0,1049943
2021-04-21,3520125,2958361,652255,1063112,1449217,5736101,9626894,,2705954,9676276,62965545.0,5309295,,7388084,183856,2513576.0,1647288,38325296.0,962206,16079138,362135,10371603,2057868,197005.0,553827,2352119.0,158722,4101251.0,346878,0,2172976,2028063,3124068,306049,168228,1373417,28507906.0,8299352,584061,637376,,17988868,38913657.0,,417732,995359,2070072.0,3298570,227394,5945350,7739674,1607999,12774527,167730389,419842,729905,6689909,6223973,5358605,17357752,397262,954506,103026,477584,1138947,,2071234,1957168.0,1144447,1783518,58919666.0,5165948,4625959,1302947,2740957,2091585,5348511,477519,,442636,1948643,3982774.0,82331,1756600,3175773,452583,16541535,10188410,2801632,1491619,1189850,34556656,1160710,3064398.0,889852
2021-04-22,2604363,639629,730867,1002126,698817,3505852,7376155,,3711060,13036346,42056630.0,3922349,,3114818,365281,2012011.0,984053,28044703.0,674518,16450689,596452,11974886,2030039,191169.0,570909,5669503.0,304244,5018724.0,137993,0,3728703,2913939,3550767,254126,115351,1864082,22484277.0,5512258,491753,525526,,20981752,31180109.0,,314927,864543,2268098.0,3576737,245050,5114300,9517497,1812617,10737255,140802562,1296433,1021955,6986188,4849221,4486225,14067937,264687,740375,77943,442689,1132222,,2785738,2019335.0,1082257,1916519,41011122.0,7037496,4550947,841952,3098494,2620488,7501703,670625,,1085872,2261332,5279888.0,97694,2581382,5311440,262376,16965879,7503645,4288684,512040,1117189,84488852,837633,1905342.0,773359
2021-04-23,2304803,541441,598270,691092,774910,2125055,8141251,,2157879,9797228,83291209.0,10641834,,1947037,1277021,2150313.0,795189,43951601.0,685623,21968014,242989,12985318,1581331,246223.0,1152262,2064323.0,153045,2731078.0,125531,0,1932656,1389283,2416839,265508,152261,1467287,38354571.0,5284316,873817,438952,,16694407,29647357.0,,353189,730670,1188615.0,3900291,322675,5378610,7651286,802090,8494049,126375282,576683,461110,5031771,3962374,4922825,15644402,615699,820960,47071,405875,1768742,,1813672,2179249.0,928125,1182711,34408976.0,3255176,6738041,1010794,2525800,2676353,4655766,499984,,552924,2129114,4441898.0,69620,2659748,2976530,295721,40444432,6504528,2929641,474296,1273485,47240614,648832,2492377.0,750804
2021-04-26,2069984,512703,499850,1033060,1129894,1407995,6226794,,2132317,5727971,40721434.0,3147263,,3057570,219223,2442196.0,446732,31857250.0,553971,14651080,597183,11147600,2224342,187820.0,555098,2250990.0,208610,4032056.0,147360,0,1963560,960782,4143670,264908,172879,1207677,28527877.0,4652145,707321,458372,,26820836,32265356.0,,259940,3436774,1302340.0,3310511,157794,7046645,4991212,1098155,12812863,200403336,704291,431384,6426811,3761579,3321399,12474401,319450,1065633,136030,540697,2720027,,1392337,1843617.0,708597,950508,42402441.0,2801561,6900341,922670,1286875,1004476,8294744,297644,,424587,2533828,3899881.0,68584,8844910,4311833,476744,17307443,6639951,2316224,391005,1618103,84627219,641326,2242521.0,876992
2021-04-27,3332566,544459,547237,1614308,1616247,2494184,10819482,,2268551,5558146,52370374.0,9170667,,1775100,366228,1812889.0,1392679,57745765.0,1003922,27409724,413489,13913066,2264031,218029.0,925038,5213033.0,392514,2917393.0,460671,0,1898450,1990520,2056296,390967,327621,1294838,45249841.0,9877100,890620,493932,,42467373,20242291.0,,441414,1413649,1759890.0,4039377,296941,5195525,4455747,1245940,12627161,133293458,960910,551589,8327062,3632631,3819495,18887301,334507,1170813,86029,470921,1347833,,2229214,2577627.0,910903,2637642,51134921.0,3122160,6473229,1247482,2496587,4377252,16179013,240333,,649382,2270188,3431885.0,91297,1529558,7226424,565559,23513488,8183578,2796129,349436,1609418,49371737,1089712,3346971.0,1563613
2021-04-28,2553697,665153,553763,3010097,2104640,1706870,5677346,,2249361,5034794,68836515.0,7837560,,1714106,207321,2167701.0,928882,65529537.0,687981,35452269,649577,13723798,3271305,221372.0,823193,2110842.0,191183,2216634.0,224295,0,1277996,1721962,3111431,336186,372785,2339909,36008890.0,9057163,471311,485130,,27305438,18008098.0,,248587,717222,1514232.0,2905813,180572,4788500,5057497,1000642,12064224,469783830,1017958,570471,16493360,2423196,5173318,18516310,429955,1210221,97104,488644,1777326,,2530990,2204152.0,1810114,1905188,39356265.0,2762945,12314103,1238617,2104031,2069512,9287150,503344,,531148,2952961,2030877.0,96531,3072152,5548867,412115,22531098,7947294,3059600,769392,1423973,41635491,667163,6113352.0,802389
2021-04-29,2289349,686480,323674,1157727,1410827,1377439,5474900,,2082611,4461185,54782804.0,10255457,,1486808,246059,2118327.0,757655,63107741.0,547092,32797150,274819,12107795,1437807,186397.0,797501,10556491.0,173622,5057794.0,216249,727,1400821,2667275,2192460,223564,305571,1939617,29023618.0,4633038,475776,641682,,39604013,30876887.0,,331671,864583,2000932.0,5352892,184510,8421485,5653970,923000,9379434,194506124,813800,1255837,6426392,2804184,4150782,56064511,347297,1331994,107226,463551,1992891,,2700520,2102534.0,887798,1564890,33746221.0,2450411,6606008,4572299,1481356,1132667,13223907,557446,,478316,5026260,4014806.0,71989,3411185,17506913,430841,19097870,11573421,4983566,412052,1275084,62133020,491347,2507954.0,1205913
2021-04-30,3388802,897054,523910,886396,1854949,2468633,18937875,,3798456,8201569,147740583.0,7502089,,1908488,1285194,12988015.0,940156,60595958.0,4199470,28742637,710901,19005558,3537069,256952.0,694651,5411659.0,489478,2314500.0,294881,515,1880241,1971673,2183994,616844,504739,1780816,48961865.0,8174208,1011144,745054,,43602212,23903059.0,,296899,1614995,2604046.0,3062764,430796,13216785,5705434,1675647,12289241,195838257,1295382,1319305,12202320,4269644,6519223,18648706,684804,1593476,97103,767314,1502259,,3172441,3821409.0,1786341,2406766,35820685.0,2823905,7211066,1511941,2079717,2554768,16629617,854543,,1564857,2083987,4387511.0,138065,3137267,10570878,828854,19543884,26334205,4162943,643284,2172090,61380402,783702,2888398.0,751336
2021-05-04,3318448,902494,498415,1034796,1060643,1923977,12449152,,3190761,7004976,89771624.0,4230758,,1447558,298363,3811757.0,678865,67583503.0,720417,49923447,293385,15221319,2746549,377770.0,1112197,6636881.0,476589,3051988.0,156505,630,1517293,3252219,4644755,561098,822468,1685156,36685450.0,14799706,777958,599301,,25192150,43948164.0,,380474,1529646,2191646.0,2513707,191372,5394465,7967985,1416296,11593261,236622072,1214588,887911,6996160,4441800,7524762,17238161,635851,2068681,162255,576080,1826071,,3166563,3098621.0,1285661,1846923,56543473.0,3410758,28029127,1490247,2891752,2508519,51834143,977147,,650148,2926724,2609909.0,184259,2298231,8342105,904217,22962730,11251742,3482615,1336796,1297488,90884655,872065,2753384.0,558365
2021-05-05,3936611,1133686,430485,1085045,1921908,4840481,8388513,,1661936,7753244,58059189.0,3598199,,1217863,216831,2319520.0,843491,57920336.0,917151,38156980,477489,13106578,2963568,446724.0,2269596,6587011.0,442873,4875865.0,148831,0,1115335,3045104,2698048,344209,445638,1156023,45595937.0,6564098,607357,552319,,24038092,26630766.0,,294450,2278923,1435115.0,1932504,178110,5399930,6231610,1354554,9976159,140325502,1632336,856061,4632177,4232176,7513184,10503116,481125,1806933,194108,440950,1050164,,3657329,2944125.0,910922,1913370,33696096.0,4687533,5952641,995988,2068619,1941292,74406069,494522,,2429747,2374988,3666030.0,65914,3125131,8877302,275654,21185440,21963857,3016221,1112447,1214145,110585721,860403,2969826.0,515942
2021-05-06,2586421,678237,806915,637753,2939528,2634285,5356841,,3626177,4913139,73071388.0,3838130,,996460,307207,2455388.0,640245,64006211.0,1129479,49786174,209722,23448069,3062146,300413.0,2054802,6474349.0,261549,2762862.0,214737,153,2185171,1505681,2250487,312596,412397,2161875,72386585.0,13074932,517261,498487,,28433897,33070283.0,,518944,1890973,2563576.0,1948168,242477,5671215,10977055,1082527,12592255,314984716,1980615,1590762,6091878,5763299,7246784,27303497,1099000,2852747,225666,492136,2702988,,2877004,5427292.0,1527515,1837559,37055372.0,3061124,8224614,1030270,2726868,2097670,41865410,943811,,910429,3629276,2747723.0,106147,3021779,4083046,951513,26370021,11206849,6069758,802505,1347840,128672339,1480907,3170084.0,543699
2021-05-07,3747923,632221,572293,673654,2253058,2003282,6609669,,1778622,4679809,60271635.0,4412631,,1435931,357946,1142788.0,521802,61513557.0,1020831,24956364,399647,14871527,2879384,258622.0,1229296,3575308.0,2305767,2181118.0,201388,0,1622877,727745,3967884,283433,614626,2224418,60963157.0,4489879,353683,392456,,13250579,43595253.0,,637988,2408268,1827824.0,3089657,248245,5006095,5257402,925032,11469130,137431750,1043596,1004991,6583705,5406472,4614418,12084884,304814,2507684,104249,2667107,2049374,,2269923,5706278.0,927828,1816195,39761593.0,3437471,5498731,1217941,2918030,3760919,11836624,290013,,695985,2682110,1927814.0,66131,1858721,4264917,496442,16186246,7815690,2940770,1231672,1241402,41851334,527181,1774756.0,843950
2021-05-10,3786019,886954,509168,749378,1776111,1809999,7036430,,2009219,5558043,62984368.0,5512262,,1409985,522206,5208600.0,787464,68548250.0,1067914,68204698,597401,17900475,5595341,211847.0,595467,4874555.0,489803,3566017.0,270350,2756,1528862,1305994,3022744,345040,282953,1997250,61544613.0,7515189,288420,574499,,24292352,68574088.0,,465462,1373477,2203222.0,4337730,310078,5345480,6661925,1012619,14309387,194072250,610214,811587,8580271,2603451,4967317,29203563,278058,1636263,101839,635859,1004731,,3251486,5301046.0,1189843,1501433,45288222.0,6307471,7088285,2946311,3062162,1695454,12018438,248204,,862293,4039467,1602619.0,100256,1824755,4159528,431647,17059266,9178084,3523509,535125,1176535,47542991,421961,1642768.0,963268
2021-05-11,3042423,4040700,1026152,3254792,1852962,4825894,8042430,,2468207,9301946,44109066.0,4135216,,1151637,403778,2094550.0,1064650,59601706.0,898983,32601999,735902,17963332,2940593,222138.0,1263031,3890302.0,430181,2673146.0,318148,200,3063631,5539277,4091955,580244,280482,1173407,65281862.0,23065574,254993,746357,,26077793,85241949.0,,544572,1468169,3070538.0,3178099,238296,8024530,4672116,3686629,17832013,205425959,950945,1309539,7789440,14323836,6070264,62874343,385636,1355922,248073,596216,1865765,,7372905,3391549.0,2032459,2165570,63816992.0,3894209,6084398,2857188,4048468,3775898,23587231,498455,,654067,8732492,3843585.0,119105,5778139,5211572,544144,23269560,9277259,3850491,697877,1374172,72537977,1969785,2420379.0,1390593
2021-05-12,3658260,604097,373993,802061,1963508,1459271,7234489,,2280112,8377636,36776980.0,5365832,,1828400,334009,1379916.0,444895,52081645.0,3094433,67287017,645117,20732804,5590036,186046.0,1709622,2688669.0,404541,4872010.0,287735,900,1532408,1907329,2260881,359078,381974,1506878,53751709.0,9994276,255521,437121,,21222905,36353024.0,,415304,1280176,1751158.0,2741165,180990,6106070,4985011,1283737,8840171,173579940,1233834,1084950,7618877,3142474,7067419,40421563,290538,1746508,142650,622238,1986742,,2809552,3091069.0,1044337,3410417,24789242.0,3226353,5910680,1537099,3083078,2491988,53826862,382148,,488539,3393490,1708029.0,179073,2626300,6905424,421368,27049487,30678512,2915830,690930,987501,57872212,748668,1443854.0,932260
2021-05-13,3218364,719911,527956,1514400,1173650,3128483,7532682,,1574450,7551066,48908907.0,2670438,,3312898,341992,2198860.0,673314,54553767.0,3290110,66938089,535486,13157169,3103198,161375.0,727989,1511784.0,354472,2819606.0,318218,300,1558084,1252724,3395383,419066,289022,1294593,43810239.0,5157519,232972,448566,,14556496,35098346.0,,393216,2009516,1619478.0,1837593,343296,5581300,3568311,6395999,15294435,181473943,719297,1899883,12062646,3045978,3862610,72672778,310930,1163506,147007,730914,1218219,,1808623,3010218.0,768154,1473495,34621302.0,3076449,4923491,1479805,3141518,2174284,7467145,279969,,487823,3655480,1785828.0,99886,4849702,4426937,241565,13517281,10466570,4216500,750832,817569,39554562,406192,1896480.0,1021680
2021-05-14,3493377,740847,347799,881194,1270466,1234415,5913259,,1699711,10129958,35198377.0,2896036,,1474512,233878,3676072.0,373783,39477078.0,1133615,85335558,794912,9600922,3388431,189260.0,992321,2626145.0,320770,3885509.0,207642,0,1428585,3406000,2858533,764235,362611,1166682,31862467.0,9786489,342134,325902,,26648183,26217308.0,,367355,1192250,1549568.0,2629410,181795,3906880,5371075,1019684,9277566,321795123,565466,1007443,8601476,3653153,7098076,17504181,279911,1091046,88805,534477,846778,,4396068,2968544.0,939280,1630569,35353298.0,2599378,5390685,1321435,4369014,1550915,7855520,261851,,628413,3013660,1267761.0,111035,2704463,6030922,421641,20740618,14862487,6039020,648049,1098374,41757987,726887,1539814.0,629599
2021-05-17,1874153,749505,382415,991082,2690762,2911315,7086885,,1602777,10597712,29206075.0,2415130,,1545156,319208,2496860.0,731443,33293068.0,1071515,70160451,866608,13457036,2930046,151408.0,1005462,1595909.0,303609,2522689.0,401783,4132,916045,2286821,2948945,235883,387229,2791193,37361272.0,6067555,501199,442496,,17414188,31342074.0,,292329,829660,1162130.0,2907464,320369,8889840,5088797,1015280,5710824,114563454,562749,758744,6965857,2979628,5151475,13668819,192934,1145414,75119,355469,1014768,,1778249,1935189.0,699163,2247048,39596230.0,1804717,5093980,2707623,3283336,1788904,24236460,235157,,357279,2487587,2117184.0,72321,2424772,6287107,448379,14905579,10524509,2552617,370703,1127272,70683171,496173,2423830.0,468560
2021-05-18,2212625,724747,449427,914688,4087025,1171532,7639214,,2248563,6010947,33884356.0,2302517,,1485608,252416,3443583.0,469161,52448720.0,762226,40878878,663080,10594257,2634581,363880.0,1167300,2834684.0,748431,2349583.0,370916,0,2308245,1504456,2171562,208837,507174,2944243,38093607.0,6659869,317777,434426,,12363616,23781929.0,,489367,1074675,1620961.0,3787626,305239,7208780,9149487,1405321,9823889,121810917,636387,938055,5280497,4498634,5117727,24401525,160501,641265,144727,681958,1731565,,2385711,1855418.0,855397,1411442,33419325.0,5830274,3563335,1891599,2918415,1396076,6778501,359495,,409058,3382754,1725893.0,126964,2660062,4354408,293391,17161523,8570826,2840076,512346,1391476,213383524,552131,1725286.0,857625
2021-05-19,3937470,788602,646044,711051,3629211,2122190,6058844,,2108822,11493933,32876459.0,2385083,,1436925,249329,1394636.0,574770,57021039.0,971705,31109356,255626,13378673,3055062,260765.0,1023640,1834472.0,312002,3460851.0,229671,0,1473203,2348396,3575884,481144,568508,3027302,42322602.0,5724475,297922,635023,,17759870,30889018.0,,419344,891012,2077588.0,2770339,220200,9728545,5657962,1353556,9623175,145964512,579816,886405,5132496,2713042,5940354,29278525,376074,1501884,151156,596675,1098323,,2697848,2768429.0,1128635,1673645,43630481.0,4282657,4362552,5483523,2874607,1009150,59619393,259303,,520350,2847670,2189810.0,98657,1255748,4696837,1000524,22641842,9879707,4044024,379716,1247869,140647445,478587,2061959.0,760236
2021-05-20,3594972,1069314,462376,945720,2620269,4026796,7133077,,2451518,17459093,28753461.0,2980135,,2534307,236257,2325724.0,710085,43136062.0,1196957,54430585,1085969,68152381,3462151,386619.0,1059380,2383146.0,320509,2685423.0,165997,0,1062773,2013056,5546462,137282,408641,3544927,42462414.0,6891541,326525,489325,,14884638,21239232.0,,419706,981581,1553648.0,1961274,317401,5921940,9066873,1567310,25718025,137951837,692040,519330,4767781,3147802,7915749,27737615,297073,1715890,106111,434134,1549283,,2975223,2041768.0,1162713,2253104,31088993.0,8978374,6422766,3383411,3204480,1999478,14208037,198007,,369567,2338495,2042173.0,94099,1174051,4509926,922482,21423076,9893087,3309300,454232,984114,87819785,1334865,2228207.0,593077
2021-05-21,3314668,691807,368024,936154,2605499,1853272,13009844,,2027991,5727383,32681504.0,3669077,,2399181,217501,2768338.0,587975,36899531.0,768119,65219445,645632,19200111,3996367,229951.0,920233,2487100.0,408466,2821596.0,294450,0,1557697,3797478,2622206,420955,318859,2801754,22926196.0,6319103,386038,501156,,25976940,20249785.0,,280547,1129753,2138818.0,2880423,307663,5256270,10981513,1418839,9597203,257504751,910610,638700,4425547,4639818,6652041,17812580,254124,1506780,167502,490704,1544039,,2263084,2098780.0,968491,2117967,56221555.0,4596431,5622904,1272623,3715620,1943326,6571920,346551,,1016922,2038781,2191124.0,95759,994060,6239609,937987,19997270,8639280,3292296,595899,1200123,112945805,691739,2572973.0,996288
2021-05-24,1607956,475286,275580,596630,1170843,878817,6323340,,1531224,2901735,18683315.0,2170066,,1462215,105314,994230.0,362601,21611246.0,295557,61406947,365841,10652062,2287347,185370.0,1075519,1096620.0,131050,1502305.0,172806,0,2615976,2507631,1484948,163470,336951,2126248,17725314.0,3297676,330024,225642,,8302302,16775720.0,,241727,612739,964949.0,1756383,133307,5317715,5066924,916189,4378610,76212516,397877,674655,2090250,2126573,5040147,9289476,108304,534255,65229,192269,767893,,2420837,998197.0,1591963,919573,18948836.0,1938403,4995982,1325988,1889743,1141816,5869880,124457,,298744,1665079,1555231.0,54580,810023,3220179,422422,8752490,4161435,3274816,234507,811293,78984822,254597,1420536.0,312277
2021-05-25,3379779,1215763,400854,1092137,1868602,3864225,7555663,,2112047,7153170,26189150.0,2827560,,2578435,718743,2428034.0,488112,26412542.0,1375341,35069223,269258,16513222,3820157,208774.0,1025334,1742609.0,186487,5161905.0,292738,0,1702590,4089107,3969903,360315,386836,3320004,23002977.0,8931613,346622,511990,,16887707,34644321.0,,357803,795603,1487241.0,2306931,312790,5196910,7820442,2437237,5615520,189379841,635344,658472,8307540,2644642,5013030,13012847,239168,1538896,148864,436948,1020374,,1769629,2001870.0,932204,1541151,23763826.0,5129404,3979804,2392647,3102107,4046838,12625421,621902,,741444,2833282,1884761.0,64225,1835463,4660851,618869,14369195,5518856,3222967,1169997,1409945,78846223,547820,2023448.0,465916
2021-05-26,4392936,927072,513452,1370788,1660627,9459997,6934741,,1798925,6960468,40727970.0,2144290,,1309843,251271,2876616.0,1029742,35538722.0,911689,22977602,1731372,14472118,4378813,414438.0,1502174,6578011.0,147844,2127179.0,258049,946,2154007,1158220,1583867,188028,316519,3698802,25778967.0,4055402,320204,425328,,13881888,19707573.0,,309114,6050697,2481352.0,1837706,581109,9820895,5092845,2065969,14684869,213999790,644621,753069,4292246,19040848,4898827,15002672,165652,881882,77792,397898,1057630,,2233258,2155920.0,984206,3248281,28971549.0,3980473,6580510,2259647,2563607,1725910,18049465,347295,,369363,2651527,2199368.0,111194,1747778,10932244,2093455,11988284,6588225,6072399,1082727,1620578,54630622,872488,1699678.0,404575
2021-05-27,11339842,1771922,963352,5824804,5482148,5536687,26677873,,7954127,9653041,60136371.0,11505241,,1885613,832449,2088855.0,1835670,72964180.0,2263931,74253551,806909,29024209,10146510,1515358.0,1348624,8992460.0,394275,4256031.0,0,0,2712891,4386258,3442951,482927,684551,14793251,56036132.0,20910494,976677,1185349,,31335939,23868053.0,,1002230,3791485,2994678.0,6513567,875651,16072340,14545476,4903392,13405652,395645113,1965375,975441,17591424,6889720,10837068,47279328,389771,2352560,56185,1452914,4759557,,6067998,3164343.0,2050332,3292491,79688012.0,7894206,14888238,2768829,7175344,2381921,10941593,305911,,794790,1526505,7962939.0,317750,4945862,15325436,786570,21678726,40031845,10816062,1027367,3009008,157817241,1969920,10029231.0,819469
2021-05-28,2973603,764780,452273,1471878,1950559,1984914,7453735,,2488145,4873227,33343363.0,4002961,,1941748,219661,3831129.0,1219661,44691217.0,1108022,83213900,388435,11316032,4029073,595768.0,1413285,3315026.0,166167,3756772.0,292172,0,1090561,1496932,2054299,184309,412430,2681169,31639494.0,12840033,565938,725759,,25724503,19538348.0,,270408,1154701,3358303.0,3226860,460774,12310935,6460106,2334925,14932308,221615971,710651,1214200,9586222,5098113,8583967,16782150,208316,1102278,105704,968886,1884888,,3371309,2192200.0,1254694,1189588,34976651.0,2807584,6561531,1215264,2521184,1966523,12968578,231494,,560172,2806765,3831053.0,141813,2177306,6259796,489045,17350769,17914998,4374195,643313,1742013,89858538,658609,2525529.0,351615
2021-06-01,5365025,678094,674013,1428295,1471414,2677426,7366708,,2816821,5769953,28035436.0,3453743,,1439417,238821,2743451.0,924564,85199886.0,824731,28935966,406962,15610375,14571018,352762.0,994699,3023657.0,334966,2062957.0,170073,0,5597239,906543,2578945,261754,355919,2312832,32732244.0,5749925,328925,567675,,29401330,25453115.0,,522056,1533007,1164453.0,2538059,313169,6403600,4871380,1353589,10917773,234369961,739301,811110,6191191,3515073,5162873,19400960,121885,1213044,158131,610092,1360769,,1556757,2824198.0,1174507,2426019,44497168.0,5311729,3864195,1010788,2399563,1915480,17349945,403694,,1299953,1939522,1685366.0,92160,2257964,6200541,495661,19085710,12596174,2432949,711288,1411775,87975569,845470,3777802.0,542394
2021-06-02,2008675,1104460,485598,530683,1726620,8711429,4892149,,2356409,6337733,24455974.0,4070759,,2733017,270403,2601785.0,554793,47207068.0,1456503,29672413,462713,12800358,2519211,277202.0,831818,3035688.0,196850,2241027.0,100667,0,2010410,1083744,1719331,214823,356207,1742162,32161454.0,9590017,246397,416569,,30451463,20144592.0,,380801,3895386,1901415.0,1873467,449453,8051120,6138356,1607121,9152722,175429504,563479,966793,4142061,6853133,9110791,19393874,294648,2854775,75439,481434,1128636,,1941084,3151104.0,967499,1453821,46285021.0,2997990,3978638,1029947,2227839,3023689,7759060,404103,,544673,2289327,1364521.0,81318,2083987,9484967,934617,14272310,14655372,2145775,739919,1067641,93013712,1069256,2324710.0,1025862
2021-06-03,3063014,497670,302732,765084,1210113,4690377,4070912,,1516340,3590512,20995195.0,3433145,,1648527,179044,8087691.0,501277,43079004.0,840889,33326254,351592,12896281,2271705,273146.0,556172,4251115.0,283051,2375888.0,198337,0,1595216,1425961,6067126,262846,260053,2013637,39495415.0,5051020,272398,365137,,18353108,44976529.0,,293688,904090,1075692.0,1851535,335968,4399740,15343697,1762649,9457978,131813661,420244,611597,3161884,2896953,9609182,9061914,260105,641874,89091,579481,1673765,,3970737,2461614.0,618566,1665626,35872514.0,3277524,3822352,1166399,2057914,4048391,8129939,168475,,251123,2532227,3298418.0,67827,1948918,4402833,404204,14466002,8084812,2404993,570140,1122930,74494048,663134,2871810.0,785434
2021-06-04,2023177,503258,800763,611301,1663540,2722764,5137663,,1553314,3083370,17250609.0,1139028,,1496622,193300,3066812.0,1192269,22659543.0,555982,11614527,210170,51224642,1417795,208294.0,653948,6047468.0,343513,1824202.0,146672,672,1166589,590541,3634915,170550,357262,1682307,18185730.0,3291361,453063,769843,,13491800,24522356.0,,257016,748461,825851.0,1487193,1039657,4119790,5140594,1513148,7438832,125488064,454357,476515,3615719,1748780,7607690,7936392,282037,888492,202898,291213,612935,,1485684,1353750.0,585829,1458672,39848238.0,2965837,4058021,1245099,2577996,1588217,7670040,232311,,271250,2178737,1967527.0,83614,2281286,4081159,348116,8284607,4732827,1854726,500655,1047624,40414364,404819,1434906.0,491373
2021-06-07,2070067,394810,1061649,528311,905134,1210144,4431127,,1775673,2299684,31081962.0,2877090,,1454010,224077,3543428.0,541712,15193805.0,447851,480987772,186780,8308587,1952549,164206.0,585031,1738959.0,95594,1649228.0,95589,100,898846,4291139,2689274,290114,350231,1543844,18353780.0,3812785,203231,1028612,,12770451,18951985.0,,249756,793625,824836.0,2120902,298480,2722965,3278318,3118160,7906691,170434798,342367,381916,2614206,1578228,5240943,13989196,190833,3550414,113165,507124,1357422,,1299674,1320375.0,826187,1202072,75895892.0,3968160,7097064,859123,1901251,881005,4515418,246811,,248622,1578729,1365075.0,62999,1523616,4274381,293531,57777156,8255779,1907575,378474,871943,44116037,469927,1845483.0,296035
2021-06-08,2527479,382622,332039,740331,1680275,3075433,20020568,,1981881,8424865,49034615.0,3467106,,3118032,145000,5161724.0,851496,51039366.0,2392160,37356456,500585,20988542,3860537,363122.0,706679,2122214.0,219136,1871307.0,111368,0,1564684,1816901,3250761,324777,3747293,1304468,20136681.0,11633943,365784,595842,,12739911,23320722.0,,474435,931276,1417537.0,3019092,305100,6875995,4066958,2515673,15705275,105375649,866884,855591,5848877,3041718,12657157,25380395,387338,1154196,48787,1481567,928336,,1772302,1285660.0,936735,1266377,39237289.0,6335364,5859425,2205229,2536759,1537228,27690427,311196,,774576,2834872,2982256.0,93840,1983359,4764615,254363,23578214,13100933,2899746,505830,1742192,86001126,412664,2240125.0,571724
2021-06-09,3380891,648346,342543,1434683,1241278,2472359,9298961,,2538781,3373293,31636423.0,2753984,,1724038,196720,3641442.0,740276,33239619.0,563394,21216704,305221,12403546,3364270,229229.0,1958746,2550946.0,100095,2805999.0,149667,0,1647758,731626,4403187,258235,265939,1260224,29374510.0,8161965,333561,387128,,10447701,37616592.0,,436512,1257496,1001734.0,5329420,288797,4629055,6802314,1307568,8069542,148918120,572376,639413,3758948,2147094,6334877,22096598,365880,717115,103802,1120302,856249,,2107454,2846753.0,1244032,1247723,31100497.0,3208556,7935568,1116499,1614320,1822631,11002835,260709,,848089,1986358,3127007.0,82826,7625155,5957852,253549,24977412,16571776,2452338,411629,868896,45755126,700345,2947645.0,494272
2021-06-10,2581135,660561,262994,1042469,1983303,4501444,8563478,,2958647,3379666,30700316.0,2015627,,2236021,195165,3463305.0,1019362,23746817.0,473099,55443208,348574,12155349,2391174,410198.0,1598441,2574344.0,146415,1690071.0,78650,0,858085,1135019,3647588,328402,295283,1112099,28536984.0,8105373,479061,569857,,16203227,19659349.0,,368875,1534088,901363.0,1930238,213195,8043670,4626537,2493183,7034835,100447688,593639,904590,2809515,4270044,7530470,9608478,332512,729450,67341,481703,970947,,2717017,2654629.0,767751,1902295,22080833.0,5848289,7002942,816482,2478936,1284949,9409767,360484,,571136,2537280,3204838.0,78212,1181742,4774468,233037,27754706,9191564,2771878,718685,1047699,77438431,335763,1848810.0,357620
2021-06-11,5517849,497320,263628,1559339,2192857,2041235,6867612,,3224225,4744137,24749966.0,1674220,,1602360,192585,3296186.0,907719,29358280.0,330041,35368213,239351,9014182,1233367,380041.0,728345,1738810.0,321848,1617029.0,71077,0,2818751,1328302,4499191,167206,178138,2108446,52027082.0,6016800,233284,798951,,14677283,27796035.0,,362889,1606377,1597202.0,4930852,613558,3558690,4410847,1430133,11292158,124037199,788999,734420,3222915,15979960,8630006,7495056,181922,1253433,85856,495283,741681,,1977836,1980547.0,737569,2242922,34108912.0,4799903,6712898,1204382,2465062,978416,5816744,417160,,859613,3382124,2385990.0,67722,1345794,5710771,546021,83794914,14368269,2278748,576009,977961,56986223,280335,2785750.0,385830
2021-06-14,3329473,1069834,543780,1425355,1297479,2323554,5322556,,3210991,8816271,21613049.0,1833804,,1921422,178953,4415509.0,1070941,79496123.0,1314560,45688333,256498,10034291,2253454,203877.0,1877384,2540277.0,141589,3547794.0,108627,5653,1649299,928436,3104629,257582,301450,1957496,54694235.0,5353455,264668,586492,,20425384,37166118.0,,635451,887375,1239369.0,4227089,290521,10326995,6865049,1657417,4998582,128931040,1182082,869752,2888163,7734279,4340687,15445935,236113,563645,132205,483778,2046679,,2185071,2114244.0,1058992,2904851,96220106.0,6916932,10522080,980205,2873224,2538639,6838891,466879,,638231,3599069,3428182.0,117294,1021921,6933847,423550,16155525,7049804,2794352,354376,2033267,36691104,302087,1841528.0,444221
2021-06-15,5652962,1688697,389529,1601785,1822196,2289648,14209054,,1938063,6055769,38862480.0,4019028,,2770957,136761,2286381.0,751933,41382961.0,646179,41274706,404212,17776703,1566452,320156.0,2816536,4184627.0,357143,4556516.0,285040,8002,3982675,989003,2914902,456763,384309,1117234,50974476.0,6709081,269651,926788,,22796045,24592247.0,,526076,1112455,1802551.0,5280636,220877,6665780,13477358,1954012,6237040,164741804,694708,978521,9639557,3202883,11464763,8150153,154890,763167,282485,520693,1731614,,3195078,2207805.0,1187626,1613838,32482065.0,3733865,5182862,1007017,6296529,2306812,8273567,357351,,989737,1617176,2683168.0,145716,1566471,5355255,406046,32698400,7068243,3437892,705905,1284493,177670407,659993,4142089.0,358397
2021-06-16,4080246,690073,701919,671478,2074615,4305615,9084413,,2643652,4863320,32392516.0,2487049,,2118617,280591,3058303.0,1010707,61740304.0,529035,36486619,392753,13907969,2020004,260497.0,1105106,4300510.0,144405,2119268.0,202840,101789,1765182,1001255,3947794,664953,457518,1196718,50083387.0,12910016,295167,595411,,21410009,27954341.0,,429495,4109074,1359276.0,4459654,290313,26723565,7386540,2434903,9368150,238985854,941797,563119,7137694,3487330,11052071,10527846,372553,497820,83654,537267,1035200,,5356790,3095611.0,1023138,1412590,21291970.0,2114034,6424433,1628147,3799886,2442895,9484214,288163,,706166,1952479,1114856.0,107093,2361362,4102449,496121,13991074,5529132,2912943,816027,1198472,65317372,694476,4664667.0,1446040
2021-06-17,3962770,725578,573608,868943,2149148,5613033,5965522,,2213978,3687266,45179342.0,3181847,,1892706,207895,4985204.0,947632,59260059.0,714118,41143936,525427,51053492,1964533,305829.0,1227294,4692946.0,175492,3808070.0,274874,80848,1077788,1616320,4868957,467959,474159,2022227,44173068.0,24874287,376580,1476012,,26168290,36776015.0,,358853,6535783,1625125.0,3793910,289723,7664075,4575054,1574957,10516647,225143933,1001770,1268062,13958631,2828460,8043422,14309287,324746,583113,78483,644786,1084808,,2516616,4823071.0,708679,1666936,32574488.0,3044237,5527238,876623,4517531,2390861,12326997,370402,,976187,1639502,4294111.0,155304,2684804,4713426,598795,19707717,10630044,5591418,661595,1094839,62568546,877443,2181112.0,964721
2021-06-18,9046042,2092778,909863,2053065,3599494,4418059,20749096,,4454445,9580867,104144773.0,6021198,,8237392,660651,2652365.0,1542297,86947519.0,1194713,50688987,1085366,45289212,5174995,509660.0,2148852,13433379.0,458435,5466716.0,443612,37340,2801034,2154012,5667657,618392,1216158,1976505,162595219.0,17606562,934868,3381074,,40994082,42860886.0,,543824,4630166,3975910.0,4687716,756293,22205890,15165596,7672983,18585426,374567463,1496275,2307105,13395547,12324877,11375818,32558611,879763,1789499,280142,1131112,2750636,,4872192,5510075.0,2282422,4683541,54500342.0,10984241,16663769,2567688,9989335,5864233,18989071,512899,,1663323,3680368,3962915.0,199075,4030194,15113456,1027375,52344894,22782294,10009567,2070767,3412351,200031593,1599144,4758762.0,1177125
2021-06-21,4583380,630115,428192,674539,1498697,2288091,8496587,,1289177,3577585,38740763.0,1600170,,1938954,206820,3188703.0,733293,36399543.0,634348,23914207,376326,20628282,1942264,179375.0,1063537,4545072.0,184240,1998313.0,230415,3810,1626678,1922020,3303579,642522,585012,996472,32210400.0,4941881,250857,606123,,16108235,32968110.0,,228276,1176026,1363802.0,4788123,269526,4671065,8008655,1439791,8684211,162030532,774307,789315,4237435,3506206,12755269,11075522,306272,1066408,67757,498955,1314309,,1661264,3738235.0,933529,973539,36844347.0,4624555,19507402,1909429,2566892,1295609,11322588,566787,,584839,2641786,4065487.0,75620,1912344,5558759,520977,27634156,8813278,3106635,535603,1175716,216279766,440563,1893718.0,617079
2021-06-22,2858293,517457,461606,507520,994546,1408221,4817931,,1751286,3922952,22908500.0,1731719,,2494478,311593,1234534.0,491748,35455597.0,534324,21598840,404087,10748955,1872161,197379.0,1518824,2235140.0,169342,1593771.0,115001,7392,1407771,2200892,4549617,252736,613616,819284,45356271.0,6276840,231435,599277,,15405899,53525841.0,,556585,1347228,1397806.0,10065549,325875,3759415,7180504,2174858,9161298,114201711,1009932,679787,4609097,3368898,4395058,12164849,220390,546503,73537,952112,942490,,2928242,1735118.0,700315,1533718,34202398.0,3393669,7009957,1064182,2651752,1754145,6569692,350423,,430621,3143106,3103953.0,94443,2478075,4367823,514517,19459116,3933730,3228280,558114,2506177,47460507,421126,1611774.0,434328
2021-06-23,3007991,446827,322883,832244,1132539,1554533,4281287,,2123818,4533214,19772874.0,1692603,,2442520,282649,2678180.0,1315257,34230187.0,793192,23236417,374829,10065441,2776542,178956.0,824349,2641796.0,178502,2362950.0,146561,42381,1566867,1020819,2545080,440079,364998,1054320,40960272.0,13662135,302507,664674,,15134224,22640415.0,,192639,979781,1262385.0,6063285,147805,9223260,6366818,1515584,11306170,124173209,625499,647874,5070413,4801136,6489375,8989288,114041,871418,106600,692188,931856,,3239950,2071299.0,890607,1303082,26743336.0,5143482,5135458,815723,1724327,2052903,10598972,436901,,430200,1836106,1295748.0,88058,1868455,4609331,502557,30112003,9326379,2741051,681944,2571478,72461141,419168,2188940.0,579120
2021-06-24,4526330,675877,485506,647014,1086355,1900912,6719667,,2616506,4007860,23417109.0,1901038,,1471478,301860,5117854.0,1622945,25287877.0,828067,32798265,382671,17953665,2831595,308842.0,1142076,3246348.0,169241,2876759.0,123634,39065,2316479,2805753,4047356,555869,490516,913685,37275985.0,10170620,351810,588972,,14424278,27666810.0,,363499,1224066,1614337.0,9808824,263533,6834155,5346870,1973919,19962490,165329025,559127,1243403,4617566,4208663,6539420,12177649,199256,981085,194820,899743,1166885,,2754166,1870249.0,907854,1039297,26858801.0,3998221,6070941,843858,1950679,1991107,6602492,430115,,538436,2916913,3837078.0,114771,2356922,5538127,824638,17723052,13390773,3918127,846127,2682397,154716266,530422,2939921.0,780828
2021-06-25,4814207,428467,413193,948996,1294792,1494633,4207630,,2527540,6295721,18840303.0,1618283,,1351770,477185,2315545.0,967770,27770412.0,459615,16365919,267257,8575170,2813018,197936.0,1133387,1868949.0,480542,2048653.0,72863,68203,1421625,1191538,3014096,314674,446980,1047796,42474134.0,6120218,318536,469354,,16595517,29956903.0,,366633,1004528,849001.0,5322667,300212,8728805,3916301,1142230,13012606,99477481,524936,617586,9449336,2918850,3885269,6392045,195022,765496,108486,738230,858309,,2015048,1916557.0,913617,832946,39517921.0,2474854,5325729,712494,1394319,1376469,7754900,318085,,401599,1805084,846925.0,52633,2227537,4163692,310212,14577133,7312530,2719951,434789,1395980,169756121,636910,3268679.0,486063
2021-06-28,2157361,671722,200705,1163521,1239058,2013552,5798750,,2790416,4748146,20576150.0,2493765,,2417928,358805,2708269.0,639293,34241648.0,2571424,17933067,357307,11697260,2890945,283353.0,765115,2056427.0,136738,1337001.0,153364,27633,1969387,1408580,5511928,328658,331473,1222346,23563275.0,5374721,378632,502334,,14324818,43751663.0,,331921,1212047,830282.0,8147388,274581,8172705,3850731,1311149,8308010,102798517,398315,806526,6439437,2854955,3713681,15328672,203261,974168,41523,848319,629863,,3205964,1119490.0,863814,945139,74198115.0,5710982,3755700,475652,2538171,896157,8488734,411626,,495817,2518248,1295876.0,69859,2350181,5301637,592042,15121927,8388106,2326530,303578,1274390,178013654,464511,1309437.0,622041
2021-06-29,3463488,636524,389957,1214466,872581,1581995,3670334,,1687252,5507683,24909381.0,2279170,,4088755,387085,2986781.0,941013,20719788.0,1502233,27664600,560292,13070280,2821621,287804.0,660137,2422286.0,190837,1590792.0,200142,71877,1636156,1110364,4293876,427706,738700,1735231,19493232.0,4807282,205248,474826,,14806045,33070746.0,,569588,1320695,1342590.0,4399662,265144,6566335,6467353,1105651,10471588,106743496,439534,626171,4098268,2028770,3768793,8989326,224134,962495,163804,597198,1882235,,3260674,1415981.0,565678,1625168,92294773.0,2864085,4033741,960276,2622417,1115957,12856846,337538,,642868,2926459,794374.0,118426,3809766,5577776,757994,10996428,6445977,1572881,485233,2547904,59795433,579635,1225177.0,556442
2021-06-30,2600459,921475,602427,1134029,1410217,3714724,7626913,,2065659,5451635,30481846.0,2544599,,2059310,274320,2081048.0,1229275,29392103.0,1616172,27162122,565992,14164784,3973110,548051.0,888592,3728027.0,195217,3249603.0,214768,53855,2165293,2067457,3815085,437443,437250,1449603,27736852.0,7260330,380911,697171,,20976997,36654533.0,,634419,1826530,1745238.0,5647288,311911,6682460,8943548,1668799,13030132,121885912,803530,933847,6536387,5111152,6444470,9430521,332011,1021877,84592,770618,1314764,,2796846,2128042.0,857000,2110370,80524026.0,2883446,10837877,1306770,3585644,2465194,6624432,257488,,590517,2859665,2709031.0,162581,2511873,7507874,626156,23621774,18074206,3690549,928182,2091930,52526532,405167,3334515.0,738622
2021-07-01,2527057,1952356,426518,752422,1338550,1526873,8399687,,1890059,2580311,34588336.0,2230662,,1897952,323807,3324436.0,1098415,36468096.0,1196922,18627814,474780,15438073,3512399,247932.0,794890,3453205.0,244771,1786849.0,193223,7824,1355530,1314725,4073016,306288,297657,1259504,24745721.0,5588254,501521,471963,,17878406,39277745.0,,287911,1182294,1534784.0,7445803,242678,9220950,6240934,1465093,13608769,142068363,516139,700033,4619538,4199953,4884965,9407191,341159,724031,76294,508417,1209636,,3590346,1540196.0,760181,1515496,61514984.0,2588904,4348673,1043099,2248760,2947149,5897988,573323,,360230,2685766,1379655.0,121090,3547761,6468568,431709,14097206,12424498,2556894,535052,1510701,96937183,288500,2572990.0,657416
2021-07-02,2839300,664574,361741,676193,936985,2186470,5728362,,1427145,3567318,21799362.0,2845212,,698481,200383,4115822.0,762878,31187847.0,694575,14991904,343733,8078199,2646056,222149.0,893328,2105172.0,129537,1625866.0,76968,7039,1331387,1070989,2310395,391759,223997,836381,23327946.0,6552344,635773,363288,,18873319,22700806.0,,395513,1117459,1033694.0,5688097,175610,7757095,3793532,1502591,16147874,87010694,634654,428351,3380706,4845789,5766294,8046676,198653,587679,115279,498350,1044093,,2602437,1525637.0,602850,1215196,45208258.0,2368774,3648401,1313017,1918854,1314846,4831093,194721,,462442,2927380,1475132.0,52237,1508390,5134813,604716,26038542,11598345,2167058,483291,1374832,89285266,233116,1523171.0,482463
2021-07-05,1278849,678137,234119,312770,3668502,2615241,4039204,,908882,2227187,22592068.0,1109598,,1213613,109215,2349884.0,411222,13395844.0,388587,14380374,179763,6326023,3195227,318647.0,1012336,1237173.0,68928,1221536.0,100990,30129,1594919,648211,3073916,559940,188323,596884,21061632.0,2490716,190734,256146,,9157516,26773911.0,,261608,1024653,911303.0,6308004,117160,3302980,4017824,1090591,6046731,81200498,250192,1606865,3754396,2670464,2811510,6086996,431589,629162,61815,446578,917146,,1959414,933521.0,565894,476461,29593378.0,3715488,12462074,1141364,2692696,2534834,7368845,174676,,287665,2420261,722496.0,33945,1027496,9527828,277499,24896313,7611881,1315502,394250,958840,31862622,231705,1020510.0,448742
2021-07-06,2324055,743379,383836,1205140,1669134,1291877,8092484,,1611520,5658354,40959552.0,2173764,,1145888,338935,2461432.0,939606,55173904.0,663536,20407200,469380,10592893,2624877,186106.0,795004,2334004.0,106189,1948057.0,124217,122324,1950373,1211294,3299311,281078,311599,1032546,34948941.0,3872829,446748,466099,,16569695,38826259.0,,496018,994515,933227.0,9794206,250612,14953065,4416004,2098841,10574109,100673719,468930,557859,3736972,2847815,6344174,14973609,400188,1660855,67644,428094,2282955,,2907342,1544391.0,697946,910022,30657627.0,5247140,9652724,702205,1805799,1423997,8349369,332445,,806879,2061467,824434.0,69828,4300948,6553280,642723,26667482,5484305,2706156,667331,1450250,101062991,282510,1570247.0,474273
2021-07-07,3641814,1041734,352762,813672,1205895,1646235,6728880,,3443578,3334905,28770363.0,2420812,,1589837,319414,4049074.0,425092,51089435.0,747224,28300482,414507,31339054,1855070,281204.0,1014372,1872744.0,146440,2759779.0,301108,116385,1438141,1156006,3384963,272579,1429881,869066,54377731.0,5387795,282303,481668,,15259344,24539745.0,,418567,1125488,2250223.0,4306397,295314,5703720,4433508,1407707,10766046,123009564,520361,730260,4092586,3198679,6489422,6985142,284221,1437006,65910,472622,1302542,,2429623,1563781.0,953555,1126546,32911588.0,3466894,13172644,1253511,1512424,1801515,20701149,234933,,700666,2149450,1589291.0,83411,2327302,6470697,763136,20623951,6895220,2779840,485369,1922540,92050869,457272,1555431.0,370038
2021-07-08,3327162,960307,558568,997791,1657547,3380114,14056711,,1981323,5528740,41982501.0,3088067,,759491,341034,8402880.0,514846,37798725.0,1651334,35001175,464465,10494225,4016143,314403.0,890453,2640596.0,257325,2770078.0,175354,169666,3493773,1563714,4155161,284118,399004,1458564,38586174.0,8387291,275270,558000,,17494290,36164055.0,,355546,2034286,1110345.0,2945304,212541,6693195,6227352,3207919,15116842,171421651,1067792,953385,7051896,5532698,5047303,14281982,402380,1082676,78537,951758,1373016,,2159019,2647507.0,1359008,1612740,51353991.0,3319894,7293503,1587194,2559823,2209254,6311624,314952,,587555,2889132,1353153.0,114591,2042508,10612661,665190,23688115,23751941,2472396,508564,1285959,59267202,418320,2176113.0,809968
2021-07-09,2756079,591369,449550,777379,1593701,2095526,7823845,,1426900,6194083,38170667.0,1985694,,943230,249451,6214697.0,1296853,31130565.0,1282416,14006336,389937,8448409,2117311,277356.0,1024169,5041386.0,244585,2398540.0,145113,241473,1528871,1367638,2302072,179469,257527,628533,37912369.0,6400994,481347,546698,,20736593,16856998.0,,287025,1289719,988357.0,5204041,153947,4410935,4590238,1496920,15920480,165241110,822212,660061,5297356,3275735,4614092,13365901,197582,1648182,80128,950717,1164722,,3128398,2403402.0,1140766,1085220,34263752.0,3274034,7234234,1252352,2264913,2287871,7311825,261757,,510715,1760571,985434.0,86601,2520991,5468761,726505,20044104,6870687,2357227,518993,1700210,58134623,433327,2439554.0,614350
2021-07-12,2036267,745656,686690,520658,1109085,1564212,7180369,,1538438,4328956,26113468.0,4845719,,804802,219620,3370625.0,730051,20909471.0,2168223,12242929,500597,18861858,2173489,167359.0,1630589,2091465.0,192924,1410585.0,151534,356499,1156800,1800949,3837451,136378,283587,886949,36495306.0,4882344,218480,398763,,12387291,21542450.0,,359141,784074,949746.0,2879639,299913,4655160,3549705,2120168,12534509,102046957,263607,611513,5375745,2044593,4490023,11138447,157198,744429,79157,551602,1000940,,2706662,1289818.0,544310,1031025,56885664.0,2148294,4294560,1130488,1378745,1999128,7214721,250159,,1505683,2046986,1934264.0,59130,1169774,4624396,493718,16890871,4915070,2733456,423992,1011118,45153635,306778,1530968.0,526172
2021-07-13,3660244,984409,698834,568713,1200128,1621379,8720309,,5039988,3936728,38505222.0,2729824,,1116335,145579,1771627.0,825676,19229617.0,934095,11111223,416780,7938766,3206642,207922.0,605636,4179534.0,190713,2817207.0,507808,72887,1359474,2251819,2702176,196104,191347,1203384,23376526.0,4707221,269955,553020,,23439650,20442342.0,,238754,1760491,1080806.0,1867491,332496,4192470,3349485,1583521,16404291,172623882,506130,609032,3486408,2229414,4585125,18777174,131623,1126452,67709,487877,1822680,,2951765,1745198.0,864763,889578,59253630.0,2396296,6426142,1680758,1347316,1431581,4956637,222566,,436131,1796496,1780039.0,109807,2320791,5090664,658559,20343879,4212945,1497732,348009,1306839,98406915,370520,1245034.0,542122
2021-07-14,3777024,945469,912954,672301,1002386,2259891,6967245,,2336481,13800782,38592489.0,2976424,,793446,160857,2096007.0,529558,50621963.0,887258,27162958,598218,6554099,2868511,330461.0,614115,3808481.0,220182,2270373.0,280030,37839,1069248,2046667,6194864,139080,165678,697892,31366708.0,5906293,287936,543056,,12465401,32651428.0,,461515,698983,1272805.0,2609659,175094,4215815,3960839,1801708,12176027,95471802,564002,591069,4112405,3517810,6907496,22618150,149135,1325257,103889,536177,857701,,2787516,1340854.0,1020156,1238960,51974687.0,2482745,6444897,866664,2421749,1495334,4984664,678001,,460953,1805915,1275797.0,96776,1723988,3494881,596689,13411753,4512423,3258421,496069,844893,82225236,552549,2139815.0,719829
2021-07-15,1802758,1273256,696634,585605,1121177,1614422,10128495,,3788349,4352976,31990226.0,4800918,,1187452,186521,1934342.0,677159,67202302.0,1402508,18225107,648239,15974584,3688085,343564.0,972143,5027415.0,200261,3125403.0,144940,90017,1213395,2073103,5123588,161687,544642,809600,39348449.0,6067368,363052,478540,,17123923,25080266.0,,512051,1003906,1042320.0,3173672,241089,6580040,7982784,5891471,10750036,114491702,798558,685820,4382844,5748527,7464071,11182221,257614,1145877,203969,651184,1173262,,2333847,1788240.0,1491767,1778909,36680355.0,1683069,7981431,1322070,1486071,1364764,8327879,586480,,498600,2072549,1581091.0,116428,6478160,6232449,885388,22242734,7162931,3327898,417878,1548551,78660389,623630,1646539.0,798765
2021-07-16,3339088,1525392,482414,962502,1540848,1733794,7411506,,4072238,5223755,35153358.0,4333342,,609540,290409,1499192.0,730237,34118331.0,1833808,21835489,728667,10830769,2053385,526413.0,1168007,2440494.0,311759,2816420.0,216982,25352,1701457,1208566,3626505,301786,460053,691869,42595179.0,7640363,320923,682552,,21137554,31981132.0,,1347891,1002531,1412529.0,2695812,280577,6996610,6520740,1066426,11384646,121824323,651472,784570,5710319,4053394,6827758,11872919,261409,1372263,93576,816854,2909695,,3113221,2445809.0,1220359,1564657,48974187.0,3877733,8483416,836764,2204941,1987668,7567358,296945,,758124,1547702,2231318.0,183404,3995755,5915842,1262581,15135879,9147113,3279838,582055,1295219,62406757,707372,1973657.0,814407
2021-07-19,3096881,1810796,482973,841782,1726435,1876512,8384545,,3265971,6224069,42659558.0,3449505,,1545466,359903,16957002.0,522608,65451501.0,1083696,45405144,844609,27148944,7156436,277592.0,1447967,2812550.0,267588,6572090.0,259125,39329,1425635,1764540,6302361,327071,545032,1015336,56887905.0,8788349,348264,401680,,20668481,40390242.0,,636639,2054291,1858742.0,2344897,293929,8829550,4887740,2244317,16154980,218332880,639931,1799037,6738890,5026681,7480312,15705893,832696,3150328,289066,697027,1770173,,3244067,2660538.0,1192483,1586160,80560965.0,2697508,12502505,861841,2243673,4287923,9938197,288903,,1041870,2428924,1580188.0,107050,2453595,6034139,608440,40024765,12384062,2920240,629640,1392718,177547177,331519,2080944.0,1896060
2021-07-20,4687701,2103479,600274,2000519,1743046,2714202,10757441,,60291388,7666066,44276931.0,5137590,,1609205,457804,4008866.0,1084868,81703580.0,1314722,27943520,1222891,16662940,6193897,591434.0,1718275,7665039.0,264554,5381779.0,285091,65053,1978493,2031335,4831279,605390,411959,1318686,55315987.0,10932918,467532,890981,,35484539,31458204.0,,1039014,1857151,2943714.0,17479331,646046,9477170,6726755,3553108,19684007,283626711,1431621,912273,8952370,4813372,10151312,24903294,601427,1537204,343334,1066235,2852533,,4203710,4084971.0,1460944,1841453,46922443.0,6561445,9411638,1249364,2801311,3008568,11882373,661060,,782835,3900717,3052575.0,156116,9127679,10920906,546421,26657755,15737521,5021168,725016,1594114,114035350,627562,4559939.0,838258
2021-07-21,4731900,2025472,620662,610081,2090740,1791122,8346860,,5158277,4859261,27027116.0,3859865,,805203,781307,2168972.0,631672,53660767.0,1278836,35020315,1427562,13767666,7207066,270270.0,1269119,11804833.0,146193,3262934.0,321311,27402,2037713,1336990,4907639,328480,383025,1180887,31822767.0,6331233,272140,404999,,18849481,40409515.0,,563910,1532980,1536041.0,5551955,278347,8376940,9239629,4578930,14274171,113299851,561821,537877,6410437,3027061,4908621,13822913,1208598,1064236,103913,698122,5353180,,2265016,2021775.0,1219567,1069751,58146934.0,3504495,6373930,842264,1210970,1321084,7082587,782945,,660899,2122970,3238533.0,75748,4553054,5765710,476382,14312681,9851509,3876130,621265,1002837,263352287,670667,3462599.0,966453
2021-07-22,2836563,974437,306818,577285,1359047,1610601,4567044,,2992786,4385680,25686515.0,2762114,,1176885,320953,2177234.0,298340,34370652.0,1397573,13959312,832669,28285622,1457572,223924.0,602945,4223100.0,152560,4212893.0,173154,73745,993362,1883222,3964825,191784,335482,542609,22114648.0,4373612,331849,528579,,14896047,24834511.0,,501422,2427300,1557963.0,4056648,298726,6366675,4010242,1911762,6290591,96907443,711066,409604,2454546,3623489,6320893,20785693,332177,1031954,106804,785139,1648577,,2234297,1814804.0,1881177,1427108,33227624.0,3120750,4377918,1086717,2159646,2102975,5813672,382746,,534561,2001880,1247561.0,55589,1355642,4078940,554104,11126909,15476602,8581233,597356,1336017,73613705,789973,1789361.0,736438
2021-07-23,2162424,889184,468971,741820,1254176,1953874,5712955,,1865735,5204083,18625582.0,2184193,,2649687,191715,1785419.0,427573,24361379.0,705869,24098119,445014,28988758,1602006,287296.0,488487,3150641.0,180614,1374642.0,152933,83085,810156,1078800,2166227,216456,482644,915935,20819312.0,3389315,179487,326426,,9358354,27857274.0,,276862,2063401,1069031.0,1922881,215004,4211890,4041990,1275941,6882525,79890316,549991,441324,2843715,2796368,5109722,13168743,238890,759308,58327,969537,794368,,2649890,1616132.0,983807,1287132,27430224.0,3260981,4723928,815911,2576364,2589687,5155016,302891,,335165,1486746,1444625.0,105626,1734554,4473998,336534,17053387,10624033,3670939,373239,865718,102059181,294921,2264494.0,514962
2021-07-26,3179802,1237041,210444,672230,1562576,2122203,5420944,,1967668,5439307,22089394.0,1751493,,2093571,476116,1886787.0,507398,37157587.0,858757,16775630,564572,31116700,1481640,232596.0,575212,2494333.0,277894,1700192.0,119157,49684,942110,1043476,2230907,317515,349105,543069,36326961.0,4151193,150050,463267,,18758188,34929563.0,,334123,2291390,2285334.0,4199949,186198,4450600,3464810,3818052,5371959,113182682,458514,1020748,3059827,4032194,5535976,34098311,171123,1188743,100151,416863,1480422,,2035831,2153327.0,849983,1720850,24293337.0,4512517,3210758,527323,1552274,1122276,6972090,318632,,290358,2527156,1015986.0,181278,3166166,4222883,350301,8216790,6410507,4771389,516113,867827,87654362,1498349,2246516.0,1144364
2021-07-27,2920004,693363,253770,695033,1404990,2530092,4500422,,5105316,5385140,21220583.0,3049369,,1589451,289788,12091912.0,417753,30263430.0,905365,10412166,393387,19761493,1305060,603855.0,1040306,1867336.0,128859,3961607.0,169118,77306,1075396,1642748,3313502,305259,378602,890796,29004292.0,5421837,312811,458343,,18925080,24985795.0,,697411,1912419,1428870.0,5505171,316737,6546510,3308720,1261388,11420096,116360165,624411,806159,4929070,2703157,3473466,11354725,208765,1129217,94682,538869,938032,,2331452,2221346.0,4435859,3259093,42938563.0,3923350,3775787,713364,1782697,2113736,9667756,621400,,330358,2234926,1574517.0,80850,2042534,4605838,696173,11082952,5330727,4527503,603603,3337963,54203438,388443,1574813.0,423213
2021-07-28,2754032,634157,591300,627196,1015563,3293166,5490153,,2210869,6327762,53572257.0,2212642,,1136462,153230,1972839.0,378968,41006903.0,780972,28010851,622659,15194008,3367501,357985.0,937782,1538454.0,111209,2607224.0,133381,45124,1745336,877363,4856644,242686,189522,1378345,41113162.0,8705855,206681,438882,,26888237,29062331.0,,801351,2052279,1947244.0,14991618,352738,3361020,2581941,1517138,8076327,148437402,548943,723500,5346306,3425882,4845793,10252884,176023,861927,110964,498819,689760,,2288881,2056921.0,5217279,1338071,45174880.0,6972409,3729305,943211,2187198,1871636,12527622,908305,,453805,2382116,2102268.0,129126,1892374,4499725,405189,26063823,5300254,3247866,444970,3453404,92656286,457374,2035346.0,524529
2021-07-29,4112063,917117,265791,1088147,1327982,1952662,6456336,,3008574,11500976,32079518.0,2741759,,4011758,175905,1823934.0,396958,37771558.0,644497,68810793,809773,17932639,4796748,311142.0,1873380,9428961.0,152409,4259619.0,108695,107144,1613895,1285251,2778072,218157,269305,990092,42930012.0,7088236,440033,497953,,21830715,36846585.0,,714476,852593,1586255.0,6216660,621136,3747215,3197851,3122593,14806299,229195738,548299,840865,7203968,3388691,3347434,13812032,250494,998462,159377,573190,1293792,,6360374,2627669.0,2320772,2086607,33575595.0,11335177,4142356,1050699,5248143,6057700,11509918,511205,,661410,1590616,8159593.0,89764,2652534,3917152,408594,16395489,7591184,3238212,444320,1158448,92081469,1369475,,683463
2021-07-30,4040162,1003970,371742,1163644,1017231,3715782,7722437,,3871533,11132940,27799937.0,3599047,,1497049,232545,1625357.0,722089,45682999.0,1113878,32537277,336515,19855467,3125913,292930.0,794148,9272541.0,216213,3441123.0,124329,68218,1129697,1350678,3524033,267428,355159,1096545,33092283.0,7626541,274075,532556,,20636760,44289833.0,,314315,1338411,2034855.0,6773264,1037512,7506665,5370484,3714774,22593775,177334015,680194,1023671,8350592,3233808,5803258,17897339,234508,1150042,75463,353643,2578365,,3353083,2485428.0,2302766,3565267,34598635.0,4367758,8373948,1654188,2644818,2452043,9645280,356853,,1637551,1475856,4398939.0,89459,2888284,6073221,596829,18330077,7637393,3779528,908220,1640732,52510015,812800,2535014.0,777751
2021-08-02,5800833,709020,495809,662619,1501411,2007717,4249440,,5217517,6958521,30112526.0,1693530,,1725833,111672,2055694.0,549640,31427948.0,1002204,15180720,604450,18967378,1442111,261046.0,622829,6960241.0,116909,2592378.0,122793,23202,564697,952213,3057465,328134,258247,888180,24220051.0,6269612,414608,640638,,17109614,25441301.0,,243543,810307,1075234.0,3021133,610821,7083180,2593509,3029817,8519052,131446292,448300,514708,5927003,5401772,2747341,17780263,191659,610204,65498,345687,3324872,,2596993,1610294.0,1191595,2434351,40770581.0,2665715,4678303,1554241,3033851,1690488,6391004,369804,,1144190,1414545,2980022.0,65416,2847734,4834521,313471,10984155,4889415,2523212,580256,2929635,47149688,696021,1574857.0,460474
2021-08-03,3295455,594209,620289,953253,732978,1850832,7806183,,1397670,8410494,25957326.0,1732475,,2537956,154521,2063796.0,621862,83908375.0,503321,12764187,1331031,13046282,2052938,233593.0,683639,5312050.0,95770,1771619.0,152534,66547,962986,741271,2568718,435765,316973,1335163,29321436.0,7482667,264026,465606,,15536542,41754077.0,,608371,2473697,1550971.0,5186066,620864,3894015,3442314,1037986,13821051,128068426,287467,520110,5812529,2641065,4213796,22325073,159121,751879,63543,397755,2553624,,3878934,1966625.0,1553901,2153073,31802249.0,1881862,8467697,1111399,2753104,1916458,42655184,329328,,2692112,990939,3206781.0,43648,3115512,6179754,369996,11209068,5924035,2284341,370047,1424275,46258137,816602,1892711.0,548870
2021-08-04,3236709,865583,393654,978896,878913,2124287,7565588,,2569377,7784233,44421678.0,1998349,,1192852,134450,2248531.0,526669,73708367.0,885568,12807104,770608,16848617,4556279,660783.0,895878,5941674.0,186443,2351043.0,151246,137815,2608789,952336,2951387,329740,380128,1054967,38795248.0,4680458,750591,596018,,18661817,16291162.0,,727158,1427653,2536915.0,4036493,1132658,12168155,3129042,954838,45842638,119502780,800783,887777,5480176,4065066,4240886,14477969,320287,1057043,67877,537808,1694293,,3388070,3198045.0,1694303,2338969,44352416.0,2340839,6439900,2530558,1980229,7785347,65237134,349140,,1367360,1491580,3701426.0,139908,9843017,6358895,573385,13208022,20557385,2414872,349323,2048971,48358180,655320,1888368.0,964052
2021-08-05,4748693,1179705,606320,750218,4378626,3176108,6792091,,2390496,5089767,29177262.0,2436012,,1583332,226936,2173404.0,481739,54836534.0,986422,27695149,1148949,16408189,3540633,344274.0,404421,3721617.0,140452,1625728.0,104807,44602,3069564,1056199,2305559,403084,589797,866269,50081251.0,6435317,434954,653016,,12040460,22179102.0,,373645,1819717,1247740.0,5002993,521219,7726435,3770399,1262545,18151595,209014249,988057,1619752,5203868,3903209,3696351,19282329,240144,724317,110811,1273792,2020602,,4596871,4734820.0,867102,1528147,97643488.0,3192986,4337367,1358205,2499467,2696320,45137773,381656,,1366074,2019716,4722383.0,96238,4895329,6468081,433548,10405987,21437613,3705457,939334,1283558,123936018,891281,2957925.0,704829
2021-08-06,2613946,618490,274662,698376,810818,1482102,6680435,,1781801,4213557,43064760.0,3246822,,1467052,130458,1353307.0,658075,37607345.0,852296,8798640,847357,66309738,1954706,264759.0,473353,3755138.0,222673,1512211.0,157660,124033,2325481,1562608,2550334,165611,893572,2314906,31968210.0,6324201,1058669,957194,,16132397,23118577.0,,801692,712646,872037.0,3416188,555197,3342790,5261761,1108614,21685704,189035870,822989,896661,3423213,2668436,4686375,12576156,139493,645375,66216,1238576,970605,,4006121,2890027.0,875571,1152125,61814789.0,2672659,5163240,805058,2204173,1806589,75926266,438363,,950024,1458496,2552519.0,151888,3420383,7720724,536039,9738771,8921994,2799591,593511,2040978,100410683,868484,2343123.0,409705
2021-08-09,1551698,673079,323239,890588,1961934,3284418,5151802,,2194047,6288822,24985030.0,2468138,,976087,1595995,1684742.0,976831,37437060.0,476780,20500006,1113279,15271673,1245752,180927.0,554587,7617994.0,186049,1009335.0,149317,43532,1770868,1587456,2656417,506839,753237,740848,18754188.0,6834541,523646,957808,,11323935,32346221.0,,886920,1388544,626388.0,5814536,1276069,5230610,3739468,1514864,11126331,145241106,415174,386658,4126942,1969159,19345950,9283122,180960,491779,62800,584247,812479,,4582639,1987320.0,836200,1406623,35415633.0,1449647,7340705,617199,1633590,1064977,12975421,582136,,2654530,2306656,1580760.0,134648,7504516,4811302,389029,17219563,7426530,2248416,406765,952164,77133155,671733,2450142.0,452668
2021-08-10,2873349,704804,611729,1684487,1184770,1886342,8077646,,3726224,5915719,23847919.0,2679715,,1694016,1525837,2768126.0,481292,41907557.0,1405771,20213604,1054120,8452469,1731319,271450.0,708538,3680074.0,150880,2315785.0,87596,849536,2526043,1145354,1382936,221874,503717,1270493,26824571.0,6796352,580191,373428,,33137155,21581197.0,,873892,2140682,834512.0,5723575,532324,3274550,4947244,1067085,8398009,146480424,674047,536852,15623932,2025403,4528248,16098952,223222,792302,67807,1304230,2435250,,2711850,2941515.0,1110604,1911866,32975976.0,1532038,4740862,713794,2593423,15596214,4272139,552268,,961847,2321528,3959397.0,130905,3797487,13601709,359425,10508875,25266223,3123927,495962,902322,38324507,602832,2608923.0,593276
2021-08-11,3886324,822073,681787,597459,1590064,1642134,10096475,,1886529,4574476,21471281.0,4225933,,1101883,134438,1742783.0,334464,27870340.0,752065,15822502,442553,12044026,1702726,249255.0,852546,4291802.0,148565,1972621.0,210661,188684,1830350,833984,1613445,243712,368379,750796,69336221.0,6483427,641876,513445,,15908675,22191718.0,,669232,2292079,821137.0,5218797,225881,6728415,4494473,876492,10445828,93376765,891084,417040,6542497,3205204,4406614,10601629,127246,1203033,61942,520235,869397,,2293754,3944228.0,1067671,2155211,26418958.0,2077168,10338603,910435,2336845,1917969,12156809,362528,,616284,1491714,2317506.0,124740,1582485,5478457,377449,11808674,8903450,2075833,312761,1204957,52765758,407641,1692786.0,471980
2021-08-12,3481631,2122199,505728,920626,777116,1220031,15957231,,2794210,5584820,33481678.0,2649175,,1070814,126956,1520335.0,405779,51710456.0,425677,14929807,651303,12043096,3302395,332136.0,903612,2888060.0,175966,2348654.0,52177,102802,1691754,1275020,1140899,231679,192854,1273548,49451183.0,4031646,629118,530523,,19911635,23388027.0,,458684,2960015,1347813.0,4457505,144573,19856280,2936359,897045,14877924,120589951,718851,506454,7799168,2613694,7572996,22620544,157250,676040,205816,340819,1497603,,2777649,6067969.0,1475380,1635166,25667092.0,1367782,5876399,812388,2980488,3250858,2791875,150512,,991830,1252107,1938977.0,102033,2062780,5509531,431478,14025742,15686327,1963789,308048,797516,47721118,579417,1636897.0,580541
2021-08-13,2470907,1026634,334701,510962,545203,1569283,12479913,,1739398,3398078,22421190.0,1753534,,1933131,189334,1224808.0,262203,80590108.0,357667,15520976,691971,8592243,1488781,198163.0,425591,2148899.0,129506,1406786.0,101426,147671,1445430,447460,1568964,185061,387256,611623,20778707.0,5874824,339482,407125,,20477872,17086853.0,,354053,585603,1048582.0,4132574,257819,3373015,3366083,918285,6819404,97244160,341826,290896,7110966,2745484,2752961,19101586,108203,764139,64063,355827,850827,,1158974,2056098.0,1572617,2001636,33545238.0,1599535,4687875,752894,2191369,1277523,28294166,171145,,673657,1001849,2185559.0,61785,1137917,6842772,405294,10918907,11217776,2415396,400828,995624,47549888,343928,2166766.0,208615
2021-08-16,5383523,2950068,288161,536841,1148742,1051065,9842191,,3866338,4951971,49644007.0,2140777,,1123411,3722717,816757.0,338715,72501819.0,798784,11424018,580968,28059709,1865185,199486.0,500770,1794315.0,157924,2511933.0,34874,116230,1212302,614018,2845001,218666,291859,858238,45772515.0,5344319,504673,349824,,27120773,23186700.0,,462105,896970,2776503.0,5919570,148206,4669130,3681577,1275645,13971691,129649585,474847,574600,6635041,1539742,6856443,20674189,137818,666485,56637,505268,970528,,2442820,3448606.0,1238031,1656279,29794176.0,937188,4383704,801894,1791925,5978389,5457603,191269,,427203,1888378,1356040.0,60363,1106374,7914769,352568,6994404,5173607,2084304,356191,790327,32384638,423829,2265582.0,630318
2021-08-17,3394214,712235,559932,528323,2776605,1769781,9276304,,2777291,3570292,43163979.0,2377976,,1619334,4654806,1523790.0,305748,36927308.0,936009,18956854,2267173,23139676,2373634,249983.0,525650,1559386.0,142001,3142848.0,103884,209815,2512774,841982,2294218,199832,982587,1192483,27693194.0,8217838,387526,380969,,22465004,27791833.0,,522993,1405159,1066840.0,2310935,194166,4790330,5520062,1055182,7718019,142452591,423325,1231659,7212268,2200668,4240846,17830352,701379,2019025,88948,613212,1396091,,1982674,2978007.0,895626,2253545,27753500.0,3520791,6274604,698817,2041300,5252277,47224101,176867,,693914,1606776,2198637.0,61330,1687050,7982042,413001,19749456,6145260,2107445,602565,1132096,44109783,1382828,2384719.0,509094
2021-08-18,5629532,577845,489281,469755,2034936,2360869,9768189,,3635886,5695933,176161271.0,2084429,,1522221,311654,2092556.0,293888,31215425.0,919575,12932744,668197,14521470,2606632,255554.0,823511,1901564.0,117297,1951866.0,79938,238832,2374165,721867,2534169,144888,278025,1057017,51817343.0,6126916,333961,481960,,12047961,28171981.0,,300033,914603,1073060.0,2188626,188873,4032035,5216434,1271740,7403296,210746042,302895,835414,7351017,2436380,7166379,15092310,181875,892265,77116,2419500,1230507,,1889344,3264946.0,1772352,1637518,28383513.0,2273388,5141276,734723,1091295,1510162,17813563,664325,,758071,1154843,1493742.0,60413,1664275,6846193,514767,10728813,9531817,2010852,353065,1025824,50925435,412498,1545608.0,262475
2021-08-19,6899542,527232,513356,1019838,3602787,1874919,9243468,,1745582,5381242,40544150.0,3051464,,1428531,208904,1981632.0,655122,72940536.0,2755199,36169677,604611,10314529,2372177,267748.0,829727,1691033.0,99294,2300486.0,94592,110751,1521910,984418,1859063,200962,471610,1238183,83069908.0,6312047,767383,382258,,14897497,22103456.0,,411564,875017,2046234.0,3154428,310995,6064220,3941482,912094,11040407,121780565,378046,676176,9977923,2665375,5296270,17727476,179132,894621,94324,703111,1089915,,1773515,3742827.0,1096129,1237079,32093046.0,2509348,5026138,733252,1655265,1027181,7004581,706653,,590525,1557985,2187255.0,82473,1440725,4873500,588147,14168274,6717746,1781071,361130,1077031,176219310,660159,2498547.0,419312
2021-08-20,4969708,1334559,557167,1197618,1588356,3796883,8260869,,2727142,6453333,27386058.0,3542173,,836830,135489,1614088.0,694816,39110800.0,2297101,19001533,338617,11804509,2078248,173234.0,1113613,1739603.0,127938,4701112.0,118533,209149,2694811,754362,2685802,166608,273890,934214,45455606.0,5650396,358018,546820,,38496222,21390396.0,,331369,926642,1207045.0,3692750,169864,7062610,5071977,1996166,13132057,94540376,366675,631671,13729840,1996288,5833142,12455229,303189,1123633,152805,634635,2073964,,2326547,2228810.0,1225223,1103450,22923236.0,3695192,6225988,701835,1688665,1227483,8045717,308737,,629866,1484265,3113317.0,83146,2236339,6454657,667607,15199293,7057862,2386975,261615,1189676,43743164,425167,1953593.0,422490
2021-08-23,2651459,698074,231531,471362,1289088,5451945,8675729,,1155660,2932362,18508495.0,1895178,,571134,137140,1687229.0,458442,42383976.0,1250863,34330690,338897,17216744,1490034,138939.0,293065,1553573.0,185342,1962956.0,167230,328413,2026764,672371,2126054,257465,415417,901624,42960563.0,3913181,308176,265050,,23577771,20851575.0,,539144,667182,777647.0,2282755,255124,10902050,3232873,3909387,5412413,84657085,359049,469547,6593802,2068688,5178951,10362380,133312,774730,242186,347708,1418533,,1549189,1894613.0,938742,742457,46712145.0,2317549,31845524,454441,1020507,1194443,3735146,249422,,456801,1476231,1893084.0,65713,2035767,3873739,512323,15758622,4672955,2248770,337219,906247,39855090,706343,2144708.0,265465
2021-08-24,4173463,1370286,541869,1004973,1187404,2630950,8630384,,1722880,7336329,29212706.0,1829968,,879799,169337,2864350.0,573621,32580211.0,1229484,18341399,607983,15091860,3064446,179881.0,502874,4646977.0,207177,1709666.0,82335,140817,1075302,1471344,3907911,216689,215158,574194,46540941.0,6540031,379764,388195,,23988818,31556809.0,,629165,878469,1359910.0,4106048,195550,11407860,5179962,2039759,8193493,130225067,438789,972385,10648893,3349836,6443199,33326839,472939,1455912,178604,508186,1481960,,2208750,2692024.0,1059557,903261,46354380.0,2659704,16929980,1064058,2044617,1459782,9124564,192971,,1065729,1772324,3501749.0,78030,1761151,9596808,312275,19723272,7685829,2975277,306296,966453,45429935,538997,2127630.0,686826
2021-08-25,4327472,1890538,318250,399653,1152895,1049797,6486926,,2711109,4744359,24880568.0,6157881,,2505455,117268,2046234.0,354756,20469164.0,826744,15089470,698119,9776348,3214346,366725.0,716649,7163199.0,106720,1270149.0,110165,432307,2359449,741157,3401815,205647,312193,661919,35452433.0,4021824,568611,362910,,23474559,31878456.0,,542676,636580,1330976.0,2493933,175163,3544805,5430558,1506615,6980283,104292224,336361,483926,9890428,3314633,4965726,14053912,114209,1533757,71647,448382,942270,,1793196,2896101.0,661137,984180,55529088.0,1158440,9030052,1734711,3290437,2139788,6625085,273535,,692429,1229769,2152109.0,52113,2501780,7190215,483440,8641920,7517697,2916670,486043,1363029,41340346,541403,2496055.0,410942
2021-08-26,2303822,665441,361648,802890,863113,1324085,7869530,,1273495,2617069,38524901.0,3790188,,6323341,115872,1363147.0,462925,24901687.0,746425,9547895,391227,6460573,3243981,331286.0,1590141,2711094.0,173962,2204416.0,127899,227223,1992414,558835,3476311,210003,523372,373021,19974058.0,4749063,276537,852747,,11171478,19625558.0,,193312,733765,1356207.0,1408398,119398,3265695,2703990,1310102,5759647,60504059,332472,568380,4212042,2800180,4801054,14625474,126866,762267,95603,416450,1107744,,1821787,1790997.0,505624,952786,26115670.0,1265469,6161680,960876,2868802,2792275,3928417,178849,,594551,928204,1122519.0,44345,1657467,4136912,541013,11438243,5778395,2367786,382291,1154857,37322556,514039,1686987.0,269371
2021-08-27,2669894,958575,331071,626223,720488,1284433,10148218,,1607899,3053376,29684420.0,1711274,,1336230,836043,1256553.0,469161,25936073.0,650408,20378137,268694,11242232,2439706,235028.0,955866,2686771.0,210945,3411928.0,83650,219799,805661,442949,2634246,128216,491131,1120947,23525153.0,4367571,269011,504473,,16377892,16347877.0,,219922,1719071,986741.0,1037626,184112,3067825,2343111,1830889,6898551,86397494,402293,694399,5738044,2095113,6915342,12378859,114857,577675,77430,320422,954664,,1317628,1400608.0,663171,1002003,23153722.0,1714273,7972175,506617,3003086,1259506,4854860,225999,,555771,1083366,1301759.0,77628,1535375,5558763,636054,14549367,9301521,1889625,383413,1753459,35621168,275025,2085315.0,450091
2021-08-31,3800877,802631,572336,1441752,1909205,3479701,14483266,,2941351,7082940,65512687.0,3778113,,2428919,515532,4290709.0,2074597,75469744.0,1271438,22204885,1112264,19665229,5389796,389793.0,938823,3107190.0,387553,4637023.0,123060,138645,1773555,1780587,4192515,190338,500557,2512300,41631195.0,8856550,533314,669945,,32462404,29296242.0,,825964,2078783,2300832.0,3957104,328788,9638020,6429783,2156694,11505944,180138382,902033,1946989,14852718,5063822,7415250,102138164,312216,1908938,109763,1028812,3152703,,3788210,3764210.0,1792765,2069386,45427815.0,3378221,13182830,2000541,8244332,2971977,26364398,204932,,1325630,1701061,2946107.0,124003,3345381,12264346,2011913,23098046,8799081,4149948,647284,2717631,171101415,1544573,4179529.0,800632
2021-09-01,2544067,1184334,618508,667999,1205901,2220126,10425606,,1535206,7862946,38587321.0,3199110,,3055746,168835,2959234.0,1273402,32877687.0,850532,14537102,718836,19739884,4724454,221999.0,2055552,11014023.0,203510,2227934.0,135300,248985,1591265,1558062,3622761,278761,395358,1416171,37340105.0,6241301,383962,518485,,18015714,20707501.0,,423243,710718,1156091.0,5651969,186436,5840685,3892842,1779807,11505149,114135172,353967,961780,6006193,2993962,6689898,22161673,157442,1398778,166183,556436,1814566,,5567825,2375652.0,1847308,1749156,31972441.0,2605740,8518360,1080717,2089683,1341815,8525091,215004,,786675,1867579,1499929.0,65021,2544340,6870680,622741,15871532,6586647,2591909,495426,1841891,54469205,645672,1841499.0,557193
2021-09-02,2704999,499096,387384,906099,912357,1237009,16407994,,1286043,2777947,22671065.0,1626690,,5897312,193883,4906769.0,646261,41292118.0,2049478,26034618,544263,5360468,2539815,239330.0,862671,2071672.0,135960,3231607.0,109023,552542,1021374,1685069,2209624,136488,303868,1078865,34710347.0,6299981,202993,675113,,17756137,12584370.0,,357867,1143079,1098490.0,3703494,218237,9113690,4872867,988484,8961739,124161702,489349,1934752,4743550,4474643,3601460,15085770,124038,748016,90541,902139,1110577,,3428081,1982153.0,1737658,2430168,26275422.0,2262984,4827602,858264,7134824,1474108,13149348,210691,,831055,2186654,1785621.0,70271,2932436,10370547,434987,13215537,9601247,5211621,563259,1454923,59817986,535788,2624436.0,391915
2021-09-03,1478804,491134,330700,769086,1054909,3630424,6093574,,1257456,3557207,24072521.0,1676121,,1215576,150418,2981499.0,852967,35754065.0,1041217,18110717,975032,22616899,2294426,131090.0,961630,3836840.0,236169,2071925.0,80943,624011,564321,533710,2203539,215922,399256,1122266,43566021.0,4862702,303808,505822,,16217771,25744970.0,,634960,956961,1556263.0,4135190,246523,5155880,4413108,1719338,12335062,104016579,576030,726511,6135862,6051892,5002734,15371482,150632,1103799,66494,328139,1063657,,2532911,1841803.0,1428588,1458418,20848875.0,3300630,3988167,936605,1771750,1451359,17696562,225242,,1016008,1584690,989542.0,75550,2797901,5428922,584278,8532606,6197738,3162574,1120792,2388131,46120020,874465,1374741.0,348292
2021-09-06,1422573,327408,424922,671816,415196,934330,5184828,,800437,2364922,11792101.0,1020615,,701145,179799,773495.0,383584,16758821.0,917583,13393181,355214,14523606,1415773,109230.0,660491,1202941.0,148505,999548.0,65380,214870,472942,560631,2513846,223721,326401,633151,32977220.0,2435794,239878,475218,,8646481,15098668.0,,212879,569215,713677.0,1690618,167603,5256245,2325903,721961,13375332,55784411,227794,361900,5144485,3100196,2843419,4899260,89538,409181,63633,421394,660211,,1255921,1490671.0,1080433,716327,13227179.0,2739931,4279453,1204482,1718131,1259195,6063266,267992,,415051,1465404,1846088.0,35766,932539,4081592,312759,11505289,5109638,1857185,373561,1112905,27347892,251951,1324132.0,284307
2021-09-07,2355919,2063716,317027,288345,797064,1404896,4845861,,1496230,6479030,18954116.0,1467716,,625936,239821,1519331.0,525550,24785686.0,1527349,20271892,506074,60016955,4315188,159086.0,561687,2646233.0,436149,2629343.0,62189,713451,2381040,479440,3431581,283971,357484,955066,25583695.0,3985133,208278,260116,,20202903,25759639.0,,541492,830698,1599928.0,2182419,770521,5431010,2435844,891134,33574203,86413291,714958,790545,13502413,2886918,6985286,9583019,448558,809078,101163,483760,634400,,2353881,2488724.0,1872852,1665868,18397655.0,1560766,6721282,1273388,2372563,1176830,8416035,206657,,612907,1535957,1471253.0,40588,1874809,12832734,348496,10007465,7668387,2530584,302601,1194927,50833034,537729,1992620.0,442504
2021-09-08,4368126,1067823,637981,515777,909694,1840616,7866032,,1765026,7973015,49061492.0,2818408,,2770617,782473,4899867.0,583991,44406666.0,2652509,13804552,704014,15428193,3618518,170128.0,1234866,1979237.0,507321,1943300.0,98437,602850,511958,1312261,3780478,255355,3818974,755113,25500071.0,15217017,340227,770829,,18780216,24416347.0,,498259,1192192,1147090.0,2883929,209583,8704600,10527862,2514415,23234442,132109308,1305973,1464544,7616631,3349154,7694574,17053209,234863,826773,144913,982990,1320496,,2495986,2239102.0,1505605,2152142,20066783.0,3055477,4454302,1289535,5242287,1903996,6825477,323159,,1467834,1881733,2188120.0,114086,1698495,6488109,610423,10320904,10262044,4545905,653683,2122571,47669506,833100,1832206.0,686975
2021-09-09,3006066,865235,363916,478639,873976,2523549,15191737,,2589320,5247347,35584853.0,4331658,,1825790,251140,2521391.0,541481,48860637.0,619497,17999489,967740,10795871,3652264,230385.0,1576278,6067476.0,368971,2337031.0,73744,646281,646829,1813119,20352000,178921,316094,656532,29208089.0,5919194,195161,593805,,18675621,44742292.0,,673788,1279457,1105676.0,2088040,247543,15331460,4186019,1474335,8209378,189086621,820234,1238850,6279130,3481478,10679173,21528912,465712,944966,165275,541064,1814501,,2980615,3579389.0,1417782,1546189,23476579.0,2550797,7599853,988352,3563786,1947134,9516909,239769,,564864,3083044,3128151.0,74974,6298662,7745229,438873,21853201,12943268,2844455,812388,1480386,63451926,675488,2581881.0,734286
2021-09-10,1905160,1157522,368172,432393,1001185,1439112,6245043,,1560501,3627971,30709605.0,2203203,,1667634,268891,2362329.0,346289,34101685.0,531999,11958859,946728,27851000,2127318,152788.0,458445,2530209.0,211213,2433666.0,87574,336298,730517,1579589,11276433,268536,305259,452068,34334708.0,3935765,301407,459494,,13489555,34682289.0,,316990,967934,964606.0,1920117,263326,4280465,4436359,832074,6503671,151608361,404904,945961,4730236,2884745,6279504,26150087,230716,1005602,147525,789136,1671055,,1689824,1899173.0,894669,1822373,19281201.0,1464628,6357095,1889488,2137858,1573281,6672645,193366,,460469,2839723,1540878.0,43838,1874138,6190348,356339,10426523,6297800,2387413,244942,1226027,53933069,727531,1462460.0,399182
2021-09-13,121686,1367671,155105,688814,983344,66689,5956674,,67933,12656709,1549882.0,2415200,,572423,401691,56441.0,8770,50617176.0,39779,966212,77099,1073989,59465,4647.0,14538,89033.0,3198,1620655.0,215918,571299,72158,20997,1824994,151984,36716,11928,3171156.0,197676,5963,337386,,12230682,1665024.0,,112400,25408,1669276.0,63033,7525,522440,121656,31063,7701801,18630685,14020,41726,254744,2451952,770875,372874,13957,1299067,34488,732252,1580269,,47999,2928540.0,38713,674000,1467972.0,85368,483546,987811,101019,41750,1045330,18744,,28784,165588,108107.0,2889,1533837,5433803,11854,8114198,283644,93237,502279,31487,1395120,17153,74312.0,11262
2021-09-14,4446936,1129408,287251,678380,1193441,2158216,5912343,,1969925,6772040,27875505.0,1745049,,1795711,165749,1517682.0,597382,46189094.0,1611719,57141622,1087713,24987356,3777402,323233.0,671953,3390604.0,203057,3405579.0,130595,412490,1107114,870283,7692138,227823,379690,710925,48105312.0,6489641,343406,285670,,25672101,35068642.0,,472251,1169837,1212140.0,1964176,209372,19069015,5773771,798777,8197567,192641762,477430,753903,6391065,5040766,7457359,17550168,198861,1454601,120537,596273,946807,,2166741,2233593.0,1306969,1346242,22788269.0,1121403,5548056,1081782,3150197,1684023,9485967,1321986,,396036,1634829,2143599.0,62622,2751386,7369329,384507,13529338,5719233,3675575,838437,1569103,63028129,731814,4118847.0,331254
2021-09-15,5358241,1309234,867506,993665,1157518,2126408,13668092,,2585986,14659610,49605732.0,3966962,,2784837,298828,2281913.0,699690,71019810.0,1576507,28077891,1347254,25870117,3854903,463659.0,1037200,2286154.0,161967,3164830.0,136318,1728912,2169485,796964,12210301,285510,396550,882812,55889784.0,8061974,262262,475099,,29158430,37313118.0,,543226,2120784,2417879.0,3516214,225614,23437015,7930440,1137413,10566972,221126861,418603,1221360,12035357,3885459,7979905,21500522,762208,1116362,134763,816930,1543015,,3048016,3992847.0,1820953,1355800,57219545.0,4362458,8237056,1416376,4943461,2005135,14190892,928762,,624077,1518049,3267115.0,100019,2916209,8219207,698399,28415386,11949025,3943163,386309,2380690,90736056,680641,4972391.0,468302
2021-09-16,5645310,2346014,312205,1435854,2667680,3037017,9463729,,1724034,9094367,28606806.0,6602071,,923440,220204,1793234.0,840068,81654031.0,1922820,19466061,1260556,14687308,4088811,320840.0,994860,1904132.0,159922,4318142.0,250338,794413,2147445,969234,15864315,331734,549515,1038492,60133844.0,11859039,298549,624681,,28536650,28109556.0,,694470,977753,1373315.0,3297977,208726,8065935,6407026,1399997,11948796,185598411,423570,1277748,6053499,2707934,17628825,12260410,292730,1421941,100834,450967,1234095,,3017391,5078190.0,1292586,1523914,50087452.0,2461788,10078055,1284005,2172867,2048568,11653122,665190,,949129,1811708,3194294.0,96918,2422781,5781729,1112845,16616406,7275097,3834447,506231,1915904,51039143,647551,5489737.0,368091
2021-09-17,12392636,2000397,1002080,2478232,5238619,6735543,19965944,,4835361,38901493,74010939.0,6292169,,1504133,598986,3770028.0,2000141,98600571.0,2000971,159522529,1013549,28767213,6911422,749366.0,2127455,10264442.0,380042,9019301.0,331332,15042369,2932071,2563897,28274638,614094,541489,1191168,195131324.0,18340682,828177,1683956,,79991043,54256233.0,,1641740,4453180,4363548.0,6564977,673398,28114645,10557986,5956339,28091236,385392982,1085006,2248134,17274814,9563451,27473301,39010451,960203,2571262,267036,1569551,3466031,,7872208,14216398.0,2941294,6137714,172599853.0,6647967,18732324,3197094,6971132,11005148,18491622,1004405,,1592630,2999129,3205363.0,193490,5833653,12816523,1819108,27477915,23683301,10068124,1303524,4399811,153645949,7069203,6042548.0,899220
2021-09-20,10439674,867827,369606,1202623,3271968,1990833,17342895,,4536066,6383062,47433772.0,3258776,,1569362,229186,1791162.0,589535,50856932.0,912260,13832532,622397,30131367,2987973,251429.0,750828,6000633.0,239192,2799213.0,95412,1319974,1667593,1039903,11831280,338916,515580,1061129,71415830.0,5747044,445219,568113,,35684967,95335720.0,,707496,1358896,1463704.0,2829712,212574,10707805,7716571,1417534,16434349,204629300,322844,1136115,8339359,4020658,7059004,19449811,239659,1834147,164909,683779,1868893,,2442356,5996974.0,974867,1846785,71596376.0,2077381,9974228,1504958,2624974,1524994,8109781,482765,,630320,2548768,1054955.0,102831,2440922,12507671,657534,13732928,18695779,5760442,797273,2059135,68209310,1242355,2568895.0,525245
2021-09-21,7842591,539901,379342,814721,2047920,1500351,8781476,,3430306,5693339,39211822.0,2507907,,761685,130988,1442973.0,562588,50626001.0,898958,27366007,707087,25994514,4504210,237058.0,743520,2841890.0,116408,3598553.0,94000,199215,6686302,1685984,13602529,267809,634620,613473,58074387.0,9539829,436080,441127,,37801875,70968766.0,,788798,1229322,1218648.0,7502927,206258,8804500,9954833,1313967,9074813,181988223,553308,933946,3503696,4448107,7015421,17839184,237689,1339134,387787,429479,1696640,,5546257,4175469.0,947300,2808159,64109814.0,1689931,6217602,5454599,1772864,1487381,14254492,297927,,604057,2567143,3841362.0,101875,1258962,6631252,395386,18373464,5968166,3502492,375940,2209902,57952751,710424,2743991.0,341281
2021-09-22,6019258,1760673,466750,646509,5360664,1562275,6818539,,1471718,4029103,26876550.0,4088568,,1342426,121912,1852472.0,468376,51097066.0,634437,13342979,390449,26915326,2035815,187117.0,789029,3628721.0,166383,2091949.0,161198,452512,10522136,936108,10427619,206626,552215,688295,49606461.0,7827518,397113,608870,,33258547,31167760.0,,1426570,1043271,1186891.0,5202117,123140,4442885,9526058,1217882,10100778,129583974,216048,925915,6046118,3309584,6400259,13204113,264939,1328663,283167,309005,1662706,,2072996,3923631.0,1158568,1269254,44820144.0,3366858,7286002,4406347,1275710,1103770,14329333,312266,,499201,2198588,1155712.0,62763,2770545,13464517,601828,15194454,7340467,2506567,469494,2326490,53151064,557494,2862875.0,365065
2021-09-23,5433684,3008630,364612,531490,2237197,1526247,9925680,,1533110,3754356,39115752.0,2084457,,485771,441642,1119248.0,505846,31378887.0,611742,20158554,316920,60418434,2305729,195350.0,1039093,3318567.0,180446,2220740.0,76948,674236,9434534,1235916,8738532,138094,517238,732955,45876667.0,4647786,395006,617084,,32792317,31240903.0,,973935,1024529,756698.0,3073774,398287,4886825,5366164,1554648,8732015,205133028,260135,826500,4987050,3769170,30093691,21346156,203012,1061718,249126,694119,1014480,,2887682,3885605.0,1169424,1025496,64345828.0,3705261,6588902,934147,1806715,1402038,33298702,330618,,633380,3309226,933723.0,54606,3511785,7319426,491305,13317828,6288524,2262622,662281,905860,72717501,381776,1798908.0,308361
2021-09-24,3513930,4655118,600003,583742,775667,1687025,9058437,,4861722,3579512,29868089.0,2445779,,856162,180450,1151592.0,492403,39785130.0,800608,15496079,321365,14887489,1851859,291229.0,889683,1628232.0,176761,1797052.0,83033,378173,3560212,903881,7876551,247244,301984,494717,22052761.0,7035319,417071,500120,,28302653,30356513.0,,650923,1211508,676723.0,3709211,336716,8882735,7132598,1121761,9630085,324395421,509971,1349701,22350994,2675043,7930611,13121959,203192,991567,65051,533158,602429,,2200017,3322837.0,936874,1875808,78220971.0,5765959,5599306,827411,4008624,1926155,13167540,212234,,467061,2366907,5144220.0,49872,4698664,6807434,507381,9898053,12083741,4027464,518629,1254788,73449412,340932,1604389.0,269420
2021-09-27,7355610,4829432,1197471,1766328,1460250,2667711,12754957,,2153124,4795657,43652049.0,4017663,,586600,189109,1028947.0,1031002,63674198.0,703235,22361063,347461,27048727,2973891,571580.0,856248,2127718.0,246772,4471862.0,122933,348018,2337361,1430002,6848170,226160,251044,1093454,47753308.0,7406434,722332,1080504,,25948496,58136919.0,,1168279,1921850,2140563.0,4120975,422247,14527560,8020023,1837359,6104257,195196130,1106427,1212820,10979941,3191565,5674681,10380526,365194,1098677,73832,800754,1193145,,3066849,3645366.0,1054731,1691902,145272228.0,2994143,5098221,937758,2382197,6405539,10575959,741764,,499044,2257213,1380821.0,146046,2155928,6161396,502190,16073551,8334684,3636423,505821,1343916,65682640,495550,2691297.0,725604
2021-09-28,8674125,1147765,1752836,997015,2809644,2055998,7693247,,2345573,5111318,33952073.0,3742430,,879297,271669,2360333.0,648321,82346561.0,936932,17950653,839294,20925973,3046450,464851.0,1164458,4159119.0,229578,3572808.0,219548,386128,2692956,1416417,10337517,399152,904257,864333,60469491.0,6643956,482096,875233,,21830054,31099438.0,,786523,2776985,1794473.0,2928433,485878,8410790,6925031,1727405,16354591,166065990,1803024,1512162,26302483,3706851,8203733,15589726,355260,1616672,131709,1008339,1105953,,2764248,4356001.0,933500,2014796,85407275.0,5415083,7082683,1112211,5688761,3534987,26088736,378584,,1568049,3163118,1883002.0,141389,2834437,4911245,600858,14567503,31186698,5437994,790934,2249888,90957669,567447,2094817.0,721236
2021-09-29,4628133,649502,1255620,745364,1532818,2165297,22676574,,4161391,4587089,26829823.0,3006391,,1237041,230775,1815863.0,550565,54608329.0,916293,30810570,632955,38792353,2364442,242245.0,1130925,2958729.0,251594,3326482.0,121380,366877,2074022,1621504,9098994,267440,332509,2284667,52797227.0,5979030,640526,621349,,23497827,30636142.0,,957985,1809369,1019817.0,2838261,286526,12196230,5003611,1608310,7720955,205461578,1377564,1060170,7996991,9486619,9361126,15432649,815208,1264746,113332,433342,1687740,,2326510,3106891.0,1056347,3168847,50306531.0,4639613,6465286,1119499,3821314,2679878,18614211,310556,,1238467,2529544,2144291.0,120357,2566276,5282142,679746,24372639,28135952,3900718,672086,1388274,59718332,772653,2766412.0,396121
2021-09-30,5679833,1730606,2796189,714602,2024874,1965097,18062802,,4365829,5290540,53202366.0,6642227,,1195718,319201,2247370.0,985441,60020400.0,1025776,24749788,1159196,28071172,3923270,444919.0,1127137,2647504.0,223395,5180428.0,318774,636331,2332184,1488613,5341494,592324,410397,967563,55114227.0,7956035,445273,768791,,27715937,38348956.0,,589509,1958093,2309699.0,2925992,780497,8299100,12389356,4357035,14322304,191716362,1110383,2114323,6137233,6472859,11051493,22987036,718896,1031434,93513,750922,2843365,,5067787,3756129.0,1290191,2422709,52496281.0,2632654,7662311,1595741,3940715,3353026,22171312,760880,,1366699,3270568,2853983.0,145812,4849148,12281776,1265597,25267698,25291606,4742335,1164222,3320112,82732809,571283,3393412.0,737512
2021-10-01,5579649,1089225,2357872,652067,1957621,1731654,11396105,,2357783,10345283,33784479.0,5160569,,794691,278813,3634152.0,1390787,58623676.0,1264064,19823905,1240852,18797663,3524832,378089.0,1289278,2396190.0,202890,4603411.0,286441,382877,2376237,939799,10023904,294670,259305,771975,56817107.0,6262303,304646,468607,,18812613,53315624.0,,1420467,1114241,1943987.0,5215321,284797,8993120,8244421,3910325,9480818,215095589,648683,1308637,6360111,3867736,8438484,22011581,443787,1156000,175364,1175553,2528635,,3636389,2649746.0,1417647,1414624,47965325.0,2452474,4844859,1462470,2532690,1494849,17682457,490382,,714513,4187656,4810164.0,174619,4233907,8639856,394370,24140903,34277770,4358994,529807,1243174,75762260,832779,4688472.0,731084
2021-10-04,3890494,1554089,514638,627425,1185044,2435154,11624846,,1763044,3333918,23906512.0,3354941,,862778,259049,2326353.0,397570,48266571.0,1627622,43071731,388375,19638544,3762277,375451.0,1114697,3390303.0,135010,2377053.0,167600,348943,1955150,633747,7074073,390183,1718532,521131,45852923.0,5604323,567441,500088,,24988392,49766540.0,,543310,1137676,1281703.0,6258665,149993,10150355,6280258,1140496,6534431,152963709,743863,944426,5422790,3911850,8323362,13682778,362399,1041512,106700,1201400,947177,,2281192,2122102.0,850852,1543856,35949826.0,3178686,8549153,1331764,2580064,1935668,19266001,168066,,809119,2763447,8817027.0,103027,3063014,7714059,392406,16135198,20776810,3461729,580264,1189623,54911532,470263,2180695.0,432155
2021-10-05,4108664,1336830,735553,708044,1046392,1480488,8465936,,1889685,7155073,42464706.0,4533185,,984279,146895,1953280.0,748016,73082543.0,1014528,21907462,625748,24047821,3727655,572921.0,1400034,2103573.0,201797,1977911.0,122567,140956,4871412,708443,5026401,249156,667390,1015711,54553177.0,6505315,377473,538531,,17570733,33083225.0,,333185,1119407,1706259.0,8241360,213312,8678215,12202253,964285,11468204,281471241,534997,810471,3551732,5432244,8186274,35124013,275129,1095761,73681,515008,3206596,,2556827,2452735.0,1607128,2397500,32333796.0,2695075,10404593,1846176,2456693,1766697,11851725,349042,,1052708,2981314,2862960.0,77574,2281621,10378767,436790,30620552,19876941,3065811,505698,1183385,55619606,748923,3823148.0,393870
2021-10-06,5609943,2469000,496743,682489,1952839,2588477,8497469,,1590300,6786875,36957945.0,6264761,,1055201,363080,5023660.0,577177,72011909.0,898005,24687954,414578,29482518,3977018,263889.0,1598142,2692079.0,196347,3848981.0,307721,262181,2562114,1321699,6246556,326575,597512,1364806,55267450.0,6218302,415743,538444,,56111967,30499398.0,,602564,799148,2689899.0,4723608,175859,7627735,12678104,2653731,10748548,191400085,704478,1944282,7487441,6217838,9094174,25855255,717611,1607351,146259,934318,2369808,,4021649,4388840.0,1987039,1722085,46016425.0,6880019,7759332,942629,7303166,2076364,13807711,382342,,873216,3046412,2016093.0,87136,5690056,16476480,1432963,36276698,28240921,4028392,558004,3158615,146985773,1203708,2977294.0,1360906
2021-10-07,4535040,1050118,442367,491831,2056584,2201798,9177870,,1486907,3329417,40405972.0,3283080,,898771,259552,2311422.0,440958,54104479.0,717878,18798600,351730,34981403,2010108,679184.0,1160344,4782339.0,191740,2854909.0,138424,237854,2029248,856375,5591815,601326,490001,902419,62836806.0,9716163,442336,475909,,50053445,22369627.0,,967915,1107404,1560895.0,2419413,346112,10275500,9206031,1178277,17024601,154291815,603144,1750269,5797395,3630090,5349440,17655833,469641,1029659,120823,750553,1610032,,2984026,4056835.0,1099163,2074952,28173078.0,2040120,4366876,1100529,3272259,1816325,16387591,1045368,,612093,3304653,1953347.0,97629,3040291,13214876,334025,22050043,11513284,4900833,677735,1179219,46330538,550349,3081553.0,851926
2021-10-08,3888319,673383,451767,570030,1410998,3133223,9461209,,1121443,4254364,31711544.0,2145831,,594040,204288,1480326.0,733154,51878353.0,786826,34800950,290975,38044428,3584181,481939.0,451698,1713170.0,186961,1857609.0,68105,383276,4121164,1007293,4557272,370567,537558,1370679,38508482.0,5620103,343300,322472,,38626487,30617582.0,,1286455,1009845,1064346.0,2001535,681846,5892145,8072718,2087996,8376621,208191732,466099,1558155,4473696,3961108,8172447,20416632,571993,1543101,78968,540764,1577655,,2292263,3241711.0,1411797,1363985,27997320.0,1746596,4168431,851188,2885559,1515322,12273814,433383,,619644,2323149,2405463.0,70537,2494437,8686511,391687,42375008,15293794,2852480,1224171,744272,48408512,1240275,2931630.0,556759
2021-10-11,4512330,638035,539565,529654,1081850,1286421,7503060,,1436256,8622232,30434461.0,4117086,,620648,248927,1616163.0,397039,39709454.0,857540,22041751,590083,19675923,1484914,168726.0,826730,1975248.0,137125,2488809.0,116769,157120,1730398,630357,3615775,333611,662507,745250,39504475.0,5772577,220593,364307,,46087488,34471612.0,,302118,1194160,1046913.0,1753473,265678,5051345,6121043,1472835,5551167,244678652,359830,717023,4794582,4068629,5270682,23544634,454078,2429522,147679,745694,1605256,,2370266,2784498.0,824177,1273821,25187485.0,2108934,4582587,651770,2243894,2088967,13561196,352213,,426851,2512341,1110967.0,84113,3195041,9769729,472641,20067218,11788607,2155707,785773,1262704,46364628,518370,1885217.0,447402
2021-10-12,3919297,610741,352472,495982,1797377,1555678,9573728,,1385930,7280164,20730008.0,2831544,,410732,396948,3291850.0,1264390,58381512.0,734023,18559783,1376285,31325658,2075705,307477.0,788358,2151530.0,611291,1428714.0,115658,531432,2538760,565519,11547658,303709,1163082,1494570,50588850.0,15983365,311429,630487,,24356723,70075335.0,,345589,852416,945230.0,1940713,197410,8275505,10345159,1238952,9353199,174980639,391331,848505,7991612,4090982,4103864,18360360,198376,2602574,87299,427056,1342057,,1660785,2981245.0,813245,970263,49212461.0,3560539,4033308,646441,2374451,1827337,21145437,282414,,369403,1814457,1974979.0,87829,2502239,8297725,602713,13647122,10125674,2785545,582695,869138,98065068,374250,2422368.0,348078
2021-10-13,3149263,3875616,499623,1538744,2066565,1559106,14282325,,1912408,15892629,51152842.0,3728265,,447875,247224,2278384.0,1320671,70908431.0,1224656,17582324,964480,62404133,1393096,384504.0,995822,2734258.0,415067,3109900.0,201694,165293,3361505,903669,8122726,412867,1647383,1166216,68289194.0,7292144,173055,599297,,31662586,50202865.0,,942252,1030838,879976.0,3225268,745502,6823200,7924304,1190887,6752153,378238931,744329,1040290,4995064,3004462,5746926,23138758,281979,3041377,107067,827823,725483,,2033447,3697356.0,2923139,1417064,21466406.0,3763537,3268568,1668811,2971036,1470104,16922905,740152,,1645057,1605031,5252448.0,74021,6402381,10511277,369597,16425152,57632715,4308609,793595,691497,127282552,558153,2068372.0,365615
2021-10-14,4135175,988076,982086,540692,1465843,1917736,18410833,,1784691,9488853,40912565.0,2645934,,903187,380938,2755567.0,552477,49581753.0,1191458,15236848,444234,15587804,5206447,287505.0,693261,2983205.0,161809,2112482.0,165490,375651,2065575,699731,7482298,388931,424903,817700,85651011.0,4839337,384386,554217,,17208553,26233977.0,,494581,1451506,780663.0,2427303,268902,5612695,7485498,1883767,18802373,202565119,822661,1115653,6552606,2485384,4640875,13925951,433122,1698151,428117,808652,797802,,1741070,2900183.0,907949,2132922,29669886.0,1898299,3014488,584264,3522836,1837241,9911190,450732,,914193,2248333,1331537.0,95629,3508845,5458047,305197,12996859,10285609,2719328,780863,684409,71181133,446449,2418133.0,416567
2021-10-15,3256025,777945,366048,1461157,3243258,1217216,12913883,,1701134,7944166,41273237.0,2709165,,761978,267634,2360639.0,412259,35439104.0,745046,20903757,661943,20034428,2470548,239640.0,1140504,3450359.0,226149,3275413.0,124352,241959,1953956,719709,4543565,336476,690452,931100,67388115.0,7937867,420718,640278,,38201023,42094133.0,,674264,1439169,1883939.0,6731712,230000,13368915,4980252,1345501,9089467,221566294,443894,1736124,9174816,3511217,10419430,15828371,952337,2044821,156716,510103,7657361,,3861181,3482475.0,1230611,1653536,26744855.0,4306945,2827926,804476,2004844,3207596,9212701,668890,,739985,2496356,2669811.0,165958,9231596,7231904,1225443,13415831,20099775,4323258,1181816,2826320,62877767,1355279,1908247.0,501495
2021-10-18,3277918,914449,348721,412383,2335430,1761519,14244280,,1112241,5667434,29625968.0,2571660,,540727,327186,1563375.0,606526,39953467.0,929268,14616786,404396,20520051,1807647,249852.0,1065860,5075554.0,177808,2772263.0,85337,676058,1987230,696502,3317983,234280,317273,1221350,70513153.0,7499653,224529,347657,,28464618,47061716.0,,434731,674748,894557.0,4944835,164490,6457755,5317363,1112550,11632874,140189076,394679,1235521,4859336,4539572,4530346,18643626,224439,1196301,393544,509729,4147614,,2299083,3160140.0,897362,1056407,28173686.0,4638087,3558678,504823,2248858,1769804,17784393,872771,,616634,2150410,1354538.0,61402,3767204,5534399,445391,14269641,10075395,2946717,718883,790540,48588937,624319,1622407.0,436488
2021-10-19,3039494,704867,271676,519813,1544332,1637797,11417969,,1408339,7279292,22713720.0,1975236,,483336,302311,4183931.0,576953,64669036.0,780169,18791615,520227,12274289,1272542,193540.0,690928,2332934.0,982151,2884978.0,131532,349502,3308590,716541,9813856,246436,442169,1231031,62356746.0,7119387,375113,600034,,16373660,46898718.0,,504053,592595,799811.0,4929257,254678,8237475,4684401,1889972,13034587,121304250,532996,1057043,7106466,2301516,6106305,11417320,208079,892985,199418,676739,4147021,,3307078,2889283.0,1118218,1183745,51320496.0,3239906,4227564,871158,2974997,1384162,11944358,649730,,521674,2807076,2418416.0,118847,2946631,6026606,351298,16105666,17312072,3680848,581675,806304,69315627,319195,2014907.0,360027
2021-10-20,3456874,575733,999342,648070,2440931,2477421,7422990,,999913,4090752,28212917.0,3079097,,497966,867508,1689112.0,585766,34756900.0,1284697,73378648,893253,38281275,1893243,329896.0,728745,2379017.0,334315,4483577.0,165321,119838,3170174,2334527,8677657,312990,590516,948882,43715523.0,5507358,660590,1388138,,18024030,93925385.0,,1537739,718772,1261640.0,4996811,256167,5573730,10420267,2969907,9953083,114000700,541923,1069928,4537007,3852289,6242631,11130025,198528,788357,162847,446518,1901794,,2070542,3883198.0,1342041,1770335,39260850.0,7604197,2116627,1367399,6763461,1570322,7439623,341327,,756532,2323884,2930530.0,83143,3113717,9627114,682183,13165659,20640399,2964017,1413233,1007402,57778136,399371,6131823.0,2256741
2021-10-21,4395323,1675183,420802,777218,1878958,5539393,7801268,,1144096,6486126,35093906.0,2647506,,805267,744053,1613601.0,679508,38745935.0,882625,10945555,878610,65571497,1896430,372171.0,560696,1445405.0,534297,2484960.0,131311,32348,1776311,1224872,4433091,349527,284500,1188933,49479180.0,4923268,270422,843936,,18850390,37467081.0,,621034,909038,1937473.0,4002308,368921,3485315,4993807,1082456,14391403,146037620,519174,726083,8236312,4386033,4253974,14327326,427377,1608488,114076,519536,1839259,,3837524,4543854.0,1687423,1383418,20997452.0,5203032,3391212,1426641,2494723,3048375,7317624,792186,,971882,2110640,1392460.0,79785,3232564,5086255,616884,19822601,15697947,5001208,920584,1053565,48771724,1430101,2694211.0,1001116
2021-10-22,1762440,1480475,277588,1638774,1057962,1699089,7393068,,1620095,11920513,30111945.0,1866031,,1146790,356892,1319377.0,508045,27345718.0,1436087,8667035,408886,23015175,2144304,336117.0,476565,6884066.0,306413,1860296.0,267072,394751,768980,786645,10496793,344041,358241,1096637,29114615.0,4481241,184403,382290,,24993076,29822791.0,,523136,818220,779980.0,3344438,145106,14134300,4446800,1013264,10632808,108911852,959497,1326093,3312229,1407262,4698135,9762142,323842,582060,181058,406595,2005403,,2836576,2879915.0,1088672,1537214,22365336.0,2017257,1618287,659441,2804506,1237508,4992546,375141,,375191,2060069,2233755.0,82350,1340139,4326114,469833,9969625,9261058,2059062,930439,1039628,34952040,426817,2589906.0,443406
2021-10-25,2092429,1183200,591775,1424066,987369,4882137,10885822,,1079881,7896135,58537731.0,3070978,,993223,324790,1402124.0,845097,26259746.0,692962,13950201,532737,14438520,2405784,189717.0,722026,2572816.0,673225,2537503.0,96759,67671,465823,1148616,4273937,785786,371506,790872,20917396.0,5822094,207716,518381,,31589508,21100144.0,,506253,922333,1421279.0,1732694,212444,12550070,3379258,1574230,6374686,175889841,755210,838079,6752534,3363741,3918771,11970231,344194,517332,474685,620083,1529201,,5762542,2987170.0,1274980,1770222,31818838.0,3101773,2791234,653023,2140421,1477677,7466673,287422,,677473,3103961,2029958.0,92416,1160325,4382145,325145,11723177,7610871,2651860,450469,1135283,40880258,609497,2189064.0,493948
2021-10-26,2601768,835289,279701,746944,892588,1161130,14512263,,1290577,12399559,27625285.0,3528305,,599045,186357,2954352.0,1088125,30731421.0,796076,42305302,416939,46235438,2643532,216397.0,891343,4375242.0,192274,2203046.0,135962,110146,7521809,1013978,4888934,372545,874085,1225636,23990928.0,5734584,228621,363223,,30569575,25315894.0,,383447,955650,843977.0,2492488,318149,4641515,4225642,1722140,18178147,140396860,960453,892690,8010060,2175288,3870625,21884268,298504,1607517,179115,684009,1334234,,2005822,2491055.0,2551295,1498769,23333979.0,3657207,5174426,869029,2300896,1599155,7826592,608939,,553280,3088631,2047440.0,115969,1645644,4853515,434926,13180146,7282983,2341123,505340,1371719,61456501,564035,2450748.0,1894670
2021-10-27,3191248,776260,1414553,973256,785566,1296847,13018444,,1609568,6797527,28863498.0,3566362,,753200,250078,1940337.0,682544,31054647.0,778281,29272897,674093,13611955,2860696,190548.0,445766,2752984.0,243028,2549768.0,129150,146843,3126836,574152,12065400,605040,370028,1847873,51483624.0,11453975,242518,400697,,19739782,14267449.0,,365784,1106403,926639.0,3720780,272947,17563155,8805134,1016462,15858531,158926004,787832,649758,6094410,1587470,5707384,16135712,188710,793121,191514,696294,2345308,,4933477,2633795.0,1940399,1047732,18310879.0,3014564,4012431,767970,2492127,2493955,9888626,483145,,676927,3244412,1505526.0,52348,2600789,5400291,367328,13101935,28779438,2425269,412769,1817518,36220848,451418,2852582.0,473129
2021-10-28,2094249,620427,698272,673784,754746,1624773,7787399,,1268051,6218491,29834449.0,2326163,,594323,176801,1447227.0,595190,31937639.0,1050202,19532065,496438,11069991,1571751,240156.0,799310,3784667.0,388074,1633858.0,85634,163638,1802597,917666,2723455,205678,351430,1032364,34567294.0,11953727,151747,373191,,24700050,20239123.0,,343758,1564183,930723.0,2575651,324262,4095245,7188597,1401840,8751321,197110071,785430,738080,5928519,2096434,5501723,20661380,118451,813451,112346,494338,1701252,,1988455,4000159.0,1578921,1088305,21605841.0,1810386,5122893,798064,4390224,1832537,49765882,380090,,788082,2908633,968183.0,52070,2105412,4602477,476444,14850562,9425712,6415943,352370,1494818,80095763,519916,6102467.0,454303
2021-10-29,2804605,532413,1589740,1372529,1461592,2610873,10895799,,1581992,7260559,36670928.0,5559907,,663697,265047,1072327.0,858875,51773323.0,1121643,18063806,1398684,24066785,3050728,224546.0,722973,7526535.0,1715534,2437331.0,121007,72788,1374676,1262803,8775779,195006,282870,1679525,43878062.0,8067886,444133,524370,,31198853,24926795.0,,397648,1342113,1342831.0,4238939,352378,5503410,10159486,1968284,10138856,261931165,1240982,1078576,6776617,3245275,7046108,37338274,231858,999122,101480,652000,4080500,,2448802,4370742.0,1535037,1584292,23526139.0,2776680,4693878,661676,2969871,3126967,13574405,560586,,1156454,3532569,3958724.0,105467,2202485,7609393,469061,17637504,56306810,4623827,423240,2249395,87022705,718070,3736364.0,658054
2021-11-01,1492340,589881,440534,471582,502416,1683130,8157887,,1191987,6459065,60270275.0,2572066,,543451,195450,1836834.0,490907,35798802.0,553747,40294620,886862,12019743,2247267,201210.0,735213,6619727.0,132859,1749851.0,134153,60805,905795,639893,3871200,296049,5510076,751914,29419170.0,11220866,220650,402982,,18056181,19592274.0,,358394,2106620,1188428.0,1825704,179254,4085645,5972385,1529871,10610402,160606916,908426,576877,4934457,2480956,2957745,24533793,280786,1279155,164857,587440,1611559,,2040961,2098309.0,1081991,1403992,17559373.0,1898711,3850376,797011,1734570,1793381,18154137,498264,,597349,3795351,1674380.0,65762,1837616,8615349,356974,19948639,12092110,2262312,454524,1417598,66568090,275273,2849651.0,506409
2021-11-02,2578559,734019,928417,508514,1475020,2159476,7031497,,1829972,5048402,38218272.0,3585562,,495383,205718,4081223.0,699116,86162288.0,838848,17600079,630445,11995260,1857393,162209.0,1759263,4235028.0,111129,1942134.0,79063,54876,1905589,1026320,4598476,354845,341168,713411,39378651.0,8357823,256296,462558,,22235552,12961277.0,,301680,1674094,1005423.0,5013206,180079,8814890,5259270,1189172,13320592,200088158,805344,667317,6482123,3009200,2879665,14659204,394907,1131391,121856,642468,3625361,,2443268,3303810.0,1185646,2337753,14304686.0,1888459,3208954,1072635,3614744,2197600,58292912,697233,,486264,3742149,2008408.0,53508,1479749,14678720,231610,28505501,11087347,2067930,359959,1177825,106271384,569980,5958351.0,678731
2021-11-03,2651153,1047470,732092,586298,1257729,1921001,8986248,,1646165,7414274,28919283.0,4870279,,543866,189820,2950363.0,444734,83459281.0,1069258,17209256,1074116,14692638,2135648,134334.0,1206517,5649324.0,146273,2343552.0,128867,179530,1469634,695995,3295372,354430,400685,877044,31175740.0,12207117,332163,431771,,20371732,38781488.0,,465943,959009,1066764.0,4748180,294533,8034500,6651576,1085781,11347513,174756403,892388,649871,8429585,3966957,2879926,20947069,494482,683921,182576,490131,5111222,,2416987,2038962.0,1403104,1002029,15275679.0,1652985,6678881,1689352,2607914,1578912,27526762,969563,,392608,2120971,1776401.0,62915,2256269,15193745,266914,9497167,9286582,2661663,436609,1031432,104225561,923265,2238773.0,434652
2021-11-04,4364821,2009469,700903,687336,1708624,1826817,8582676,,1936557,8104614,52883516.0,5836728,,589007,307469,6772708.0,953672,105959776.0,1148005,62475688,665424,17169334,3379384,246718.0,1125697,2526340.0,543842,3853463.0,142959,672559,1659588,1064901,4752753,242109,614387,1113579,41077086.0,11817387,571864,1125540,,44495714,39816006.0,,485256,1348855,1405749.0,6392730,228836,6422935,5944799,2097650,20971577,307214200,1048286,1241147,4325509,2760978,5402238,34709678,303672,1759575,139860,835910,2430527,,3626523,3616156.0,1150190,1795148,19218740.0,2920088,9608935,1175905,4239359,3106579,29315521,519961,,665071,3260110,5796664.0,65087,2494148,8461421,393649,12111854,19544663,6669335,518019,1934455,165314194,735819,4277301.0,401977
2021-11-05,3401619,2076470,2194139,797716,1485487,1751889,8415614,,1544225,5267096,35517830.0,3670358,,1951516,132709,3471483.0,698548,38450352.0,995145,37872374,518255,10432304,4545925,393288.0,1025190,2112441.0,327550,1918465.0,327871,211029,2073929,757818,10405272,346106,661435,702104,22721123.0,6488980,495338,548868,,25668001,74080341.0,,924352,1477199,1160453.0,7873025,688653,9402635,9833845,1464848,12031953,252705505,1187533,639428,6538001,4746173,4238483,36647357,325682,1008409,134078,418265,2688823,,2491101,3399760.0,1757363,1220985,51747231.0,2530017,5784944,735282,2787494,1271058,37742725,336723,,848525,3207262,3614356.0,54772,2953902,5808747,331882,10284665,12190991,4975017,478867,879948,80613670,808769,3027515.0,1195580
2021-11-08,2106208,1107653,605303,749825,799045,1135972,7231145,,1050140,5746009,38706089.0,1779879,,1131568,131732,3296709.0,471073,36700886.0,1242106,26733924,344010,10389013,1861882,224958.0,2587012,3031431.0,636066,1888294.0,108622,153915,1526240,988469,3425107,352431,386050,939099,35657665.0,7972381,336080,519487,,22919247,37585533.0,,706540,1398578,1135855.0,3244989,287694,7671800,6599673,1376846,13224680,144957324,941045,814412,3544142,1588231,2925476,17888184,204584,678447,153198,661851,2049478,,2798686,2850865.0,1044321,970064,28273300.0,1876657,5128985,1330429,1242903,2028245,43605474,289841,,569120,2767841,2297545.0,66537,1848443,5000259,213493,16702245,7856806,3971577,515816,1411568,48452394,480744,2295115.0,543455
2021-11-09,2769237,2973313,669135,1783825,1592989,1834948,12011581,,1775163,5883662,57571077.0,4059311,,1219949,166223,2128642.0,564941,33226420.0,978680,25058965,538538,15630306,2257412,312806.0,1599426,6850741.0,975676,2429320.0,160599,126460,2784493,786040,10004324,227715,352986,1089732,45751463.0,6622820,249103,359042,,27383781,39307363.0,,655951,2005929,1426780.0,2711294,358515,3618295,12259060,963545,22758310,149628755,1241948,1111890,7226801,2921360,7869699,16248683,620728,982312,103912,925422,2490693,,2694312,3922784.0,1283697,1611702,65677219.0,2660380,5926846,2050088,3806969,1626237,7145115,249749,,467713,2909374,3290348.0,64453,2379643,5693310,886982,73070662,12578335,3406626,721944,1440051,72087304,504221,4358392.0,632245
2021-11-10,3778478,2202917,994253,587096,2016916,2452692,10263128,,1771177,9166669,50491006.0,4704673,,1009919,166066,3094996.0,593125,77184530.0,1638167,18953366,953536,16269415,3585012,386814.0,1288900,11622604.0,578850,2930161.0,245478,100452,995548,1134427,3766716,304528,451472,2278769,57999593.0,10202481,448317,589772,,22695358,34343811.0,,610613,3585736,1352097.0,2285305,232955,7310810,6521237,1886623,18258058,185145255,857733,1743289,10867022,2699192,6980416,24619510,398123,1334475,128945,1013981,3903507,,2607899,4393241.0,2110949,2099277,41345717.0,3024001,6212064,2177952,2428685,1621299,19238549,503561,,1673382,3126902,2577688.0,88025,2880670,7559393,389792,28808357,20321373,4029077,422474,2066000,109757124,468381,5593224.0,766958
2021-11-11,4649596,1565789,676049,794936,1561241,5380389,7411357,,1376773,4323025,29006199.0,4117672,,409533,148778,6006711.0,329231,54009703.0,3771312,15057365,560402,21664044,2657793,368966.0,540044,1903760.0,283764,1753034.0,198054,164984,2326484,1044406,4059333,246474,235717,1383941,48158554.0,6935224,442024,1023441,,21402810,30774877.0,,424535,1921094,1660951.0,2081984,208857,6966675,5185396,1432125,10931101,135785483,1929512,634140,7414147,3300132,4582643,20572730,677825,825266,86931,591800,2776827,,2112703,5422284.0,2591583,2006679,27335518.0,5121825,3464380,2931205,2460765,1532618,5390333,382409,,723654,3370775,5273313.0,171106,1731608,3210296,437250,11864636,11732887,3134049,567603,1829588,79393581,880091,2517706.0,453774
2021-11-12,3608775,1207191,273862,1035301,1619906,2675769,6757284,,4680272,6331014,35293599.0,2803060,,381975,144714,6272624.0,406859,72994977.0,3075112,18461397,571100,11405570,3380925,550480.0,614426,1182816.0,206668,2792298.0,322229,276776,1307073,1012614,12382424,256789,226708,818372,32168685.0,7706243,1256724,426928,,33985190,21374011.0,,374554,2966962,1601755.0,2543462,461511,11338640,6789682,1152926,14474046,129816197,1271949,1952534,4781496,3096898,8762009,22169848,220857,730433,62337,481929,2043193,,2968706,4648458.0,1501629,1765020,25603579.0,3046177,4577414,2965741,2313707,1733309,13503946,506504,,2670454,2785822,2440156.0,101976,8925305,4539770,478525,14818227,23154335,3257650,380534,7377829,103074308,404773,3860322.0,465411
2021-11-15,2428470,705521,587107,581155,1191516,3832218,7983551,,2242704,5879464,24569783.0,2670035,,484423,128076,4761209.0,293171,38450672.0,1995712,22422735,313125,15949064,3040100,206756.0,2320157,1776100.0,432655,3559681.0,99018,98853,1210216,973275,5353683,328572,721500,566691,23666785.0,5029662,340406,519747,,19055419,29993262.0,,354943,1043217,3117822.0,2096829,178812,15011945,5798607,2868958,6920901,102041060,1535209,765969,46173228,1852327,12008895,10862384,209392,758596,206682,419517,1211897,,3531557,2457222.0,1024412,1267423,16980838.0,2690748,4828549,780641,1275182,1934018,37838692,204642,,648044,2575732,2179979.0,102009,3529262,8165496,407612,12569645,8674518,3374377,331328,1134844,68597414,285137,4060243.0,528255
2021-11-16,2233969,988810,607754,965595,1731104,1872515,17245533,,3755766,6348605,32695415.0,2310679,,1645015,464282,3104017.0,655658,79506785.0,1016638,13063723,849271,24868091,4225040,468217.0,817327,2560274.0,335438,3338910.0,149447,70799,3088448,990656,6906193,330424,763169,889141,42870917.0,26874595,392727,418656,,21088100,29897561.0,,797858,1591928,3122428.0,6198561,420065,10253985,6298115,3135273,10713281,122565303,1543943,1142395,6079938,3279277,6429924,37735156,275868,948182,87462,431529,1647433,,3080171,2668544.0,2082606,1215361,19505462.0,2025837,9633830,771805,3694712,4436795,33976323,523199,,803785,3094127,2158540.0,98957,3209923,7062195,494377,31975612,27396190,3192373,426883,892013,146990771,288808,6099212.0,527388
2021-11-17,2779592,1253512,408660,1089831,2006122,6300732,11210996,,3454922,5066076,59331043.0,2693025,,1297651,900171,5272512.0,706112,50057127.0,994072,15141729,675273,44684990,2688745,474566.0,2046036,4698212.0,358898,4741082.0,92863,113464,1760747,2061196,4383528,264953,432669,1294770,47527369.0,9409088,716664,444435,,30262172,46384424.0,,584459,3335149,2737566.0,5513649,220004,7519495,8560416,5942602,12301223,185774937,1162162,1289000,11493142,15450506,8283015,21587250,428396,886599,68136,568769,1090850,,3154956,2790823.0,2703435,2020966,19933194.0,5741956,6758953,820870,7924063,1838719,30925775,568269,,1813511,3193506,3928543.0,155009,6071043,3639269,436409,15903590,9998437,3795322,776545,1479194,257977052,319760,3539740.0,762789
2021-11-18,4447094,579265,684328,638911,1012086,1883896,8210782,,2354891,25694768,22030156.0,3737516,,937032,320050,2809405.0,652677,33627717.0,1067179,24718103,556183,17205715,2929380,291938.0,1440712,3718467.0,766829,2636079.0,149466,131310,880400,1024376,5897384,252305,572978,845454,27411697.0,11795424,376617,623002,,21729565,21688069.0,,369055,1032994,1781118.0,7328011,194944,4196730,7332608,1940926,7131953,92350825,719011,633637,21115783,1503812,7524362,9033144,223406,766966,69959,1185925,994470,,3615090,2460322.0,2781077,1270678,17084798.0,1321882,3209090,774105,3414245,1774571,9049249,295237,,665817,4523963,1677136.0,70237,4942087,4946124,413538,16425756,20589495,3222103,379641,1423940,75691970,489686,2085299.0,744720
2021-11-19,4660021,2015244,572644,745970,1523674,2502233,15189487,,4284864,12898361,53317815.0,4022551,,903083,451621,4652287.0,928024,93905289.0,2051415,20206435,1228096,24463646,6308329,332523.0,1368370,2040657.0,341178,3914591.0,396146,126537,2147966,1452514,9058233,294646,488659,779423,37835524.0,23826310,941525,582570,,37640643,65329541.0,,736269,4548741,2531760.0,11786885,337231,8345320,20660124,8067210,12665305,257598027,1282403,704554,22687307,6111591,11121123,16418133,452222,2876338,953390,792892,1471216,,4874579,3569603.0,1190693,3277136,74157325.0,4562972,5692331,853964,4096529,10079794,22515554,526396,,1859925,3508284,4406827.0,82028,6216854,6259671,1533769,16817659,27545111,4552513,534574,1385281,203925068,637519,3081823.0,1520745
2021-11-22,4364520,1071465,1470485,565956,1659438,3007960,8759239,,2069463,6012065,25293180.0,2244424,,1381611,367919,2609671.0,508762,51379697.0,937759,19906325,447841,17906217,2777324,220375.0,851438,3449936.0,168289,2121394.0,443514,164368,1990752,827007,4552154,217667,350103,842922,36846934.0,4152901,284041,699322,,18174274,31621765.0,,325206,1181141,1951790.0,2587589,312759,4878010,12569397,2797753,7433650,101510147,688369,800349,16794734,2479859,6585734,11630983,247292,1875907,88488,1262127,1749385,,3460843,3419280.0,881599,1917786,26956818.0,1328952,5038180,792599,2897908,4335559,7070904,282221,,1014761,4590918,2544352.0,72524,4360750,4842157,334875,11536745,19174200,3543873,584675,1070879,127903907,376367,2842956.0,652109
2021-11-23,4704523,1041424,417076,678451,1040217,2136395,6694574,,1618987,4455316,32836092.0,2154252,,1031647,234300,2406144.0,413760,50332934.0,913930,24549283,536239,21571317,3863516,395881.0,1933000,2288993.0,185936,1754752.0,244045,124119,1257638,1566444,9995744,162532,285150,654782,67849801.0,6007611,176116,757330,,18623327,21092685.0,,423529,1122399,2545737.0,2628124,292870,3734195,7066553,1428266,10325376,129421977,694941,824978,6329738,4009620,6293629,10018377,191595,1250040,89983,528756,761078,,2712295,4603125.0,1012226,1894745,17563491.0,1429364,5565084,876770,3012533,3016809,16711654,486125,,1412573,3481778,3010805.0,102148,1773702,4161875,316327,18907665,9770777,8759039,695608,1347139,85065852,645690,2480460.0,618197
2021-11-24,2716254,1186083,536535,1924811,1398935,1646815,9564727,,1393828,9562527,44231692.0,1884891,,752186,169495,2808052.0,794802,47066212.0,836072,15910620,383996,20957846,4193073,426715.0,1375678,4385987.0,165852,2535287.0,162222,102947,3606673,1799334,4834852,296409,331321,784964,46901328.0,5215441,457456,1219340,,33193526,28148048.0,,333348,824855,1866020.0,2456330,730091,5645310,4996445,2880135,18868517,104335977,1943949,2336566,4626314,1898210,7928017,9874778,272875,926140,91819,1347022,726968,,3535452,5232816.0,1338135,1429322,35207404.0,1346848,1890836,1069494,2405290,1551015,34323502,397914,,1691572,2509881,1780437.0,153274,1482313,3535383,343047,14512037,24514233,5061742,393466,1578439,129631623,375759,2359807.0,608929
2021-11-25,3817022,371826,275367,633225,651623,1387053,8202599,,1385060,4085101,18554255.0,1393532,,1183220,113836,5388171.0,524744,39639265.0,503206,13488527,1279595,9770672,3523533,196360.0,836138,2533040.0,166293,3593839.0,101657,95204,1793570,577975,2993814,160719,303011,428223,41372787.0,4574096,168482,367132,,14178917,16451076.0,,405273,797238,1618743.0,6980032,284768,4098050,4534054,2415855,6668973,121090724,1141701,671614,3070060,2115708,3043926,4953587,171332,797579,49898,424914,1260623,,6136082,4738856.0,643301,1437055,15515279.0,1106771,3414870,623229,2403992,1426373,2732202,377038,,588588,4205602,1016370.0,55729,6324119,2687637,336471,7857840,10103016,4410860,225565,1023601,60897094,380928,1773468.0,385441
2021-11-26,4720856,3289461,1665147,581715,1119159,1369266,19461091,,2355956,13783610,62762131.0,4143917,,1479310,303413,3797118.0,994077,106509613.0,2804774,63990623,1430055,30117305,5925847,371450.0,1736550,4022781.0,349959,3778124.0,119148,90487,2307914,947348,20018805,492293,462090,720022,75098413.0,9356135,372608,668186,,43810097,177520453.0,,1241640,2453177,2151785.0,4864823,356998,3888230,19757029,4104507,39972729,499035260,1084983,1260210,14544581,8358322,12671867,27555497,218289,1682962,206901,1187441,1731331,,4004470,6005812.0,1531948,1787259,117186690.0,3382660,4738460,4261011,2388102,2021399,15387564,523392,,1011323,3658752,3790922.0,153160,2267795,10390707,960948,30012027,16338337,6320065,1038204,3021334,287208951,416690,3059038.0,1142086
2021-11-29,4014508,1726564,540583,684640,1672434,1991085,15322309,,2477175,8177986,37433914.0,3122233,,860719,226734,3038860.0,745149,77994066.0,1446378,47308994,545813,33857043,6449182,459576.0,1361360,4221960.0,208520,3714507.0,185460,94896,2053800,1201599,9594875,261566,466514,932638,47287237.0,10803389,623957,692200,,24982386,85150282.0,,819885,2131020,1678642.0,9620156,327116,43573475,5849318,3282831,12542046,288599389,1293553,1164799,6987260,5727548,8008044,20184142,266762,958298,120163,896540,1898908,,3949419,4702993.0,2738722,1623560,51169659.0,3178981,6374083,1473170,2480274,2791927,19319164,527929,,1064421,2240387,2306948.0,124448,3398025,9113889,616474,18946005,11791185,5634006,771701,1425761,69356032,571296,3848768.0,820551
2021-11-30,10278825,3394521,1471486,1798701,3838018,6670953,33098516,,4277661,21422924,66480343.0,7114570,,1982398,704718,4195865.0,1204938,98727251.0,1900970,58522192,2697156,55214836,8317920,939954.0,2317540,5431212.0,554214,7615837.0,398446,322871,3838090,2769373,6623833,445623,1434057,959126,59434116.0,19917911,996999,1079982,,53457448,78051066.0,,1307308,4313470,4414015.0,8960279,938037,13107204,13608965,6471095,29683348,347879561,2294158,4038344,24445100,9351315,20728063,40460624,567941,3405342,165622,2258624,5768563,,6699602,6041296.0,2157303,4728815,82792063.0,5309552,16193048,3057411,7229747,5059021,21107768,1122481,,2299536,2810840,3793380.0,326229,5506065,15574192,1214664,45278292,32329609,10600962,1110599,3235496,109805072,836167,9055158.0,1594318
2021-12-01,6475859,1556695,702366,1292922,1969912,3113944,22087242,,2140088,5600624,40928174.0,5382535,,616727,255970,12922589.0,711001,41342015.0,1371644,54359436,606999,17840809,2830127,488053.0,2586426,9129835.0,300063,3773342.0,470099,176828,1920469,1155270,8628300,250726,604091,594576,56837117.0,8339314,521112,661282,,30867746,62147896.0,,1078434,1509892,1398565.0,3821156,434363,9718171,10217720,1544495,11399219,160559657,1415184,1172878,9020929,3622331,11116173,12734449,423493,1293381,75626,664107,3767713,,4675430,4617938.0,2047499,3427194,47520748.0,2867293,7192960,4730347,2296969,2509100,10140155,506897,,844643,1775795,2097240.0,92484,3144328,6210118,880262,19883670,13248261,5693155,530577,1706960,75295543,725947,3954006.0,618997
2021-12-02,3870468,855577,481932,810257,1530117,2558492,10631764,,2117981,4828206,29733935.0,2323740,,1065095,252992,3511702.0,444583,76610491.0,805663,30963393,665869,14410505,3767496,501289.0,1076896,3145701.0,229636,2833494.0,190865,311939,1769828,1449768,8677555,307153,442264,805015,59398589.0,6541103,389940,950849,,25779831,45124773.0,,772563,1436692,1344270.0,3872310,305875,11033764,5332696,1984312,10266677,161779350,951239,1372250,6766472,3516228,9201819,19617799,231865,1078125,152892,500840,2314830,,3766498,3090959.0,1183661,2296658,23878973.0,2238055,4560409,1013352,3146703,3632225,11497584,425132,,806205,3907419,3468728.0,76131,2696624,5207369,588539,14079248,24138474,4754771,496632,2008265,54126390,408239,2287233.0,506845
2021-12-03,4003454,1013576,672328,935863,967732,1763272,14955136,,1759208,3529962,17798417.0,4204397,,462296,719549,2191943.0,458181,53379455.0,1370579,23921359,736075,14620874,5417814,390557.0,931339,3390585.0,395917,2850243.0,258997,99716,6702701,948383,5369617,208125,386846,638379,39113844.0,6360157,311303,918146,,24162272,29429957.0,,602564,1730138,1203399.0,2216476,348082,5137475,6671055,2271796,11790486,159110425,730958,1344066,16210430,3880152,11400965,21129700,438582,1438749,75575,560867,1726168,,1969662,5826955.0,1257312,1491292,22257379.0,2170315,4478633,758688,3160156,3034678,11226261,379905,,1009509,2917853,2558396.0,49275,3209341,6918617,423591,11429168,15243929,3571649,558571,1638297,272497787,756610,2996672.0,691148
2021-12-06,3949765,655769,324618,684550,1285849,1138789,6424146,,1426244,5315995,29634799.0,3097862,,777464,296357,2001627.0,392523,43105316.0,1201357,16951983,823184,28114064,3186237,302109.0,1070121,3297032.0,194491,3051456.0,119403,102347,1357978,1084786,7135324,262460,237736,294210,36831886.0,5301369,389517,571626,,15759616,36347610.0,,504364,1802703,5664622.0,3501769,315564,9627992,2849679,1693489,7033600,187595223,396725,634080,5824763,4157381,7716740,16589422,168183,1617701,96207,570850,1921105,,1788059,2854713.0,1280316,1978786,33875734.0,2005527,4441788,691988,3676508,1991696,9930699,267946,,624197,3853078,2105731.0,50919,3277777,4803307,405485,9229342,26245105,5429711,827489,1208249,64683124,483696,5278889.0,459417
2021-12-07,4811550,810360,464002,1199649,1642246,4928577,9453794,,2643791,3553271,46886308.0,5113379,,839972,322178,7253245.0,614494,43238986.0,1110431,69582354,851534,24606111,3283839,451967.0,2461986,4148874.0,361746,3628929.0,83043,97882,1584263,963948,4416966,270151,463103,556014,32414674.0,6869960,492030,522538,,21436027,32264995.0,,654677,3024376,1420999.0,9210307,392803,4428597,4252119,3156809,8747485,187536547,813156,790790,13550074,3683163,4931204,24490916,296048,1309223,160442,634365,1455789,,2896929,3691380.0,1411285,1642290,30225004.0,4301293,9426608,2483799,3825140,2378208,6563345,413907,,608571,2989581,2002641.0,108785,5222690,5795694,453510,18157765,13274270,4058392,820426,1307577,83372834,255353,3220449.0,425196
2021-12-08,3508737,908892,745417,1170502,912442,2194380,8127269,,2153590,5867511,72018078.0,6736220,,982329,517505,2995575.0,777363,52399146.0,1276198,48136504,774974,23437456,4008621,319642.0,1164712,3358268.0,321877,3462307.0,141221,351460,1403178,1158328,6531516,287654,345763,567643,22646691.0,9402176,282093,596480,,20735551,52341958.0,,629859,2186744,1044480.0,5261810,289329,5031527,7232663,2197984,9818773,117947392,974768,874349,4549557,6427214,7126800,20851586,328713,1378097,95784,647438,1942533,,2527438,2809985.0,1766086,1821515,42177584.0,2608878,6673977,2086223,4172864,2576227,11561169,375636,,745205,2319663,2153623.0,118147,3044698,4751633,455478,24507100,12163973,4562313,731432,1758940,148296799,348011,3448611.0,854521
2021-12-09,3477462,3661485,1101908,956325,1461153,1929527,7904237,,2004757,3662271,29267720.0,3738410,,553342,294415,1604105.0,477542,65304586.0,841041,36762471,465828,20692427,3387878,281024.0,527788,3060572.0,353440,4376736.0,61630,140646,1491221,682654,4847143,192056,2153057,1196539,36677147.0,5186323,274151,588151,,19513056,18659459.0,,432916,1095094,1302630.0,9433381,404000,5081563,4420831,1293052,7275480,93239410,1007129,693160,5246748,9445217,5265584,22226211,428896,973952,41651,401629,1343893,,2935443,3089236.0,659749,1444649,40545363.0,2107343,3447103,1259023,3089862,3421405,4612481,234807,,807752,1307655,3077488.0,181392,2891409,4829298,413605,22018185,4564272,3290565,1010259,1275012,135654830,461133,3433597.0,370895
2021-12-10,3380536,988540,456511,514467,828411,1523919,11671088,,1813213,5245258,30767048.0,7094691,,891105,289527,10898774.0,603570,44281078.0,595794,35515387,423092,23608787,2615664,258291.0,564080,3283725.0,138522,2433114.0,148929,242260,1232584,821887,4314105,363599,361675,562034,24377353.0,6747777,457704,662888,,20544102,25955831.0,,398830,1079477,7228985.0,2347896,333859,3774230,5774330,1392201,6897137,82200068,424150,863541,5034176,4225220,3473740,9828236,205888,2050793,66696,334336,1028108,,2605169,2205206.0,735893,1091313,34668445.0,1861438,2954138,648911,1670313,1173839,5074471,191143,,418220,2051340,2637391.0,41394,2668575,3830609,235097,8795690,10681744,2613158,650280,635572,55890320,282510,2124475.0,784864
2021-12-13,3828503,1059678,2354052,1138965,1555133,4920127,7903760,,1398781,4190474,28555415.0,9228049,,344425,191915,3210761.0,720131,39065742.0,1397786,373032906,866717,15960055,2708071,361232.0,659126,2203092.0,298928,2657690.0,52643,172705,1425339,1029146,5997224,238133,435665,689343,31332007.0,12237622,1078008,548522,,24598736,38935942.0,,572581,3819045,2428678.0,3446639,258809,2596575,4604197,1309876,6665256,315907539,1564658,813280,13227345,4836042,3813075,17273424,297934,1213016,94871,454605,1291529,,2771397,2339728.0,1068966,1698851,42067942.0,5734381,5061915,1217135,2000802,1713853,17753339,395582,,722798,1806108,1662340.0,149317,2933072,4821296,374391,15169006,10478599,4453304,956090,1241995,83220782,262455,3125672.0,470561
2021-12-14,2926573,959830,391778,1211759,1753155,1958119,7833425,,1440320,7313589,34426348.0,4689890,,1754107,225862,6859568.0,1010738,45420398.0,1588220,58181805,717375,39399516,3865165,311257.0,1461882,7903690.0,258334,2533952.0,298205,341248,2901260,1359305,4911868,207023,1625797,617390,23664278.0,4665410,399799,697848,,28401947,39761478.0,,712477,968832,1360520.0,4271556,441744,6492684,5648672,1312987,9252756,143831905,694552,801950,4656312,2890335,5078910,15642055,731100,3061214,190732,442401,1256180,,2276394,3262299.0,779365,1209353,42089204.0,22072963,5820828,1176976,2492743,1956934,7605809,621041,,745855,2590861,1608724.0,102406,4995965,4685540,432563,18688348,6337483,3936575,812753,1291028,59200775,935482,1879559.0,703749
2021-12-15,4208470,1247308,1545990,702101,1948013,2614443,8443240,,2734663,5885421,43247637.0,2896390,,1221632,872055,3332275.0,1070180,55703450.0,1519208,73904810,546639,20216555,8848065,466823.0,595451,7350320.0,960405,3502650.0,449180,281382,5509840,835628,6433830,529613,817388,677419,46797552.0,9207868,282279,505329,,35016471,35272072.0,,569189,899698,1040800.0,3617414,728110,29902520,11373167,1303749,7978738,114000489,754432,2930606,5246085,13923782,9460715,26035321,495739,1767247,102066,815873,1562061,,2614493,2523353.0,838495,2089959,29174494.0,15855697,3575461,1366458,2853943,2333167,5963194,489641,,1149449,2167832,2650751.0,274572,3817308,4913006,434327,35826679,9056411,3048342,910865,1495938,110406631,507547,2562022.0,1040037
2021-12-16,3786782,1267302,474068,1538118,2567856,4961282,15126499,,3895327,5316411,56900237.0,3766331,,547090,640508,2856525.0,1342786,67205372.0,1666178,37125464,1117327,17847167,3911949,361658.0,768711,5190167.0,624192,9876052.0,112416,170643,2434479,1887898,5780368,270106,692292,987927,79197531.0,37421852,846149,523065,,45901767,27706077.0,,850007,1997065,3319106.0,3800769,457680,15519159,8717999,2301905,21931241,323349438,1203861,1583671,6536783,6905141,15899773,42498125,687626,2318144,144680,867885,2313040,,4777435,4490859.0,1447679,2596307,30283693.0,20363896,9179207,1659994,2864506,5166553,25703617,286249,,1464006,2937039,2807991.0,267387,5799458,17587777,804492,23098284,12241355,6254337,932615,2642399,152149731,535364,8704034.0,746022
2021-12-17,8441592,1700840,1010762,1346426,3250093,4835521,24160419,,4797230,16687570,74707696.0,11639978,,1210567,601849,5564270.0,1242153,138032247.0,1687563,44599705,1282692,31529278,4964960,785357.0,2303223,7519345.0,553648,4582718.0,168623,1899344,2338395,2002116,11309225,555788,928504,1848875,51817631.0,15328588,544694,2141794,,39711829,33785573.0,,1036884,2453159,2194043.0,4522836,1035689,16530144,12002319,2709066,14156423,359113278,1235848,2016867,10645327,6638755,30043179,39538504,481753,2935027,178004,1022341,2875478,,5265180,5398093.0,2091520,2966350,35573907.0,16748097,6812900,2096217,7734310,5445247,32026435,663715,,1331023,3023596,3072661.0,256434,6602284,14564390,1651964,24768645,21069553,10832701,1543450,2950186,299411321,957104,5544958.0,1102736
2021-12-20,5040193,2153246,314191,832727,1890735,1419698,9772977,,2263606,10724780,36263625.0,3424531,,823687,197272,2317553.0,628228,81696810.0,1986542,50418122,664226,15783895,3328720,341264.0,1182053,3208142.0,389800,3069635.0,188585,142814,1559756,729605,4626495,281732,570750,798992,57227692.0,7547417,385787,637265,,25448907,29968728.0,,714849,1356763,2067813.0,5264718,317934,10976263,6804320,4317879,13542549,209209569,627441,986865,5770151,2656363,9930372,20192116,305758,1203842,84445,700598,1477328,,3555239,2305779.0,1539661,1491700,61855646.0,16760401,4065690,1270947,3331168,2311842,18087106,553894,,641554,3748534,1388032.0,54256,2668560,5547824,389485,13973344,9829639,4401542,667815,1111722,133117009,762889,2276424.0,763764
2021-12-21,2484968,1892394,355975,718591,1065963,4696983,23192968,,1772193,4530936,27005362.0,4460653,,1171470,328157,1688001.0,423353,35667539.0,1040000,10961481,589522,19509343,6146978,393809.0,1608551,4688487.0,312568,1942796.0,151348,61984,1735783,1605561,7627938,242666,1451329,538428,26103676.0,9124401,334415,330731,,30771804,36826960.0,,896250,1025348,1706305.0,33348869,221383,9910405,9811528,842904,6268975,135939459,328651,557050,11702154,5681682,6010947,15676667,392606,1182553,41431,464321,1376875,,2011173,2932499.0,1118906,1007879,36799851.0,9338137,5262858,1226617,2128630,5794389,11421200,324742,,699196,3262747,1552945.0,56698,1503894,5014711,405523,22344767,12119705,3157711,289345,1048022,51850539,425028,1949198.0,1246113
2021-12-22,1587560,2162865,285285,462688,1495029,5977288,4836651,,1328336,4259187,34376929.0,3459932,,1064625,189150,1571026.0,499826,37755442.0,3354078,18159418,435432,10090256,5549154,556380.0,771281,2203965.0,579501,2273488.0,82010,98960,1326717,1454229,7473185,302789,310527,930840,20921156.0,4253103,252328,448246,,20280418,32725808.0,,584909,949425,1027090.0,2484926,219433,5032620,7257973,1383191,6412769,104721929,527816,481386,3432663,6700234,11577434,16667958,520515,1158801,101274,475274,2278162,,1999932,1908710.0,1418837,1290598,29730360.0,7330679,2901312,600017,1804546,1082012,15358360,319961,,1263156,2369633,1493711.0,60894,1515760,4328735,821468,22026120,12402874,2841627,479164,2068362,36531127,286633,2477252.0,666059
2021-12-23,1418788,554283,195410,1008572,959382,918275,8033012,,1560376,2903082,25626748.0,3736481,,699946,99162,934220.0,303271,30092509.0,756489,9040614,279053,6901463,2858187,331949.0,512895,2109334.0,264546,1809891.0,64190,103092,1423711,1055401,5287346,225030,250789,850053,21908844.0,3212401,231917,545260,,10517995,30004814.0,,735194,1293579,614307.0,2190571,127737,4027496,2681153,1810817,7555858,97487752,522432,451433,3434837,3892236,4394110,13412626,320992,488768,101513,255552,1039183,,1638820,1705233.0,717490,703815,31442443.0,6033394,4322407,626041,1118915,1019368,5408126,520450,,423908,1774645,2561896.0,86896,2117140,3782423,267729,5287992,10976272,3106234,567028,667140,34692361,187547,2855747.0,571568
2021-12-24,503701,148505,86137,87360,171072,235633,1320204,,234238,752855,5005050.0,532337,,126348,20519,1008448.0,52217,9597346.0,65725,2378852,59287,1967841,484226,43633.0,243535,603469.0,27469,754881.0,10915,7134,203370,139616,1249564,99866,61317,295055,6722649.0,1108090,108016,109081,,3277695,8021242.0,,134889,138655,670536.0,397249,15634,1131038,861659,142118,1956710,52779157,116681,132798,1033121,627053,1580151,1506753,149490,133522,43315,103254,284883,,278010,291721.0,94775,190287,5480584.0,677449,398008,131882,783353,240663,1467856,50229,,92418,550740,272952.0,11388,361819,679336,148205,2246590,2616969,379804,36380,215999,11003299,40363,812216.0,66305
2021-12-29,1775456,792656,301555,430902,1650898,1419485,6313552,,1406164,4620601,17383167.0,2069448,,1715996,156050,1484094.0,507837,41545288.0,770191,12220819,611971,17723884,1816490,439414.0,693391,2546893.0,309033,2324224.0,167060,221556,1419204,705669,2959337,186685,654456,763341,28200641.0,4400479,342600,598649,,16327229,18624705.0,,990888,797819,1279074.0,4595353,289049,4954753,4056246,1206412,6990092,95297983,578539,707127,3674147,2417367,5274055,7040592,192021,772472,68882,467791,1269762,,2338783,1961512.0,874289,1805696,24630669.0,3809105,3129682,758941,2447752,1305643,7247562,581133,,1028661,1528492,1257909.0,87903,2549155,5858799,429572,9098820,6067177,1897571,249474,1255711,47097000,302881,2091716.0,478997
2021-12-30,1044391,310529,209491,338017,564379,1469755,2752459,,697022,2432540,8830898.0,1229052,,342717,71530,1603966.0,339771,19793695.0,421134,8309275,126907,10405396,1118238,252383.0,503450,1413914.0,182305,1286248.0,70009,265883,549408,446957,2143282,161337,304950,1116208,15618568.0,3172524,149005,532434,,11869230,14625648.0,,191904,575929,525181.0,1017876,209448,3653437,2905269,597210,3332379,69823271,291424,278691,2758098,2696043,3240399,6545098,126375,485688,47497,320098,757156,,1275320,1392182.0,480208,1274642,11207784.0,1898744,2760554,487541,1145546,728953,5996572,353491,,426269,1139035,999657.0,35335,1085604,2074065,319680,5589404,3102164,1295958,550341,569393,27121549,149752,1352307.0,296345
2021-12-31,673963,169949,99696,200159,298737,1366416,1882295,,482453,1387264,8016884.0,942259,,184126,69163,879158.0,209677,10633768.0,299288,4543644,117072,3921752,815573,103196.0,256092,2178770.0,45235,815120.0,43061,91304,295158,297889,1266631,116848,100724,215840,9347720.0,2160368,78880,208282,,5751616,4546592.0,,70808,271769,856266.0,649997,74928,1513576,2269183,442227,2017185,50362743,181205,192026,1842898,1421237,3460586,4187808,50406,228177,40498,139469,449830,,594356,585123.0,254985,636144,5261705.0,1137588,1046102,284888,718991,620204,2164944,59928,,199798,415494,427193.0,31541,863820,1471367,186867,4579428,2403107,978367,154950,302180,17573916,85715,839223.0,138882
2022-01-04,2989426,1621989,523462,1781249,1299922,2376243,20146193,,2662591,6085071,40400336.0,3754616,,2155001,302903,3702121.0,1196439,57430776.0,1225079,20179308,763311,20647779,3640342,560332.0,1220990,9005127.0,205911,2829650.0,171493,212090,1462270,2023381,11665402,516966,1046962,1324812,47725392.0,7701951,412968,801888,,36059821,55552154.0,,991126,1287513,2096456.0,3764130,409089,7409543,8393249,2040518,13942388,238638895,603540,991835,7603695,3921045,6263409,26358108,400207,2533163,140309,786101,1621876,,2971892,3030370.0,1347134,1557463,38946726.0,4678034,6923721,1010176,5612910,3389945,11535044,741569,,1010355,2688025,2479549.0,165516,6636766,5488579,484830,15645024,18383938,3498526,675191,1806275,121997785,683288,4719529.0,1122165
2022-01-05,3398974,833797,387447,938711,1565022,1204102,5141464,,1775049,6608487,28170350.0,2693362,,2059132,111829,2895437.0,748974,48899585.0,1139418,19131231,592214,20322696,2694638,424350.0,920337,3180345.0,443069,2854555.0,177420,96114,1446510,1236528,6752374,204575,237882,862680,30096268.0,6172454,338158,513546,,27632008,36807234.0,,990674,1919416,1094192.0,1695646,372409,6729993,10864232,1355559,6747955,268522660,739454,1044174,4612175,3125207,6063195,27454593,319593,2145548,80355,435121,1003104,,2674766,2453217.0,670004,1736459,25212468.0,4117662,5044781,1017876,2000590,1865026,7927910,473142,,963016,3584376,2088459.0,54525,3414945,4738465,486437,15115370,9856709,2511994,361352,941960,74867062,402850,3926399.0,470904
2022-01-06,2298114,676978,472534,831681,723533,2011672,7560663,,1714291,5418915,29020547.0,3730869,,1183174,150765,4375011.0,569256,57860437.0,1217848,25725284,412649,25184888,1968220,324476.0,992880,3069186.0,329122,3419091.0,130093,140464,1965308,2112558,5629479,238608,435190,1083825,26621992.0,4383814,796462,593040,,35001580,43814271.0,,789752,1210133,1398817.0,3204704,202518,6384046,7613055,2305253,12440000,320456504,856219,930086,11092321,3368811,3827099,32904140,575685,1654174,122722,432219,3259708,,3730867,2932260.0,1519531,1696982,25022673.0,2798623,5338316,1882176,2292812,2029532,8784429,374243,,762407,5078157,2750535.0,85777,8130827,8383026,413791,18098387,23501202,2846320,487286,1631760,48172062,805152,4825638.0,656643
2022-01-07,2756608,498300,538318,610752,1130137,1418914,12112136,,1727026,5497487,40109355.0,6272491,,1530014,210498,2259253.0,852845,51426584.0,1033253,19827238,446206,11987063,2281558,420705.0,1082923,2874538.0,434689,4198975.0,193409,101982,1837598,2167233,4274295,182359,186788,831090,29555203.0,5600567,428341,887838,,31774685,18727782.0,,467764,2527588,1055279.0,4322045,320253,6014411,5755645,2677223,14644031,226744765,454965,1352418,5514224,2431454,4683665,26115226,341184,1545204,113538,841641,1270089,,4087889,3001109.0,1010287,1353197,22908008.0,3480361,5309174,717864,2448420,1641338,12539647,414937,,865550,3393420,2215516.0,86623,3620396,5642818,751901,17895696,14422838,3345157,327607,768971,69394464,1128806,3904257.0,315415
2022-01-10,2591968,1059946,388188,1054477,699982,2257353,5932219,,1438582,11687701,38889136.0,8361424,,1574688,369758,1760700.0,372075,74320649.0,1022186,80972571,906433,19046970,2387431,362286.0,1039944,2883743.0,549109,3155717.0,139165,215047,2763838,1498293,5897043,282180,656009,755653,26157870.0,14440692,294048,957144,,34726983,31756179.0,,373175,2259853,1649968.0,2438691,391334,12181185,5170225,1810618,10812533,254924966,703127,1128643,20878183,2684118,5089001,21233626,460535,1864477,132577,1332746,914510,,3483021,2959095.0,881910,1435025,32665032.0,5394736,3631154,769311,2872508,1645458,15195516,554248,,791276,8712170,2794002.0,131405,1865661,5112940,288651,12200469,21223527,4688038,535908,868489,269571647,678609,2876324.0,439002
2022-01-11,2846033,1536054,443254,1061481,1051000,2052559,5988471,,1648710,7374208,67439259.0,9756164,,946120,433588,3013420.0,788853,43912140.0,1021328,23004639,685324,14968696,3973221,579075.0,1087493,3375895.0,378774,5316888.0,160074,97850,1342431,2910617,9155484,648478,516826,839380,27130291.0,9524783,480412,839726,,38635805,37834367.0,,874482,2284127,1958090.0,2555448,298750,13923950,7957519,2196129,18111054,184117239,1134660,1129580,7865720,2983992,7023473,31957648,356237,2752564,131709,1058675,1289474,,3641329,4188246.0,1572272,1586512,26391968.0,5324988,4682940,1531176,2457240,2153041,25016695,423532,,615104,5234458,3000977.0,174764,3566748,4559366,472200,31665127,31822196,3502063,454861,1341751,73016676,493661,3792996.0,931905
2022-01-12,4316494,920954,474754,1733922,1730586,2070706,6689693,,1769946,5798396,42752702.0,6166414,,3203016,726036,3937085.0,846661,139200949.0,943378,16856824,532445,18249141,2149244,651683.0,1561732,3146260.0,586615,5174278.0,258889,242897,2380847,1832221,5362675,215303,794939,639276,69436711.0,10676691,336222,607537,,36029176,20515919.0,,527956,1408026,4006783.0,1872999,270299,26786914,8239009,2127547,16219695,139325708,1167664,982243,9710949,2536290,5700102,18216951,254477,913470,112950,1106204,1205960,,4826684,4458698.0,965530,914651,22263355.0,3862662,6394592,1778305,3221918,1385400,22162823,320656,,599463,3479649,4159043.0,76741,2638507,8033901,660445,23408905,40928845,3229026,398596,1702497,157396541,327309,2702962.0,2189355
2022-01-13,2628617,516551,473918,824467,2063751,1863943,6116139,,1245471,6129135,53562771.0,5869505,,1455800,273990,2566987.0,799817,60031350.0,1244100,27372810,545551,16389397,3202714,624344.0,2266500,2474323.0,287697,3672974.0,179332,81405,3423837,1799463,3690906,182783,418909,593611,49342891.0,10219587,388886,741358,,39474358,22349492.0,,234352,2458642,2142215.0,2925186,381021,47359281,9348918,2903856,16940221,142086003,1288395,1121279,7885303,3827011,6305287,21012628,376358,855701,88213,1493129,803366,,2668776,5424417.0,1392850,1667171,24820726.0,4179910,6338803,1436705,2934854,2632932,13064341,691530,,757431,2300027,2648843.0,147079,2385274,6874087,834950,25955230,37034558,2438375,393025,1053331,89315798,526853,2646987.0,987998
2022-01-14,1768997,713795,356043,981358,982789,2230089,4713974,,1623488,5767344,46476960.0,6878156,,1165187,227353,5420952.0,578218,70163258.0,2665627,18320991,501376,20954954,2483748,399816.0,1550702,1907693.0,454592,3893530.0,152278,64203,1693021,1607454,4307791,200878,513568,509520,33557354.0,5442936,282484,889691,,25485065,20773710.0,,613446,1526192,1471117.0,3304395,174792,15692043,8003027,2479619,7758088,212668176,822648,912760,13533688,1778692,7623748,17184335,305616,2393422,70779,967493,734239,,2756253,2146032.0,834204,1569044,28278764.0,5164473,4435615,1985876,2106963,3289378,16149387,514582,,648613,4151506,1712786.0,168664,2201627,10880771,808576,20472873,19179281,2683651,536423,1283560,100687264,527859,2376182.0,741475
2022-01-17,2235540,1191975,376848,2020413,888291,2240241,6450320,,2606595,4867259,24158972.0,4087959,,1449576,205110,1794892.0,631904,60591123.0,943496,15634923,557908,32863509,3435383,457483.0,702141,2064584.0,576389,5429160.0,120230,84992,1003977,2102924,4401161,255000,211055,742076,67810260.0,14573030,187508,1171705,,28851318,20362590.0,,303261,722242,1125662.0,11425256,194186,11854886,4093189,2634764,13570492,229444944,855542,443657,3420729,1985424,3410494,16612039,304724,962116,74503,1073017,1112762,,2873168,2974385.0,1725357,1833773,14345123.0,1672892,3867337,963676,1344072,1196399,15059522,457391,,565845,4414365,1518430.0,154994,8125549,6332125,542627,15723634,30694427,18661756,230419,545159,85511319,325724,1889549.0,1183854
2022-01-18,3511251,964356,592492,2613022,1135296,2191727,8780359,,1942280,6172388,60762210.0,5540763,,1250370,227618,4915566.0,569465,74852832.0,1682948,33859975,549414,21440045,3351973,416735.0,1567219,3877362.0,939162,7224232.0,365320,119309,2437035,1879766,4961284,339360,237465,1155069,68966046.0,13113726,453447,1371609,,33497255,23198140.0,,593457,1229306,2351366.0,3029286,358732,8344987,7545894,4398205,17840922,220513159,923231,912565,5519230,3376686,6772159,18910338,296923,2000980,129752,795893,2775252,,4322556,5271369.0,1284142,2474915,25345640.0,11121932,4096825,892505,2737714,3895751,21534091,807859,,930343,8381668,2158239.0,176899,3960530,7029780,411000,28944074,84233142,15003589,731553,888684,109121750,316390,3528233.0,1120202
2022-01-19,5003948,1196894,610756,3274960,2393171,7299008,10381923,,2383199,6908439,71653314.0,5966352,,1167923,358628,5429030.0,756379,60553500.0,2528536,26803389,973048,16177590,2996660,901889.0,2050079,3446185.0,535415,6284833.0,509324,196383,4524379,6186489,5303726,268791,409666,1752308,49730636.0,12300225,622436,1301064,,40907595,29870064.0,,712555,2226431,1668094.0,4127560,503200,13660987,4957826,2993732,22241983,236887004,681415,926791,4766775,5022580,4809751,41441031,268152,1126960,257839,1632105,3652041,,3849610,4880821.0,1360394,5654362,28830049.0,8797150,6972462,1344270,4540033,2906261,21852392,540147,,2010647,6888542,3664315.0,217164,6573263,5577805,483965,16181221,22396321,12531008,590343,1298272,92313595,1243719,3666886.0,1568607
2022-01-20,5404512,2496754,586169,994789,1221360,2233919,9096546,,2357929,9693482,36605898.0,4380339,,2750008,234338,4136101.0,593414,43887033.0,1563760,45817189,581644,69371559,2854017,1789166.0,662052,2162846.0,305222,4865075.0,227304,56411,1268731,3056776,9943745,238611,177687,1077573,40325834.0,11243686,609830,943352,,31029949,29619190.0,,1034018,1143734,1975943.0,3613328,357774,10321039,5492070,2820970,8280518,221857195,792997,873888,5428528,3881569,5707310,39780920,222445,749001,161186,831208,2304612,,3666920,4227020.0,1166436,2197942,21634524.0,6603685,4192554,963264,2418917,1868014,26399527,475758,,1068604,4853311,2479197.0,102278,3954262,4903462,397637,15573050,14394973,9830024,705081,908141,80256850,631800,2976167.0,900946
2022-01-21,5639519,1079729,505317,1634806,2118114,3791664,9603653,,2592713,10456183,40878212.0,6605978,,992531,239354,4726907.0,620471,68009741.0,1962201,26984355,1114638,36573566,4524577,1294661.0,1359084,2980912.0,291340,6106933.0,226487,82758,2584806,2531268,4040010,329258,266658,1078659,55795920.0,10906567,491896,1124683,,37487844,22720776.0,,568752,2888838,2719415.0,6390622,351391,6062276,7937699,1367789,13158568,187327605,1338600,1567921,5671621,3070624,6624724,14828004,239080,1318615,191957,900660,2688321,,4441559,5938925.0,2014096,3555293,23958427.0,5974268,3478162,1396299,3695641,1454846,14771039,625500,,1102495,5991712,1946361.0,182493,4450469,6802573,453019,16457165,13538293,6046034,559233,1160257,107104891,528050,3063908.0,746034
2022-01-24,6095670,772463,963243,1350678,2016517,9618048,14984371,,2765458,10648061,55257456.0,12045156,,4028654,323263,10594760.0,766788,67979261.0,2045220,41466942,680045,35206210,2581271,1572644.0,1323035,2477389.0,546691,3525568.0,263638,233437,2931267,1487826,10472856,599673,582234,859729,105647286.0,8671926,361019,2075776,,39820858,43315177.0,,430481,2687077,3229046.0,3468843,329531,28716226,4547143,1768408,17752815,282598008,1243526,1047737,6285204,3349015,7693547,24829089,511008,1595393,340315,2519123,2947721,,7292967,6365821.0,2286818,2059573,60870869.0,13055151,3067141,1916641,2489218,2264116,53705254,499782,,2072814,10846331,1730707.0,622200,15366684,7953102,643217,36356190,20616079,19110948,565045,1389660,265476165,763589,5356314.0,799658
2022-01-25,3384024,795173,597777,1154998,1674919,3470786,7179228,,2046027,10938803,35195382.0,6044435,,1977661,331408,4038385.0,753011,55892544.0,1381931,33658835,1388935,33146738,2867262,503767.0,1480348,3040157.0,393817,3823250.0,319881,171709,3376140,1359590,6315916,572460,543958,703713,36841180.0,7267542,419285,1143765,,28153744,26459221.0,,501869,1123867,2118349.0,3350141,316009,7585100,8620754,1499776,15455786,277583398,938030,1074606,5700133,3883142,5948278,24637865,325432,1691120,246850,2704866,1885921,,3348878,2777629.0,1506044,1757351,51174801.0,5656988,5466763,2291699,3161583,1662140,27968469,508929,,1200977,5894335,2289627.0,155042,2247603,8332436,702570,19025329,21495552,7605637,523163,1258070,104086326,763906,5919002.0,700495
2022-01-26,5620589,1632202,379707,1040796,942728,1875147,12507360,,2360742,7906357,42206968.0,4762781,,947797,357851,3683803.0,728103,53943299.0,1005721,32478001,2307677,22917113,3344566,936141.0,869060,3811048.0,332976,3690465.0,162362,60087,1661729,1472124,10795637,217509,234137,5660589,41142221.0,9261602,753794,1342382,,23928972,28274105.0,,852256,2542864,1802720.0,2708235,345779,11202067,6486611,3002022,12987367,149908245,879978,993050,4357285,3860875,6221930,29184594,318340,2800780,139707,1039300,1844424,,2788644,3289631.0,1757005,2086501,34337653.0,6173441,4215771,1183935,6501495,2435580,38802745,363364,,1196391,5069441,4283877.0,277053,1864259,5795958,370208,19857084,24075955,6121554,326934,905000,110465395,850220,4411561.0,881152
2022-01-27,3878695,825112,443148,1650545,1846047,2609112,9700072,,2743645,8972354,27601885.0,3302335,,2375345,202050,2601684.0,742627,104731641.0,1130999,39780717,1340199,14446715,3774052,916078.0,1096968,8373180.0,412762,6535403.0,205972,190715,1013845,1602542,6467332,221656,386930,3271428,45512395.0,9724128,525951,944552,,39544346,20721530.0,,575663,2422554,2108584.0,3401642,249145,8586231,8180344,3662029,9155393,249529611,1196718,1043490,4121638,2370636,6278794,22377991,396947,2945321,285759,1138346,2403888,,4226053,5298248.0,1488009,2320715,23679868.0,8185346,7916463,803341,5253969,3255274,31658142,495441,,1224884,4267048,2816877.0,97706,1682719,11640012,448123,17713754,45524527,7543861,527148,1177263,157837645,455242,6506612.0,783214
2022-01-28,7138046,2924720,860521,2795634,3319737,4722489,14818113,,4743488,14226047,82325034.0,7994606,,4389195,577273,5726424.0,1617640,146985725.0,2336760,47804525,1204088,20293467,7676790,641255.0,3609678,5612883.0,444316,9542047.0,266649,304785,3353035,3874194,5188536,521548,432070,2464785,73034410.0,20345156,789711,1720629,,75762199,27206644.0,,1029394,3109533,4833408.0,6628771,568865,18239661,13271199,3909219,33707337,358298322,1770576,1999616,10656930,8489529,15264567,25616717,735182,4795443,435152,2234537,3187779,,7740196,8107937.0,3333319,3578647,51618873.0,7739899,8948625,2678523,4647611,4606552,31360872,1114760,,2010425,9269465,4403861.0,251048,4932768,10772242,1273706,35493364,26073868,10256749,1160497,2560623,192991422,642138,6509526.0,1161090
2022-01-31,4096110,1214579,598465,909501,1400586,2315488,10415391,,1976888,8803110,27261791.0,5764140,,1518547,293661,2089068.0,582201,50951787.0,1260318,28393313,531001,32993876,3220963,519656.0,1127116,3539532.0,213329,3434453.0,163813,120256,2261831,1591015,4265649,311964,252146,1671151,38764882.0,6679651,468441,789027,,30969436,30500387.0,,881497,2663523,1531428.0,4392273,306509,9570972,9673684,3086425,14828965,156167834,644108,1694550,4899473,3646555,11228874,15021286,380589,2390153,162324,1049651,1857553,,2688909,3783167.0,1946993,2156652,27112879.0,4242746,8157504,1397694,3584345,3075390,8153468,417986,,1006088,3585368,1667838.0,188994,2733311,5449989,826134,26135428,17521002,4396686,900290,1549527,151737818,455414,3986889.0,1590533
2022-02-01,2904644,1090178,790329,675521,1841803,1609668,10178912,,2628186,6917036,37250421.0,3481159,,1288182,211831,3215656.0,460370,65719741.0,1044768,16964594,728422,27503987,3102390,798156.0,1167271,3380819.0,317594,4068313.0,251825,92575,1317042,1880036,4662533,395202,197742,1412856,48408344.0,7934015,505665,1352266,,34086223,30283983.0,,538593,1789821,1466389.0,8266854,309851,10398297,14476411,2264130,10673420,179517363,772810,724145,5723078,2780304,6963157,20347941,321673,1584399,114433,1033694,1383568,,3612637,4015346.0,1640713,2444451,25425345.0,4801057,3458779,1425623,4441492,2645918,8692774,524162,,863580,6470244,1569260.0,126029,4129093,3992927,449849,18023132,16798865,3051658,877426,1963424,81486084,348635,4383444.0,969669
2022-02-02,2333396,1649974,981803,947333,2093843,2762223,6783713,,2186678,7011252,25198986.0,3849990,,3142491,152104,2484642.0,405673,47610113.0,836503,25730400,667707,21382422,5105577,314865.0,1335252,2019777.0,200239,3424845.0,227016,95426,2593010,1720753,5348811,654439,228103,1119033,41308282.0,7103587,694683,1079092,,28072534,28038085.0,,666302,2160077,1063631.0,3465081,404463,8410133,7785353,1709529,6424932,212887878,768023,745971,4044754,5972194,4570906,17657235,488304,2253405,76709,788146,1373729,,3318883,2317462.0,1392247,1281474,21938682.0,4819896,4536390,1340670,2266345,2146915,12044193,213602,,1364625,4533563,1519840.0,171169,1925512,5697286,483787,16935023,8922414,4094064,477477,1712985,128938414,262952,3394732.0,740675
2022-02-03,1778923,740975,355517,2991982,941822,1959356,9023342,,2281492,4146703,53035673.0,6888125,,1857938,616695,2084882.0,816881,55250427.0,1110481,48647164,626537,21868060,5877698,567470.0,1206165,2348510.0,217071,4228705.0,279368,110004,2013486,1213899,5574913,450775,349135,1221694,30969842.0,6893910,390107,1039465,,32378166,26609400.0,,767426,3430719,1472915.0,3521831,227011,8039089,10145266,1466273,9405987,261163021,668735,818741,11760777,2962699,6347382,25108547,395937,1221400,97548,779271,1089843,,4196646,2072189.0,705073,1712525,23459460.0,8011542,3007945,1234117,2407217,4026999,21868899,577417,,860235,3729596,1301668.0,142438,3583798,6409393,389067,28755256,12189630,4536338,334034,1681450,169317332,319798,5756205.0,488627
2022-02-04,3077661,1106841,413020,1005466,2120703,3749500,7454480,,2007468,5786757,46999172.0,3152559,,1386502,260488,11290257.0,1064501,73990562.0,1024053,24110904,660816,12939682,4042892,436847.0,946775,4883963.0,604960,3531361.0,351720,93686,954738,1321282,3585024,213295,159107,1231018,30885265.0,6271354,522380,884204,,23255009,37581915.0,,479273,1958918,1472083.0,2753456,403083,8589622,8638821,2196841,13984839,310615405,486959,1453098,4993412,3701397,6402156,20403187,401708,1632111,100057,675719,1646306,,3702213,3560455.0,2129151,2102256,42482203.0,10051385,2484270,1440358,1870652,1908679,20565060,493106,,960464,3120248,1486010.0,139886,2773084,6721285,488667,16693242,12839521,5104177,323557,1431234,107823624,384797,3775091.0,309700
2022-02-07,3606234,1031456,315432,1002825,1348407,1521790,7390830,,2440699,5668901,37412438.0,3384372,,1289600,157347,2352795.0,473884,65339642.0,1025138,34406193,396407,12500705,3707355,416189.0,744534,5759959.0,329727,3682386.0,173968,73341,2248270,778136,5657921,347217,158443,1503079,34500144.0,12682409,460348,791486,,35614557,25975469.0,,926283,2050989,1202282.0,3338015,201958,8346290,7101962,1543664,18190801,170499842,349017,640665,8076732,3758048,5370204,21069266,406182,1267194,81550,721836,1160558,,3916142,6932572.0,1143250,1519873,24527151.0,3807584,5087284,1145888,1688537,2262082,31177267,373387,,787796,2979884,3498612.0,180267,4670191,10513946,358314,21619089,8812413,12417323,363556,1456828,430042188,309401,3058765.0,487471
2022-02-08,4653531,1680566,528904,995888,1908450,2287300,8269681,,2227859,5615745,25800865.0,4249961,,1391064,552680,2714176.0,550047,112333300.0,1101207,30240408,467038,15408786,3582204,446463.0,595676,3298520.0,453529,3382336.0,187818,72107,1885597,2321924,7952885,255359,386093,1055357,35243167.0,7196542,300448,925825,,45308014,39402048.0,,408077,1670518,1959095.0,3878422,318599,10839655,8599199,2173606,10648534,165211945,484576,667950,6552842,2468308,4886843,19907661,579108,7877717,53589,863590,1095654,,6921505,4699197.0,1813706,1948268,43362500.0,2968803,4016737,1106641,5975494,2490351,34154866,588183,,1280400,2487659,2643646.0,109139,4950031,5170554,445641,18261077,11826989,3684719,435713,1827550,136489916,524890,2409569.0,427852
2022-02-09,3509329,710686,879164,1140683,1711793,2166089,13039025,,2618498,4704633,30093834.0,5199964,,2547682,348530,4542474.0,413279,72690506.0,888829,22844241,543209,24365406,4270402,680944.0,2382044,5841997.0,319858,3776427.0,110406,106440,2234967,1161777,9752151,274829,257923,1241691,42856432.0,8227665,1064380,675940,,32315290,66335511.0,,478497,2411520,1449091.0,2241422,223091,11042765,6001181,2288228,18348748,170858759,442220,1414520,4350848,2708106,5171942,16164630,472210,3103462,132137,624428,1281605,,2417575,2960565.0,1411867,1807662,40747911.0,3361372,6754829,880688,3229996,6852892,14058788,571701,,1608486,2100115,3685302.0,97437,7087087,9785002,429420,17872207,7153205,3648333,541229,1499854,266670674,1115165,3870725.0,1106854
2022-02-10,4094504,746992,346374,867411,1909090,2515290,4921905,,5701787,4281972,26138252.0,2915073,,2680770,174971,1830493.0,393986,59632180.0,925517,78804616,1065983,15477131,2184222,364181.0,643262,2459319.0,242566,2918066.0,96261,85070,3427588,846325,8004081,259024,254795,1657005,51240454.0,7513917,393266,648149,,20729864,57203894.0,,634866,1095248,1721928.0,9779503,275259,8714306,7107982,2481482,12461839,184243619,328038,1003810,3906562,2604301,5665508,23775687,499192,2282562,86703,873213,1417501,,7132937,3741357.0,1512294,1685728,38618415.0,4190697,4212790,864935,1902628,2181689,22355253,499364,,933508,4067333,1974402.0,86053,3202076,6437154,415650,16026114,7094170,12121945,321356,1810294,116623878,508955,3715462.0,684956
2022-02-11,3418915,750034,569035,1138957,1872064,5140254,6498352,,4601471,3487827,42198884.0,6356671,,1968787,193505,2741250.0,768627,79062950.0,1143628,24775391,628914,16512726,2543515,259193.0,508405,2298957.0,132527,4488849.0,83606,95668,2399687,1206834,5369452,171342,141430,1746486,44750573.0,11042366,335681,525810,,25062386,31057459.0,,2368880,1151799,2613875.0,8909299,301765,15264881,5551807,8310070,25607453,177202605,1244605,806704,4626929,4175149,5449112,21313381,415522,1683145,97847,848508,2563817,,4080391,4335829.0,2462345,1424276,22797073.0,3176914,4113243,997905,3332814,3058005,15497829,372307,,555306,1851186,812709.0,121309,2331912,7615308,282239,23077069,12733581,11732990,358987,2286410,82838820,657131,4635988.0,1011897
2022-02-14,3166695,3097521,293012,808591,1202998,2479230,10859268,,2940867,8912354,62142328.0,7090876,,2488124,177191,3602008.0,562130,77689204.0,988113,37666765,1712391,25632412,2434522,258709.0,1330784,2943635.0,252398,2912773.0,172877,99300,1695772,1927745,9367211,320857,1804402,2537494,42373240.0,11016852,519094,1026889,,30648498,55509380.0,,660873,1640429,2599305.0,5001422,173318,7543933,6722841,1573837,20036520,224580586,385396,1056157,7615837,3880952,3939672,22264820,300568,1354383,123701,548284,1307124,,4407553,3481428.0,1220894,2462180,42429612.0,3824478,3962294,1979241,3187047,2267724,13697109,351813,,999454,3455734,2044995.0,98308,2755216,6534086,312086,13115184,8586081,6633244,899485,1191603,115123621,573107,2505373.0,914812
2022-02-15,4298443,1181085,347796,678562,1601857,2160800,9216353,,3096131,5048591,34554049.0,6603585,,1648628,207929,3956522.0,758476,83837943.0,793386,15513322,934483,16877995,2656682,351243.0,731825,2571723.0,249513,4486189.0,222517,75777,935479,992949,7765285,254640,1398278,1875230,59588917.0,8820044,582011,598205,,48395580,30751686.0,,658386,4428101,4400699.0,3518432,301016,5035122,7382576,2359062,16287074,151011097,470334,1087718,14388611,4663249,4959667,15224465,317701,1193474,110048,1642032,1941590,,5634629,3188618.0,1269180,1552963,23416138.0,3350948,5554269,2587635,2456463,2645550,29779779,313164,,708452,2151489,1892950.0,91699,2746382,5814564,466194,10094582,19929232,5197266,272149,2127693,102756634,454113,2198200.0,669876
2022-02-16,5001463,501931,398065,620278,846553,2612718,11313838,,1983937,10761612,58329765.0,5942024,,1173719,952801,3530821.0,529934,126156554.0,985575,22489536,1665520,30476283,2757730,396194.0,1323288,2756297.0,217846,4549338.0,294992,70067,1454474,998342,4338916,241624,353896,1027103,63239624.0,7418817,1043622,512798,,20125755,27555741.0,,2362804,1110778,1487547.0,6972173,194275,14394549,6339508,1578767,23365760,213579368,346560,1159732,17420331,6964418,4186324,39639042,593753,1753165,86171,2486246,1038340,,3854988,3680125.0,1692952,1284097,81515802.0,3460875,3592449,1410717,5058716,2832120,28571334,252377,,1651647,1842765,1658970.0,188379,6853152,7973546,231311,17253400,17860318,8704430,343025,755542,158181791,457952,2883461.0,512790
2022-02-17,3838459,594364,236880,1001511,912844,1728877,10251592,,2198212,5447250,27405293.0,4372680,,1369113,1201678,11107937.0,656547,70519486.0,818934,19082552,584983,11891027,3572027,739377.0,584745,2566530.0,185222,2385489.0,201124,144177,1150747,926084,12726834,194100,1022170,1840025,43057694.0,7500440,326799,532959,,24230834,26196627.0,,1666700,1063128,5061101.0,2456196,204361,25201146,6674370,1830903,9697306,189461870,521532,1459211,5122265,4453963,6963621,23825082,675949,1895580,100195,670110,1273845,,3444541,4772789.0,2382090,1415053,21791237.0,2556921,3181665,1299141,1537724,2079975,15649572,337396,,716910,1559206,1580189.0,194403,4771815,13508271,600748,12173470,39879079,4512813,442315,822067,75998226,627047,3053673.0,1164219
2022-02-18,2447853,1500763,324206,2145686,996654,2118625,8931315,,2061222,11087618,49093183.0,3885232,,1101944,171584,4300425.0,515472,54052070.0,1165956,58108756,710998,19305588,2332367,398662.0,1172773,3639219.0,290483,6589649.0,94173,287336,4339833,4648705,4488259,382947,357981,1386581,81323650.0,10871345,320092,636946,,27292257,26421298.0,,489566,1442961,2194445.0,3513875,213922,12063823,5580391,1985084,10468663,182220365,605655,930026,6624200,2917300,6359185,41182859,252479,3419887,103089,1029500,1636347,,6612768,2941731.0,2206969,1628198,32293505.0,3368748,3972645,1142941,3180368,5528400,53226493,440340,,1090824,2713846,2696372.0,220849,4079420,12668525,413456,17704725,41493022,12232704,339228,1398709,109354640,385991,1912599.0,543361
2022-02-21,3089570,678368,243712,919902,988239,1070997,7702026,,3314751,3561393,37489573.0,2797546,,821731,245483,2960092.0,493465,60707310.0,763605,36540132,1605550,37203602,2197549,383966.0,1103240,1326764.0,199667,2776312.0,192353,189760,1612184,796075,5489703,566651,437338,1355010,28923882.0,3948058,783981,396378,,17811934,25324520.0,,479706,1094317,2123973.0,9366338,174117,8956045,6371095,1178596,14083314,118166880,352596,1346260,8068902,2651025,3555221,34359186,208301,1625391,155029,816227,981631,,2782147,2274028.0,1211676,816028,19718702.0,2034246,4327917,1516152,3900978,3855307,26743871,168500,,742435,4760635,1355989.0,99759,2421039,9428273,235441,17167712,19014757,4769724,670384,705476,47881642,437777,1970089.0,430891
2022-02-22,3327783,942933,728506,966475,1058489,1927637,12162493,,2109444,13355673,72591504.0,4837669,,1200652,177758,11920314.0,461446,63257007.0,1499717,27575774,2290124,16584310,2743924,374676.0,1607690,3227101.0,347537,5805446.0,204688,167614,5311769,956464,6942731,582366,831932,1422210,66731174.0,19359117,497919,748329,,33523088,45918427.0,,2397727,1025662,1902844.0,2444372,140540,25419441,8618814,3061407,19506744,175512574,386145,1739056,6052620,7912214,5474890,39616743,565940,1183638,191736,1139699,1036223,,3425931,2893757.0,1279879,1345179,30155004.0,3150603,5107286,2321464,1957593,3081507,21582887,399580,,949019,4841531,8777397.0,110645,3825304,11022514,682741,14596330,76113285,6711400,543400,1961374,121602804,308450,3355297.0,556814
2022-02-23,6081835,742073,289335,3201163,1655104,2068045,10065445,,2396077,7609235,83411502.0,5085444,,1878651,175702,3067859.0,726099,42269953.0,1745503,66759232,1266467,20876980,1728824,258813.0,923027,2876802.0,332661,5058133.0,153687,228257,1482242,914145,4497080,387901,440613,1234036,71608572.0,7958479,711780,681665,,23322309,24191869.0,,811796,1327527,1506367.0,3038821,329456,12169439,16637637,1366075,11699418,185341500,1607120,1065817,5684901,3994593,3718772,23187277,474086,1312021,142945,1918371,1232035,,3553305,5703210.0,1019662,1595191,41688152.0,2509499,5744317,2978282,2134054,8221728,16512673,300901,,1112972,2261213,2729791.0,138876,2369372,7668639,340329,13842823,8948047,3746878,1188934,3045682,86244586,920883,3277152.0,1065648
2022-02-24,6467296,1885422,613489,1556819,1930116,7064682,18970129,,3848689,22401138,87307925.0,9032746,,2931430,523874,3458059.0,995095,133425410.0,1937715,27870205,4302021,28256127,6283982,417369.0,2657009,3982422.0,711476,5816502.0,247080,533060,2181959,1718940,14249333,390594,651274,4721660,83846139.0,11836810,1243655,1174819,,52435586,67285035.0,,3256688,2325185,3907285.0,7339806,402598,20724807,14735741,4262684,25170462,706276732,1530566,3050936,11398027,5452970,7101297,46138358,564057,1674916,351977,1186164,4456437,,4965393,4378442.0,2547740,4422728,225538654.0,5996699,8167238,2239299,4952128,5032683,59734951,970312,,1388975,7081756,4289837.0,238924,5072177,18429145,566989,24807025,16907915,6197576,1248369,2928894,203421000,885146,8035057.0,1934236
2022-02-25,5170266,1694232,1169805,1265942,1364213,3528362,17608140,,2741333,15539024,77049862.0,4259850,,4127856,435925,3783602.0,953131,91620798.0,1687617,25281154,992936,62129391,3378488,425886.0,1582429,2926800.0,345705,4275008.0,160946,590191,5280898,1666827,8122373,327619,395252,1749934,64213537.0,8170644,1721509,1165853,,44629598,68277728.0,,1131364,3248744,3001478.0,8160319,411257,21837489,11496428,2452013,24460061,518677124,1158393,2442702,9235450,6854666,8966639,29833865,343966,1374172,122980,1012449,6028736,,5235067,3152392.0,1656468,3019878,86773538.0,4630313,7744223,3978970,4081787,2982653,30292765,582453,,987664,3421660,3605505.0,180147,6263193,16112975,682653,22322138,24139943,5148521,1392684,1898148,79309221,775253,6414248.0,1168074
2022-02-28,8216957,3028089,917613,1435051,2451680,9710480,25502913,,3070446,38701541,95541358.0,6690119,,3675013,646477,3682912.0,1825358,219782031.0,1708596,26718242,2576737,29671586,4095109,745971.0,2005154,4311343.0,600574,5494430.0,182457,497284,1951776,2354319,7625769,366070,872371,1819878,69934561.0,9434954,1819619,1490340,,60091700,58142419.0,,1197675,4886828,4077466.0,6541163,581906,20306200,14305716,2853790,25597146,396856621,626632,5271140,9993764,7253339,10189200,37418626,524265,1603190,134833,1457391,4226757,,4636737,3944909.0,2130461,2942590,83595380.0,9941587,11088698,3914123,8092995,4226567,30758831,795873,,1137895,2192322,4121707.0,159166,10507705,16738293,1823825,28809655,24882320,13508819,837312,3735359,133561769,678426,8047769.0,1088241
2022-03-01,9724728,1136684,490256,1333772,2541738,4069049,15314453,,4678616,26604321,97416901.0,4237396,,2342473,359486,4611197.0,996319,78717225.0,2074942,18485632,2280740,27354548,2780712,591189.0,2751303,2181365.0,266326,5078652.0,262740,223748,2463424,2383245,9569970,295978,405220,1892544,62277824.0,6868910,1015517,667342,,56713395,84979840.0,,866958,3816126,1956669.0,4212328,339939,9959494,9925305,2114740,20990453,438016914,618737,3645165,7315837,6161875,8676504,27992117,398334,1153889,104370,1062705,2803008,,4735535,3632460.0,1200214,2932682,100521449.0,8076565,7055123,2448099,5487670,2035197,28305404,575779,,942842,1973963,2254854.0,115893,6437032,10408572,1273045,22462044,12938291,7023286,798009,1810340,85877943,1041155,5305866.0,915357
2022-03-02,7199597,1662731,580939,1317524,2079186,4196381,16014047,,3312616,18844748,72847106.0,4224008,,5097866,335816,3224614.0,1597893,73748792.0,2022233,34116627,3156470,20776594,3304220,661795.0,1941616,6683206.0,264883,3884002.0,203443,301670,2529130,2314675,8186314,319677,635687,2362696,79535993.0,9640439,1186532,1089689,,44212228,74468780.0,,692163,3054895,2407758.0,5236695,448178,15581159,13264005,2634357,16874648,402627643,490604,2994543,10210213,8284563,10420769,32384133,420972,1349329,117453,2386295,3361439,,5247409,5232089.0,1493900,2071522,114508982.0,7118335,11262216,2422541,3443928,1760495,29579832,1047870,,914185,2771982,2411643.0,124924,3907480,14021772,820770,34519806,13351950,5412193,689816,1756502,86412947,2131169,3834176.0,1193616
2022-03-03,4124028,1778643,2349621,921438,1894509,2607955,12880070,,2402470,16322121,75911976.0,7147906,,5049203,333527,2453938.0,802979,85445300.0,1511704,21702655,3803464,30616280,3150006,635541.0,2062809,8910588.0,300806,3200671.0,221598,356581,3584260,1503113,10886719,378944,483737,1930624,96454317.0,5878075,1889803,707457,,34114061,47809117.0,,852541,1700940,1781697.0,3449439,344760,17753613,14648391,1519687,16988141,282139905,1248152,5299941,6024180,9281132,6521512,24795402,311958,1665373,159557,1538647,2556888,,4296156,3914773.0,1145457,2638834,46842142.0,16139290,7436708,4130388,4433012,1984434,33730815,827968,,847127,1805743,3552085.0,119641,3465071,13446771,872817,24159569,28577472,6054032,1164233,1343997,65348956,2339922,4998941.0,1841269
2022-03-04,5019424,2107129,1396729,1207566,1760629,4250166,25475150,,3515520,26962362,74942661.0,8050893,,2650500,1837341,9631455.0,1233460,79610876.0,2285905,35229983,2571135,33294027,4438478,981347.0,6357387,3372580.0,206848,5320253.0,152530,216738,4526841,1994194,11754185,383679,720389,2509379,76521868.0,13125436,1383448,624528,,54131412,58803347.0,,1009802,2976844,2869977.0,4235514,375913,12212026,14574750,1815754,24577067,490561743,1694536,4010456,7802014,11022330,9119631,40777953,476966,1515379,171980,1330986,1796449,,5490936,5640996.0,1302361,3385363,92849318.0,9002786,6726119,6340058,2844684,3459083,38075813,1062520,,2315922,6029893,3553189.0,292771,5737474,13834957,712261,26838109,16218167,6791307,812625,3339859,116230227,1450787,7472759.0,1035070
2022-03-07,6132121,1680498,1528263,1432549,1819233,4627813,22523458,,3319255,20404039,77579763.0,8590239,,2865695,763472,4340004.0,1092187,149892296.0,2279013,127389146,2167358,34079987,3624111,790976.0,3855016,5876153.0,743164,6395688.0,240968,193925,3484915,1507739,12899022,615283,897987,2565221,119574059.0,13525181,853853,894840,,68194453,69657759.0,,927421,3426552,2897297.0,11587800,421257,14698091,8816924,2607390,34641046,652244747,2439555,3845631,13536488,9350790,15553925,52371083,489092,2414932,325737,1356322,2718337,,5601362,8262190.0,1852826,4073108,66690932.0,5438360,10027073,2334429,3806282,8407913,44658036,1027345,,1910391,7989046,3999954.0,182593,3861871,11614911,854879,35502104,24786942,9808109,1352134,2760486,332004351,986175,6385279.0,1171001
2022-03-08,4792206,1593919,833246,1298595,1744066,6050399,18528652,,3887164,18025351,92661915.0,7378636,,2383274,355965,5203797.0,1288527,87217840.0,1857825,34176388,1720937,49397468,3589945,444786.0,5417600,10757222.0,460532,4756791.0,208946,181702,2103066,2640770,10584880,445886,668433,2613543,73554079.0,11003413,1167776,804356,,47760237,44518193.0,,795638,4339019,3045565.0,8202271,465290,11003213,13033071,2382817,29119752,384654494,907258,3626603,16278850,9091024,7563197,31088924,419066,2655241,334267,1566388,2040868,,9894319,4648248.0,2583776,3407142,62927221.0,6221993,7938454,3185329,3121974,5197014,30496164,817576,,1759116,6405785,4010506.0,137474,3804677,11938881,782773,38090212,17276491,8785497,1052820,1943527,144898070,705075,7444903.0,998387
2022-03-09,4897605,1507892,651848,1333221,1892615,4935087,13706179,,2785222,16094194,65108283.0,6625574,,4322507,256402,5040606.0,1584988,68459736.0,2303878,26479593,2464258,48842671,2685246,566846.0,2881263,5602924.0,253245,5070024.0,178655,261527,3351367,1327085,14264705,237431,569130,2826975,96296618.0,13497820,957568,685871,,34475941,48654403.0,,643721,3876167,2752385.0,7080133,298187,26906847,11375397,2020526,22296313,331892436,948075,2680820,13810324,12142472,7791314,27356630,530884,3370669,120583,1434628,3205601,,5066206,7174933.0,1599364,2934692,46702334.0,5484539,5636959,3046570,2907154,1653515,42261024,939068,,1044902,4128706,3055379.0,141649,9169731,10016148,581624,26734246,33597544,7124546,731379,1811224,112243592,1023301,6793240.0,896910
2022-03-10,8503833,741233,609930,771339,2284728,3313958,10043867,,2655485,8436967,45299911.0,4181046,,2100517,285547,3267381.0,1159923,185905473.0,1443062,17625369,2468702,27104901,4098453,474005.0,2164166,4746803.0,220375,8234332.0,316120,207474,7495958,3405050,9355921,236435,337197,3188355,120998796.0,9635617,676307,936472,,29138274,37466709.0,,1874501,2564040,1484114.0,5155946,182138,16489697,9519864,8464161,24646069,259040367,636438,2527120,16163244,9041205,6242210,23781600,332601,2573536,131053,2472106,6597324,,4865789,7406794.0,1451170,2160917,47418290.0,3984136,4284909,2868982,1890096,1867037,26208821,705951,,909450,3349313,2896180.0,210870,5813178,8572442,592867,23151672,22363416,14430839,916052,1403264,76863471,857947,7218307.0,859084
2022-03-11,3867774,1508590,1046233,1130348,1049019,1647981,7322175,,2381186,9660850,67505079.0,4703077,,3179058,520720,2585465.0,1193655,86039063.0,1350100,17942851,2020426,25270740,2701971,554968.0,2403711,3823525.0,176292,5095877.0,214656,278914,2345734,1230142,9338329,426508,405213,1281314,82805515.0,7999538,621928,625561,,37140644,54189458.0,,515133,1294909,1751917.0,3189523,228831,7619974,10555888,2589264,22160306,212963198,846019,1852295,8223045,11960916,6255364,30020274,256941,2212699,143473,1537205,16723590,,4607224,3490167.0,1466466,2490237,34078394.0,5150618,4653034,4163605,2118033,3318519,29522526,568709,,808198,2726521,3010331.0,235448,2891126,10223519,542824,18570526,30442697,4179732,706041,1516517,128046048,927650,7572646.0,808406
2022-03-14,4838496,724316,1473777,1053158,1858014,3233767,8384665,,3006352,9845177,46588292.0,5430214,,1816282,237361,3076068.0,494202,52431444.0,1265056,13282164,1503405,16056920,2022795,274742.0,1429437,3026746.0,172618,3547399.0,207412,185879,1775675,1467175,7019722,281368,352464,1468121,53714471.0,6998141,398148,448359,,53449416,29774372.0,,618709,7151014,2081021.0,3538071,245496,4639624,6634750,1068426,10944627,297152997,613903,1241483,27739322,5077942,5448033,28587926,307268,2233204,139382,2203966,4474337,,4215161,5950953.0,1642322,2339101,36611358.0,4760620,6970528,1609358,1139212,1458726,26819608,357896,,499522,2991475,5976020.0,190435,2053124,9684269,301488,16929410,13763973,9263009,624072,1431389,70507559,824572,6198634.0,516238
2022-03-15,6428097,844032,880990,1921530,1962237,3032590,6816341,,3133639,9483679,46163222.0,5307609,,3518437,217086,2055932.0,919116,141706131.0,1708016,17127183,1136775,22128936,2832617,437106.0,2293542,2422649.0,265728,3593211.0,143312,199680,2488441,1116100,7772629,199114,600100,1193145,63440273.0,7377096,820607,1082398,,45165553,37545190.0,,560564,1680642,1823731.0,3643390,213511,7839674,6890968,1087532,9916143,160710514,421159,3149704,8649283,5222645,6754503,20335133,263890,2289266,94739,988024,4903783,,6434050,6012728.0,1570671,2505562,46417588.0,12946755,3715531,4658447,1854183,4019714,33783377,747612,,961533,3085919,3008385.0,192246,2359945,11894678,441318,21868430,9817471,8236216,802712,1176152,93734462,980962,5589027.0,472023
2022-03-16,6462826,2285998,826449,1877991,3204860,6510352,10593115,,3369420,15555408,54098114.0,4497512,,3681936,227974,2355018.0,812903,54161889.0,2138885,22355065,1800535,29634328,3642918,787748.0,5237404,7253966.0,217369,5842189.0,394981,489635,3777876,1690682,11050691,1164861,793955,1048487,76160947.0,11868294,650262,998758,,52092680,46818289.0,,768337,2582880,2311226.0,4897942,482378,10410241,15172292,1865487,34634165,277001718,947227,3273937,11154398,5374939,12408134,62989127,595111,2263886,423515,1335353,2716819,,4062150,5183913.0,1745382,2968011,85690370.0,5705698,4504330,5899688,2478278,2607727,22226989,781592,,842642,5531640,3922028.0,214053,5062868,9661315,540624,58925183,9267919,5301927,1471678,1698629,836166872,1137110,4448616.0,1138820
2022-03-17,3484250,1212177,1128468,964789,2685708,3771352,6939957,,2515303,9391919,79041449.0,4235627,,1582293,196099,2809147.0,606237,86427408.0,3657585,14213538,1310148,12097500,2541741,750465.0,1957138,6522361.0,146963,4914978.0,396403,212633,1671140,1703972,6656411,470770,525617,1390576,50056060.0,6798420,685361,550692,,35435903,33567411.0,,531635,1791809,2006594.0,4453350,448066,11057975,25313517,1227267,19870980,294112234,695704,3002938,9908683,6909338,8327847,44707429,358529,3437038,103474,3437999,4834074,,2764544,3827258.0,1155898,3814826,70475204.0,6075122,4266446,3653158,1636953,6133991,25658316,951071,,798488,4383827,2396678.0,153808,2571610,9573319,2506197,21003002,15738796,5020717,903442,2445604,133713942,1450302,4168925.0,606901
2022-03-18,10159477,2142395,1468095,2084236,7357588,4484564,23363034,,6352349,21202402,100515607.0,10298377,,3755780,1100281,9516791.0,1303504,257457024.0,2215722,87857309,1937262,50154730,4064454,975048.0,2579019,11355473.0,362523,6312177.0,407927,5499307,4061553,3201240,9967578,703949,721360,1158328,130778258.0,27827914,1449717,1135003,,57945933,25198401.0,,783465,6758100,3571019.0,11611101,781408,19934659,27080758,4714788,34387947,393533448,927008,5025398,18308258,9808860,21545602,44949082,796514,3358618,183700,9335616,4471299,,5114657,6943619.0,2224331,5064278,50517795.0,9020265,8935218,5689941,4323252,7047924,38356956,1353257,,3514067,6151913,4265391.0,448194,12573861,14231860,1879821,62267047,63028602,9144132,2208304,10418669,518119226,1109658,11283795.0,1959777
2022-03-21,5981891,483417,578347,788705,2017430,2170084,5441803,,1728666,8675796,40472147.0,2662564,,922815,211601,1947922.0,488139,41146800.0,1149941,13048783,1044914,18357066,2290720,342437.0,1747628,3764517.0,121008,2645390.0,100784,883333,2182125,1479292,4692087,490907,979934,673581,46135496.0,15169728,715152,648879,,21108516,20577448.0,,401235,1465980,1811246.0,7165425,658832,10531775,15573099,5442679,17995556,202484121,649022,876227,10811376,6290732,5270300,30741253,708084,1354105,501820,976819,2316994,,3601237,2772028.0,1316574,3764147,29122935.0,3207570,3778940,2594076,5313125,10330232,29667833,425158,,1382846,4038890,1571978.0,161341,2887546,7129567,869700,18122847,26204923,5342208,840542,2774273,136485679,398295,4399596.0,1097833
2022-03-22,3665290,1586557,998080,968299,1418229,3951625,11373348,,2602834,13091322,54227594.0,4511069,,1883006,216277,2830099.0,608947,51647059.0,845380,14657311,1703274,16635866,2247806,349118.0,1716235,12079475.0,126606,3893091.0,396849,622091,2003386,2071028,3461701,542028,426749,526362,83853497.0,12697453,1416608,482310,,27931525,17371718.0,,614718,1219400,2299884.0,7094083,272010,13438739,14414315,1568945,11049756,242793033,920444,2240549,6119977,12183347,6511388,27606228,356500,2115341,69278,1004189,1723982,,3429720,3278648.0,1222642,1417995,38257763.0,5168755,4342743,6256317,4531420,3807286,27410289,787435,,1288634,2849470,1901096.0,99785,6098822,15132173,338073,10119922,8792359,8215389,407639,806679,195221303,471497,2990301.0,574259
2022-03-23,4716708,1680440,834396,1205285,1786529,4626287,9748722,,2800281,8105216,23109779.0,2741088,,1205720,206755,3135283.0,773247,102246139.0,1719616,13699040,1593036,42478184,3533357,423450.0,2600606,7986129.0,266238,3058497.0,236525,631197,3285722,1708838,3128267,432442,846862,746564,39699745.0,9455739,1017268,767647,,31648296,14661716.0,,454528,1283161,2524392.0,6006756,240902,13967276,14538216,2202284,11673883,247762719,481738,2008798,7540499,3165932,7347438,27534649,467015,2249915,1001389,1695439,1472863,,3595905,3120970.0,1820915,1649582,29548689.0,3751889,4613817,5639752,3259770,3156955,35208023,616349,,794785,2644146,1612856.0,137483,3065463,9473762,465081,23790844,8167117,7598243,1249155,2951231,188296163,997393,3103603.0,1172305
2022-03-24,4038679,1698634,570315,1246817,1140972,3374021,7202725,,3168157,6987952,34082638.0,5666912,,1020533,249224,2480966.0,1037193,71889985.0,2238916,15283961,1835355,15908279,3481892,234853.0,1347993,12024470.0,310613,2838352.0,112649,214969,2393389,1552700,7655770,352696,343170,1267842,104216741.0,8368134,1161282,816808,,38211757,17170843.0,,452118,1585405,1793727.0,5629301,275435,11696726,15174555,1356328,10081095,190132342,519612,1578850,11546838,3292055,7508869,33153990,990583,1227787,222017,2003709,4162445,,2498268,3654405.0,1438131,1826344,29501223.0,4601322,4098766,3401488,2519262,2799267,35081465,669814,,1299564,2270348,2588465.0,77674,1997435,5988607,522711,23331398,8820160,6347689,765237,2529124,99985046,1635327,6039484.0,1442158
2022-03-25,4290174,971808,907069,905910,1435800,2205103,6608510,,2563789,12980013,29250194.0,8354847,,2490285,213416,2650339.0,558827,51967724.0,1315096,10104393,1148111,20822943,6937726,849773.0,2882949,9318009.0,134864,3037282.0,163616,191280,1161549,1774036,2760605,397425,319405,778011,82902349.0,10937862,844374,708013,,32835545,14737396.0,,321270,1489688,1490746.0,2284644,159017,13691782,8382099,620552,10806231,236818957,1082855,826250,7277212,3813590,4210108,27137559,456817,1408564,161851,1100264,1953513,,3620802,1829137.0,2856744,1043309,139583676.0,7074826,2613770,2260888,1768089,13052474,25600441,564245,,1839148,1895345,2365606.0,90516,3524154,3848575,356859,11965173,15983646,7685998,1136402,1913837,90350098,681020,3959994.0,797512
2022-03-28,2750905,773584,802456,1238834,1068998,2689632,9472664,,1488881,9419755,55348037.0,6881225,,1774375,148428,2722568.0,459657,46068031.0,984496,18448334,1260443,33966628,11837882,220277.0,4462993,4675449.0,106612,3287756.0,212615,377782,3650833,2103540,16230777,334796,2870570,755203,36903167.0,12099004,808033,577213,,40024764,19450272.0,,786270,1163973,2706880.0,10225196,264893,8721026,7695764,1982904,18238650,151203320,802795,1117672,8371732,2299695,5058826,42840670,395344,919938,202835,1677118,10695887,,3239877,2478850.0,1314979,2601159,159095323.0,4399711,2935798,2314323,1418257,3436435,18334330,379732,,1115600,2835702,1998996.0,132924,1726861,7017171,456885,23170081,15375659,5972521,627441,1895008,54142860,668331,4151608.0,290465
2022-03-29,4838440,2112183,677493,2103035,1026232,1791508,10695550,,2764533,12239160,164239206.0,6315362,,950832,589070,3953585.0,770461,51529814.0,1056311,15463756,3033958,36678651,9749930,613039.0,3390592,9728124.0,204939,3814422.0,189431,493448,2536971,2343728,6981832,461412,4781193,1182923,73266696.0,7682899,927715,605860,,24471275,52581584.0,,501859,1444868,4323945.0,5744794,372499,9027335,16254782,1314137,18839941,339933264,936446,2281366,6784697,9121523,7933099,17101824,700424,1888550,133608,1441789,3325833,,5056763,2670680.0,2060365,2102085,60054698.0,5581397,7930002,1721435,1708861,1993586,24886605,795698,,1120999,3664894,6724960.0,187293,4498771,9858812,679139,11669993,20724992,9495738,579692,3001617,186340877,684130,3980152.0,956506
2022-03-30,3587505,805889,531415,2677944,1789900,5485367,8667067,,2704406,17758389,91045185.0,5794378,,937074,283249,5935103.0,675820,45830134.0,1097298,17037699,2911796,22252517,5846142,559228.0,2152116,4790101.0,288534,4237455.0,160506,500688,2050272,2482796,4336590,563181,349270,1027161,90564633.0,8657581,716272,903469,,28460293,24493802.0,,466315,2091803,2870909.0,4809440,636439,27886926,14626149,3617049,12888045,222324698,609992,3701750,6730544,4930053,5957311,21484920,436748,1202598,128350,1093694,6363958,,4593796,3399932.0,2243670,3914775,45935741.0,3594821,9444341,3617982,6566922,1718879,27576785,431965,,1056379,5096369,3436047.0,263060,3637382,6867206,757372,15969975,22831374,5371462,668199,2923279,242288918,615989,3660930.0,1599917
2022-03-31,3945810,2182180,642565,1807350,2036228,2897006,9243669,,2293648,7454342,112418700.0,3410304,,776921,448460,3440845.0,568309,45119366.0,907035,21350314,1270383,17358550,2823951,465512.0,1321923,5968915.0,284082,4448693.0,272883,374905,1366207,1774711,5032408,535999,202026,656950,40275122.0,7871617,823778,743908,,24854170,22498122.0,,733433,1585639,2035890.0,4321842,376155,11950582,14464968,1815213,12916236,243453766,1048640,1915093,9057579,3889512,7646968,26240851,473397,1827944,108449,1336074,2886719,,3614408,3241243.0,1483402,3582560,38591769.0,3892977,7260975,2295717,3905086,2579952,27422464,419538,,1406820,3425626,2934470.0,184739,2713900,8339148,629955,27239027,24906411,4846816,500639,2757637,103090096,721491,4957140.0,542275
2022-04-01,4520283,1189392,427425,1699834,1734820,2789890,19011530,,1726028,8941490,86209995.0,3256446,,1194757,361140,2387945.0,852832,24976836.0,1290397,19501734,722674,24021445,3181202,247232.0,1199835,3595638.0,232369,2537461.0,104928,369138,1015129,1527200,4117896,347725,547745,536556,31292002.0,5346538,663500,434334,,19607032,15136714.0,,1862391,1425274,1209264.0,5045585,205573,11445993,7909805,1541687,8396270,224342983,557464,1081130,7828711,7856866,13015293,12614615,357744,1797311,88535,1266968,1460083,,1905632,2403943.0,1412776,1709872,32598947.0,3221987,7678554,3358105,2843650,1324284,23746500,396272,,1809720,2952287,2279713.0,125806,1765838,5740350,496847,15794754,51550110,5420023,384496,2019830,109074831,804907,3363992.0,1269525
2022-04-04,3730923,1121904,473429,876864,1271491,2205665,12013146,,1292042,6595287,71652092.0,5306602,,1037717,267335,10052702.0,696416,33237341.0,753674,34192406,1454576,19161974,2599357,373474.0,1442033,3821845.0,146997,2980391.0,89096,717085,1507115,1131185,2782262,519166,435778,641172,34702065.0,4959718,865428,343416,,16925503,20388200.0,,289232,1252364,917321.0,4094914,163820,5373271,13400839,1085488,14752208,297778711,402508,966161,7317930,2799707,4127155,20124564,425884,1048946,70677,1297708,2378187,,2824939,3052416.0,1030901,2096610,42124803.0,4454778,8241792,2213988,1792278,2227567,31493888,425527,,1189808,4082605,2147183.0,82573,1430886,8910629,359139,16375245,28859318,3671571,345003,7220748,75101158,568678,5247875.0,466388
2022-04-05,9286022,3052587,689806,1523220,1558576,6447481,7587837,,2529617,8218011,144775164.0,4718633,,2085019,631685,8043282.0,2557350,52462429.0,1554328,18344468,4069279,50321145,5459876,698371.0,2421911,3400107.0,465828,4198713.0,165005,773267,7364855,1539244,3696680,373250,1228721,813985,71113054.0,7342658,1087527,684735,,25395152,17153353.0,,1345473,1813946,4744984.0,13076373,540644,34808093,22614561,3319528,14967912,315833767,821786,1036683,21954665,6323057,13715579,27677600,1125413,1015756,121429,2992750,8069470,,4198500,4831442.0,1812961,4518938,42864667.0,4889963,5838204,5173211,5746200,5223709,30037972,691892,,832863,3563598,2635308.0,284375,4433965,7615485,680058,17901666,34952277,16810177,705250,5885543,179713189,549565,4994548.0,1231981
2022-04-06,4285407,2062771,880202,1176725,1430401,2581865,12354384,,2251895,7208956,63265141.0,6112079,,2198340,412283,5825914.0,1100339,49193103.0,1196326,64269434,956727,36323226,3708707,450529.0,2445119,3986532.0,319427,4589948.0,283514,731893,2241549,1495611,6617959,490069,711103,668901,51754002.0,12205858,779400,565436,,34022245,25585012.0,,429011,2099696,2963483.0,4034133,405105,15516425,13542285,1708363,18493856,314994133,772108,1998129,9055769,4579873,9460739,25541489,528570,1504252,155818,1509398,4094918,,5873652,3881145.0,1752769,1996799,41744723.0,7195702,8352143,5406117,3118074,3279917,30445059,957131,,894246,4537816,2431994.0,236021,3913659,9026068,771544,21349175,26280456,10230886,520163,2244847,109026422,1019021,4795309.0,822117
2022-04-07,3947040,1765303,1220555,1695283,2204838,5895844,9990980,,3462762,6585566,83235307.0,2784803,,705827,271205,3814631.0,736325,48300305.0,873895,21979492,2336931,18662265,7189964,465990.0,3482590,3127170.0,315802,4686332.0,155677,533218,3321287,4015636,4656675,259086,646127,876472,37572044.0,12399061,845431,514580,,19791994,28747568.0,,394773,1316594,2712722.0,2600879,570957,6595195,7161274,3960957,19757446,287353573,922502,2247286,13737739,3489543,8207115,24974815,478927,1464397,74066,831448,2284924,,3545130,2465546.0,1414954,2288930,34175796.0,4792073,6009780,1064617,4876995,4734442,32360312,721553,,2547548,3695470,1907812.0,190925,4642784,7940556,594121,39952056,24772487,5805341,1505074,2100518,396414388,901492,4694031.0,756680
2022-04-08,4178428,1030930,375409,937495,1898122,1370533,8062482,,2542196,7129474,53486518.0,4224776,,1186575,200989,2234064.0,787343,50221963.0,814270,13861296,819744,9729510,2617001,239396.0,1518252,2983330.0,161492,3160392.0,110382,438361,1605891,1142766,5150809,275513,1044568,470959,44450875.0,10939703,557064,515884,,21797956,16507492.0,,537258,1007535,2843972.0,3998359,231638,7681666,9426528,1097407,12516238,218503989,465601,1349014,4871952,4071103,4582242,9356026,540970,1960879,91665,909810,2286809,,2745419,2425956.0,1018774,1733458,50595805.0,4460055,3388069,1318582,2092730,2038258,20149288,407076,,1370035,4376554,2059366.0,132841,5081587,7020907,648294,16593150,18144724,3985367,839483,1374486,215216463,375414,2684135.0,890860
2022-04-11,3926300,1272097,663464,842212,1099796,1670165,7310949,,2561255,8448854,50447161.0,3890939,,1268403,404255,1940809.0,815468,38512438.0,1631860,16934265,816550,27949784,2263534,1121812.0,1112148,5762453.0,132980,4020695.0,172490,352296,2064018,1388082,5580057,337596,552700,696179,41938190.0,8259490,712897,364787,,28233381,21743075.0,,849228,1092066,1818692.0,15624970,425977,11409538,10375434,1011325,12077200,222249258,803235,1742751,20406465,3060574,3751440,17344791,546228,2156168,68999,917260,2668330,,3871460,2613527.0,1561383,1876660,30544713.0,3612141,5092546,2075294,3496606,2310357,14785163,499274,,968388,3630905,1992884.0,125169,5677421,7789816,663596,23094052,18069451,7323901,593373,3371785,108211841,611327,5221145.0,685886
2022-04-12,3735409,632444,511365,805600,1262385,2605808,6131147,,2791098,14021739,38599477.0,3419583,,1893735,285334,2862551.0,757934,43879867.0,1001033,17058042,744793,23015012,2294727,596470.0,1981361,2858764.0,211266,3279798.0,689268,535098,1937847,2671689,7129914,368098,1118716,1255192,37967118.0,9383790,1061580,645945,,31542404,21352597.0,,574613,1647500,1836945.0,6630728,219804,14543245,10753667,1919549,11009145,182370333,973874,1203332,7289848,5608523,5251942,13273025,413454,1494445,148143,1142015,2669424,,5059130,1789185.0,1198787,1749729,91530285.0,3557647,7267561,997370,2353603,2808561,32918440,274240,,730920,3140812,2923125.0,113740,2659966,11426534,414277,30845024,12109271,7167821,581268,1212624,91761624,674053,3322470.0,1503042
2022-04-13,2459811,877069,488745,1010845,1070135,1113594,8023124,,2102995,4093524,38615655.0,2832357,,992785,300570,3585325.0,627384,35639692.0,1764584,12417807,943262,10575775,1765284,268151.0,1297984,2638010.0,539046,2881548.0,365066,256425,1999844,1468037,5812452,246325,422980,1155894,26450945.0,7744695,392467,334620,,25845426,35855473.0,,1162674,1434060,1505205.0,2758246,219514,17410399,12620486,1612252,15685644,173041476,494198,1220217,5915792,4798567,6327771,10198300,295117,1821527,115382,1012488,2017717,,2330498,1786472.0,1387989,1151937,46586862.0,4248219,11608687,1104129,2074736,1233384,23058254,354274,,1187782,2128507,2708220.0,109908,2811763,8114840,346265,55899488,16248320,4617298,736884,1920361,91680683,968419,5194865.0,726041
2022-04-14,2517368,1251841,433602,2240205,671761,2750724,8768363,,1980089,8888185,43283321.0,4022987,,3207836,1377521,2575617.0,928875,62698869.0,1735222,14852015,924445,23877627,4417828,318811.0,1903112,3770187.0,283076,3027331.0,380759,435206,7108445,1513564,4698942,350898,393671,1335202,55850057.0,12155727,529577,925792,,27738362,25757996.0,,859722,1621552,3304557.0,5614486,234729,21084620,8310702,2057500,21188600,271041803,826162,1450327,6464271,3574488,6258474,9858485,613880,1864471,105829,817187,1814698,,3337716,2834006.0,1327950,1530585,53922130.0,2316686,7484028,1686411,2450764,3334219,18969125,507909,,1017967,3037273,1947100.0,165478,4221908,7959929,587308,21590115,24215009,6195274,2051159,1684549,162898598,722426,5147855.0,2652484
2022-04-19,2837828,704142,447984,798687,1373822,2401362,17271720,,3260649,21570249,36566254.0,2583977,,1208201,320038,2817616.0,732673,41992367.0,1197385,14464961,3838567,20406107,2736265,279032.0,1035861,3556018.0,198398,7363534.0,166813,451762,1479175,1676266,2570182,335776,391372,892939,180862478.0,14631398,724011,491918,,23158857,17306291.0,,495662,5821581,2449344.0,4042691,281145,9811195,8664676,1946231,19171869,238670995,426903,1420820,5588682,7952937,6828564,13028652,406188,1159397,97187,594191,2217806,,5618782,2534384.0,1296348,2034158,39404027.0,4451412,6675539,1508258,4253609,2251526,37456700,618109,,1431178,3634544,3636869.0,162017,6137425,15558492,382822,17932122,14831187,7333371,1461339,1342633,60447604,918281,4048096.0,495716
2022-04-20,11697972,793067,1946900,1433169,2833289,2807197,11852251,,4070091,8833749,72095874.0,9840609,,4969591,229666,2295506.0,1185714,75442419.0,5847491,10561945,698761,25004691,3307201,384181.0,3148527,17984976.0,154168,5025779.0,307868,362969,1868178,4448757,3544064,438145,508565,862449,47974562.0,9085719,589897,655612,,31162658,14903275.0,,663374,3509755,1580083.0,7356905,317122,7474865,13117550,1536376,16824498,394130211,443138,956829,12991024,2946068,8053585,12434391,341283,1533798,148931,857272,1887401,,4672885,5386234.0,1165164,3072426,107908388.0,20540525,4243794,9005547,2620693,6920377,33788460,595148,,853480,2698212,7094250.0,280167,13844402,8535831,605965,26404476,26408475,5478799,1320688,1448161,175601257,748783,4379345.0,639414
2022-04-21,9211615,763157,1162611,1627463,1960259,2086468,8057532,,4003183,12719856,54347891.0,3849731,,1471156,209683,1983473.0,1114152,67003362.0,964028,14070083,1180700,25712063,4714099,759637.0,3243885,3973020.0,201389,7460997.0,306255,771184,3404901,1700246,7452449,378245,385955,650885,101408721.0,13886441,588313,699669,,34172720,42636835.0,,720096,3530430,1868765.0,8622202,415597,9958926,20498705,1636289,22103106,384394005,551275,1895288,6838171,6193198,10907676,19936839,674994,2345881,125035,1460205,2709561,,7642393,6319116.0,1438409,2095705,35334551.0,7793438,4985117,4730023,2240099,2139290,50457293,494624,,764953,3252154,4379026.0,103104,7290230,9739253,827618,31134612,21813880,6522431,604899,2806672,58685456,1024546,8597496.0,512514
2022-04-22,5144603,996871,780535,1489369,1645814,6191920,12698230,,2235621,11303323,78958551.0,4144974,,917834,349533,5224042.0,714753,34518582.0,1796998,9821942,822308,11031167,4223585,214418.0,2302856,3587312.0,337477,6140471.0,265716,377680,4361893,2350324,4466416,514442,450466,1368072,99759092.0,7666762,669397,663396,,22119300,19745924.0,,408230,1340596,3349097.0,5409033,254154,6260152,14702979,1057367,27155290,280705858,851875,1576057,6808914,3099469,10863197,14285081,539124,2897443,95238,1833224,2127156,,4236830,3561270.0,1389908,2028070,35688823.0,5237600,5259333,1630182,2225193,2266807,38105811,358793,,969626,4553376,5230425.0,140900,33412579,12089337,1095268,27395245,21328672,3372145,589751,4869866,76415146,767970,4802674.0,612215
2022-04-25,9000595,1587957,950037,1126193,2289695,2689588,12749245,,2847515,11344274,41592916.0,3630663,,1281933,216671,4083332.0,944139,62955005.0,1680803,17743596,815678,29972391,4604977,340197.0,2592256,3899588.0,269641,4634262.0,365472,390006,3507709,2556629,3219034,490459,500913,1166190,113108180.0,7230286,513265,665773,,36966972,20476419.0,,389419,1653209,4686851.0,2783499,223099,10720579,11548835,1228977,27498172,208369479,803036,3598271,7308221,2713709,5665722,21049783,325911,2310749,117568,841561,3354784,,10461262,6155285.0,4096142,4257257,64466554.0,4403348,6854570,1167305,4164044,1677227,22495633,477112,,1884734,3573152,4156177.0,103997,5597901,11559461,499536,27170365,19495824,4834026,716791,1697250,102424864,755627,4595713.0,829082
2022-04-26,4944972,3678941,1230606,1802012,3331670,3729170,12256173,,3205465,13455899,43814852.0,3902638,,1096228,285821,2949970.0,1479293,47728719.0,2230570,27618541,1480445,32597608,4961871,499530.0,2493607,5434445.0,265395,3655347.0,180292,314641,3111480,3399956,4338863,648012,705096,938510,72484704.0,11815315,569930,666532,,52251410,29164817.0,,1005370,4010416,4661405.0,7026099,821274,20401985,11503395,1706522,25658977,228502090,705064,2838789,12835210,5328821,6742433,23506379,810268,2494077,181269,809107,4124378,,3472398,3875262.0,1674719,3281007,49558373.0,7582830,8358296,19196976,4226811,3814819,27470781,917374,,2291954,2888666,4604110.0,220838,7698478,11939446,1631899,21212383,43113532,6590549,1767011,3923794,72147342,1281104,5336127.0,1414041
2022-04-27,5430568,1523905,775897,1585242,4986319,2810026,7387655,,4758681,10504576,111171869.0,4697781,,1793268,340314,5142472.0,868861,53157809.0,1445807,28837640,809285,18395029,4653457,424814.0,1853077,3360200.0,860778,5522363.0,196700,276292,2883923,1320224,2786175,324528,612427,1260900,107675622.0,12383400,2028744,754228,,46378373,25218702.0,,453808,2461969,1929043.0,7943376,343556,9940083,12841393,1885928,23695647,157498181,864199,1758571,8804306,4085430,6687105,18611713,379730,2417521,156218,1602037,1519781,,3575645,4649571.0,1344759,1877733,52761665.0,5584254,7968538,8529747,2381600,2855197,33645111,424803,,1014755,2764639,3295520.0,158975,7871279,9932663,589479,18295919,17212819,6407689,726196,3454426,79654043,1494520,6734515.0,1350789
2022-04-28,3980132,1731214,525377,2281500,1471711,4647302,6466724,,2289793,9730687,61052856.0,3300769,,2240793,1429844,3640440.0,725158,42181626.0,1006258,18309214,2226264,11245712,2000384,272898.0,761026,4243591.0,167028,3016677.0,132223,357687,1239092,1316582,2193437,755128,310070,1286836,52083055.0,9401818,576059,802911,,29883159,22239631.0,,723937,1978839,1821369.0,2688684,270989,10703910,21761531,1890674,13881068,180513125,551752,1375822,10987384,9893673,6936313,14335749,590848,3933732,117295,1263108,1278379,,3078984,4156800.0,1042392,2024501,41356160.0,4639399,17213942,6112317,2582054,1737267,21290934,445103,,958282,2199330,3435784.0,158459,2384209,17710398,505197,13764025,11851891,6184294,1049712,2545511,205352016,2711493,6176728.0,3688936
2022-04-29,4106905,1990894,607663,2591937,1395525,2126496,6332862,,3226261,8945094,73893935.0,5314277,,3165453,931477,3185667.0,1082271,61462460.0,1639125,26335292,642647,16664391,4923253,329425.0,1263209,4669038.0,328344,5422023.0,164043,399330,4458823,2359679,2267570,2405721,441785,1223604,42932995.0,12209297,2329426,762250,,52447082,17471836.0,,615194,1456836,4421169.0,4184755,384066,11046474,15691069,5075908,11290472,236270368,1447611,1723020,18312858,7000696,8893882,34476072,351628,2596601,108136,934776,2123337,,7529580,3349362.0,2720123,2064615,35423960.0,6580904,14470513,4046623,1842410,4753108,25987772,739793,,3587928,2262200,4071286.0,110175,5169439,12340952,607365,19853422,36412435,5589004,1030441,3410583,137404399,1266754,8328584.0,1049642
2022-05-03,5892099,2037301,822730,3271898,1860299,2439013,7057056,,2234172,13176285,117982240.0,5460584,,2252068,910908,4466974.0,759245,112955426.0,1299678,17862408,1150306,22647013,3099418,532310.0,1398309,2774138.0,310276,3951437.0,401418,414014,2463322,2011082,8096509,399119,407465,1068666,44032657.0,15741379,1103428,717410,,30790263,25828022.0,,2368926,1348666,5832702.0,5279256,317527,15179850,12345181,2060116,12965670,263640585,798329,1928772,12946299,3550884,7901943,19969027,541402,4745898,109571,1294143,12614469,,9076960,2465470.0,3222492,1736828,41494535.0,9067486,14109506,4217647,2687013,7325302,22164751,1629260,,1032350,3119589,2911934.0,181779,3515648,9086409,971183,32592907,57798991,8937092,1280781,2878794,324749835,855278,5363278.0,969263
2022-05-04,2783688,2133376,1021909,1005738,1563713,2741148,4660898,,2213731,11591208,44075562.0,3251134,,950689,343157,5606946.0,874509,79063745.0,851854,15362971,797091,25955289,2028992,383907.0,972462,3384337.0,1437688,3153502.0,233625,433205,3242776,822500,9184510,374480,1629930,414189,44337984.0,5749999,766668,714447,,23531567,21242994.0,,826864,2715038,1431075.0,5464915,386869,19087821,30505460,2210081,11357795,153014211,573967,2020041,6713106,6036180,4490017,15342337,499455,1487312,61077,1296129,1841506,,3989524,3661451.0,1178201,2868360,33702964.0,7597288,6954331,4122823,2877622,6770025,17713767,384668,,911139,2135491,2545642.0,150979,3228287,6010073,1180268,14432045,11756993,2765005,1133457,2060901,77377549,642349,4443553.0,992145
2022-05-05,6983154,3455951,792976,1182125,1346268,1729321,8860175,,2501672,12572417,75893157.0,9679599,,2484305,260292,5923082.0,986196,88308896.0,899259,17455503,567306,20246244,3205917,274214.0,1182672,5876453.0,289477,3886465.0,436638,529532,1292173,2979204,5840280,398191,1915354,1028347,41108568.0,6328592,2532424,1035230,,36324977,34749291.0,,861587,1509024,2101089.0,3073317,504724,16856865,16364712,3093037,14656961,278830409,516979,2482758,6557536,11906672,7151298,39618293,506172,2120530,208704,756364,1740076,,6776546,2855540.0,2416778,1660378,27009954.0,6520547,7355364,3644582,2279362,4556854,39787127,368843,,793708,3135693,2814430.0,170738,1763394,15393285,781978,20595778,17581174,7329528,1170457,2843349,72287473,976782,2551528.0,1125476
2022-05-06,3564469,2058113,758718,1166180,1349671,2992442,9314497,,2591818,9913516,51130102.0,4082044,,2582219,348830,6145839.0,1432350,156245671.0,1341482,22650310,1236304,47218991,3489630,423275.0,1600111,3964229.0,517950,4942596.0,239103,518224,3653564,1346004,5672257,587608,688872,1452765,46230020.0,12120666,1691819,822283,,30037627,110153609.0,,1137972,2479296,2273759.0,3844897,545173,15298913,16339822,1707938,17070596,249267152,1094185,3643190,7274085,7111744,7249288,19304487,337760,3312852,175584,1067132,3200634,,9589683,3069092.0,1583082,6711640,49341713.0,8647698,10832120,3223899,2851048,5083188,38425736,917216,,978286,5655110,2993480.0,156462,3589158,13054150,1177236,24218934,18626799,9454268,1080961,3114836,103197860,949829,6069554.0,881308
2022-05-09,2803022,2005016,630547,1372549,1541085,3186015,12712273,,2216925,8674896,33883551.0,3139126,,1786324,414305,3853428.0,1147318,88818514.0,640999,14752449,1094717,26972920,4498115,485094.0,1312167,2950346.0,203409,5580371.0,198496,482298,3782289,1174266,7224098,552418,753073,1541907,46223108.0,6075829,829793,567708,,15352245,67263687.0,,436863,3129355,1304139.0,2767852,348174,24719649,16027272,1294925,12110890,217928445,590184,2300988,9377733,4886889,5292874,23671276,455453,3589541,101749,1232939,2170842,,4947511,3335543.0,1105982,6662501,34503598.0,5879529,7097340,2803117,4246066,4104297,27546889,433713,,1195115,8309131,2156922.0,84168,1689084,7263425,631482,20894168,10037154,7636750,535663,1779354,66804509,984637,2895982.0,1032514
2022-05-10,3109939,1507783,689804,881285,1746769,2955792,20472489,,1759026,7993963,38652634.0,5636414,,1887108,295794,3667497.0,1632905,60263673.0,920792,19654351,875183,22702842,5379322,471322.0,1528745,3200641.0,266602,3488983.0,229678,716280,2004660,1543036,7141174,373210,526993,1369452,62349660.0,8681902,1058827,692075,,22181402,39547273.0,,1286127,3559459,2650010.0,6084024,342546,22388830,14527938,1775799,14203620,285482325,913093,1613904,7061823,7786311,5267985,16384347,406854,2784571,112021,1183400,4644888,,3136430,2407726.0,1878603,2825227,38987295.0,8388419,7300629,5426970,1751192,4604589,27778656,741944,,944942,4029738,3039827.0,127029,1855099,10062276,689154,15817211,15804395,7261296,691858,2069808,79417804,620683,2583964.0,1692169
2022-05-11,4486176,2055274,894624,2516240,1449813,3896055,9450270,,4552005,10634407,120851388.0,5068907,,2781333,957353,4184229.0,2647782,83263501.0,1730409,49133140,1034874,25103398,13306222,493455.0,2231368,7184757.0,326609,5307520.0,313013,624890,3960234,2181223,13100684,491257,599455,935180,57654245.0,20030261,951367,902045,,49916373,27527375.0,,860136,3295189,8109201.0,3967046,314713,20452075,9303378,2413620,20885728,283221789,1034849,1670036,11694057,4869773,7925466,30799630,703393,4071709,257698,738719,2882267,,3825904,3825647.0,2048491,3670762,50353999.0,8314469,11278326,4356005,7334754,4964172,35526868,642412,,1868392,5104416,4061292.0,181924,3328524,11662934,1224165,25274731,14911755,4643228,694336,2597517,128202633,1600525,3965905.0,1297450
2022-05-12,6582651,1507587,867388,1267261,1777345,4714565,17097466,,3585647,11302341,40307444.0,3191834,,2441937,236650,8124883.0,1629812,71800335.0,1345571,34323296,2896795,21830713,5677263,463789.0,2275114,8606967.0,314711,3718238.0,301763,736256,4094219,1580785,7126242,540712,1650436,2223234,63326702.0,17060260,1189806,1087277,,36686103,28379012.0,,1798607,2476111,2674139.0,6582558,670663,27543549,7827379,1353834,11713234,225911923,653258,1543593,12838404,5857264,6014152,24394806,757605,4719426,216317,999815,1904475,,3980814,3926708.0,2354801,3704103,40624080.0,11096679,5644259,4875464,2833480,3745226,44155433,490807,,932725,6479228,3070232.0,125248,2604811,18179704,586761,36945367,19530273,9527707,645225,2018627,104073495,1661068,4662109.0,1072581
2022-05-13,3565003,1207987,855526,684724,1048745,1616036,15144989,,2551525,4928731,40300228.0,2462332,,1235973,224572,8507441.0,627086,52225780.0,1213483,52174642,2003184,14931515,5155009,267608.0,1019256,4495453.0,321355,3622951.0,161030,338387,3276709,2240494,3828004,241172,445798,1043042,87553698.0,16689497,1519603,1155798,,48084577,22681326.0,,887256,1748160,2383825.0,8084755,435906,12573520,10116990,1138713,11286554,198089223,366287,948310,5906862,2811838,8270314,22420038,754313,3335539,153103,639051,3455496,,7712096,1875180.0,957755,2095953,34762041.0,4510762,4566327,2098529,3369944,2654760,29333239,377065,,984965,3144970,1659518.0,80895,7170864,11643829,646320,31697488,15447513,7434486,835900,1590344,181050021,457606,4134164.0,763880
2022-05-16,2554011,822082,698563,931429,2479888,1591023,12376736,,2366936,4960398,48063820.0,4455796,,1207524,336851,2492423.0,833649,30922807.0,944785,25792488,1168734,24372280,4340424,392882.0,1585617,5244332.0,228932,3077100.0,624632,130810,1241423,1210607,6320404,353284,392123,947326,34594430.0,15006679,1382614,721909,,20455046,26349698.0,,401122,1674010,2740542.0,3325031,282438,13482427,5944216,2338360,16157802,183524453,481347,1391860,5276145,3587767,4451180,13132290,469298,1525103,145576,686415,1482888,,4205914,2325750.0,1542715,1626528,39566306.0,3707482,7863585,2366841,4481826,2456461,41640631,441821,,842203,3071080,1690781.0,155889,2983662,8634587,591048,34073838,11141038,7357147,393941,1305339,185526296,461030,2541623.0,509023
2022-05-17,3628810,1113259,720343,1188127,1581060,1390778,9063312,,2102049,3942273,50124597.0,6056085,,1457182,131345,3145910.0,663894,57290742.0,1489880,18723561,2679511,58020751,4643583,402327.0,1757311,7283963.0,457291,2070650.0,456896,343623,5866276,1785257,8548908,418452,829178,1050151,37744088.0,5513984,3346360,634496,,28301054,29451995.0,,736464,1883512,6168357.0,3821771,489289,29207323,8775576,1458206,15077305,164574627,663849,2334500,4807362,5429243,6605642,16194825,366680,2048194,75429,719418,1384029,,4676282,2518150.0,2104225,1692602,45440378.0,5240871,7167824,5660858,2262208,2534619,46574952,430901,,854065,14471270,1938395.0,272718,8037198,9305411,608547,18318934,8585667,4923190,504680,2690714,127775798,454455,2770890.0,498184
2022-05-18,7395619,1598344,1117649,3123027,1266977,2101400,14725994,,3461990,9131450,30534183.0,3319520,,1696745,239921,11553562.0,851469,102756117.0,1512186,15626519,1865661,64417946,4644562,761075.0,1573290,4938494.0,445837,5110738.0,290022,347291,8656384,4336487,10739040,316489,1081904,822335,42816851.0,16505384,1812049,1388490,,49059172,22639383.0,,874505,4637150,8340631.0,16530019,806277,49844801,10757738,2766397,15014084,274192408,1330123,2230925,24263141,5660531,9327396,12554538,594344,3299286,131321,1558497,1530428,,7178282,2596499.0,2564435,1847263,43140638.0,11004100,13383602,5161617,6165927,5416621,29832609,453401,,1566154,4319581,3215404.0,397044,7260758,8100540,468526,38086652,25221174,21829274,519202,2815934,93952195,411354,4059523.0,837257
2022-05-19,4608116,906075,1164732,1133560,1122619,2973422,24728203,,2367764,24247537,30700867.0,4463525,,4576536,496348,6738951.0,1627190,62607968.0,1965864,26359904,720315,27293447,5067497,823953.0,1085005,6945917.0,545401,4956966.0,305941,317921,4390363,1604203,11990967,406726,583768,793865,30607711.0,14193236,1315559,902737,,36961812,32672998.0,,685250,4583943,5561359.0,3615266,357831,22641851,11917969,2047524,42975816,367472497,500196,1819942,8112753,3852787,8095155,26993542,615798,2388692,198661,1115613,1593479,,7195171,2832420.0,4079410,3171401,39627716.0,3788328,9135841,2613076,1944214,2728552,18826706,446986,,767155,4823864,1991332.0,325847,4783776,12176818,479538,26734333,14962785,9289899,1112029,1734745,87488994,564997,5356462.0,1098266
2022-05-20,6131382,1226091,1183378,1231960,1409347,2518985,21044016,,2900943,9450364,56300727.0,2862916,,781941,538722,6903258.0,1902516,77194004.0,1848445,20969668,1447541,39172473,4286976,581833.0,2530792,4145595.0,269884,4554747.0,306638,393002,1971306,1744717,6230736,209928,571201,807180,34090170.0,17559925,879764,2138132,,38422967,20412386.0,,1221511,4399510,2789077.0,11434283,235140,29094787,11987679,2490549,16237432,143042487,494729,1123259,13513390,4958424,7055370,13742387,509949,1702542,131648,1000119,1466276,,9409437,2832377.0,2108488,2776119,42166916.0,3760652,9719799,3570070,2391447,2877614,56252402,280682,,630363,4041289,1293593.0,299473,3805283,10993534,776898,44135581,10332217,6180255,402369,2783345,106986730,447423,3981628.0,914540
2022-05-23,3140574,1050897,984792,1037677,1762805,4126090,12055304,,2274183,5464896,70822987.0,2491010,,1432334,126121,7844998.0,1609662,78874531.0,2303259,23210958,1273190,54232040,5603737,648026.0,2152577,1935490.0,287005,7311759.0,250121,168618,2036053,1507333,4456937,262808,533564,762085,55759472.0,15112332,698716,1524673,,37160656,18195579.0,,987549,1645668,2679583.0,8214615,361854,27053006,9289828,1626854,12111364,153652513,419519,1693690,14570970,3978566,6767243,20814908,405605,2719806,191920,786282,1133847,,7799244,2269604.0,937560,1793569,24904995.0,4328494,7665515,2379405,1503987,4052433,46137281,947928,,1900101,3786590,1611518.0,222131,2273750,6353693,608657,44475588,9765503,7956711,513395,1707257,120286334,391297,6057561.0,439631
2022-05-24,2522469,1379367,3811648,1444458,1424602,3139962,12403426,,1817364,10863821,74921425.0,4345465,,1075717,153423,6769596.0,829129,91363183.0,1358857,19939280,772477,80338399,7395129,516889.0,2502434,5930535.0,193634,2269606.0,319848,260100,871691,2148225,4764282,265711,706988,841427,75707757.0,20020484,1246076,1924508,,69815063,49563612.0,,898433,2656011,5250401.0,6901353,610010,30291283,8782394,2033169,21544096,209869467,1270490,1466428,18600423,3187515,10315542,14250171,428948,3898156,166418,1661177,2045577,,8031394,1566007.0,1228904,3428806,43225959.0,19756375,4630270,2441758,1813418,3241309,54757120,834881,,777460,4578569,1589593.0,233850,10965306,7875565,1516431,33083039,15412061,3648943,712188,2784179,190705822,248516,7405348.0,921625
2022-05-25,3842563,1343841,594788,1761656,1240888,3332894,9521406,,1610331,5022159,108468680.0,3344509,,734684,149182,4035912.0,721269,77303012.0,1001644,19811809,623288,30466860,2667417,636002.0,1668828,4753408.0,261875,2655417.0,236434,175033,4448894,1388847,6520519,158221,1495599,510693,82950737.0,14289938,2535524,1928835,,41656525,28480479.0,,1135759,2296281,3185104.0,11771088,582179,52595475,8727837,4082869,21906661,136685508,880074,1050738,6543270,5022655,6999465,10154297,651397,6162486,104610,734930,1184878,,4186059,2508118.0,806493,2939616,28545423.0,7792902,10012842,2079035,1368382,1993737,25067855,610130,,792544,10114780,1578034.0,257832,9949292,8611243,688730,45789623,10575817,4088866,927403,3330652,174178666,212961,6019253.0,538634
2022-05-26,5011958,2060284,567913,1098252,813655,6079276,5814965,,4008193,5179317,51023672.0,3517882,,999128,147316,6590489.0,560468,39717396.0,1718861,34636930,581427,54087443,7268392,233761.0,700995,5603486.0,252248,1929140.0,135488,255143,717623,1754663,3852623,323807,691656,276218,29722694.0,7666363,1159395,1058613,,21981132,24243388.0,,753691,2240285,2349887.0,5273443,298498,53253392,10384001,3092244,16524518,141324775,544206,765385,8210135,5133930,5810601,15606209,593934,4959630,189084,888693,1712911,,2837918,2511666.0,740858,1829810,26385718.0,4383971,6413272,2275899,1946324,2398546,15569600,449918,,662690,3257251,1249224.0,59211,4339862,6085750,731846,28386263,7045500,3501802,947644,4935883,60952639,245880,5003036.0,757506
2022-05-27,3573231,985000,475716,1262277,908394,3878314,5637840,,1192233,6744046,52394921.0,2642916,,1066332,253690,5835432.0,722717,35604740.0,1265267,23266648,536229,41511407,4014281,295002.0,468364,2976093.0,183741,3023973.0,145346,222300,730258,3265771,2874378,160523,305538,583216,28911517.0,7785771,990240,1230222,,22322780,22679742.0,,724186,2110981,1947799.0,4954648,510790,19923808,6825892,1456906,12712834,115937021,916698,823088,7197679,7113605,9160437,15830742,410488,4397671,161605,1141121,2797238,,3421047,2151753.0,1769185,2430996,20696735.0,5235380,6271545,1695358,1848948,1680637,20270792,383994,,1062462,4720660,2130115.0,183431,3461730,8374184,728537,27234262,9170090,4131987,1043172,3478563,122526081,258624,2779328.0,900539
2022-05-30,1302104,781868,788303,1393099,1060400,8531875,6567064,,1253111,8815339,105182657.0,3049189,,1066429,132193,5952867.0,1420348,67097357.0,1549030,15304716,430697,17753119,3318639,145761.0,564787,3761308.0,702308,1679201.0,128111,184027,1573967,1114617,6031824,1128615,479953,288358,27472567.0,10976489,479527,2059899,,21786919,22610086.0,,331002,2776638,3296677.0,11288661,462112,33481912,4898667,902670,24771783,222809031,476471,688453,7099159,4721703,3748855,10898897,306521,3529842,86975,963234,3173849,,2809848,1222057.0,1648785,3513919,36551544.0,2940149,5264470,954235,2965913,1504534,21868059,217946,,618237,4410151,1186750.0,601564,13879237,4081537,729058,47939707,9440164,3996148,1765779,1987154,265008929,446819,2221583.0,2058982
2022-05-31,6932330,2996350,1858209,3340392,5719840,6689810,23757954,,4155173,16088348,68320374.0,5406206,,1873680,529455,19424064.0,7244646,88970553.0,2715463,225022557,1728928,47688943,13562645,1076990.0,1347577,5224387.0,872651,6243290.0,323827,277102,1768088,4094140,4508179,520331,1725457,588528,47861372.0,19820955,1073266,2915602,,98756041,36297145.0,,779978,4371219,6213149.0,7798077,1959876,49413467,19134474,5322782,64815783,210154728,1287807,2584304,11011721,9398434,13999748,25726608,951665,4381082,135522,2434033,12707296,,9320599,4408930.0,4846353,3400215,52757469.0,7515971,16397205,6059770,8202178,7496422,30917763,1357372,,2535080,2566787,3844130.0,300247,9154457,17271119,2225554,68110817,38973691,21576197,3590507,5958865,128789151,949419,5818696.0,1798122
2022-06-01,3124223,1183328,1321887,1379214,1575585,4535430,7581641,,1920774,8489129,37314104.0,5207475,,502268,284728,7955374.0,1496086,46327181.0,1429182,39743425,746252,38626200,3262415,320796.0,1096495,3369759.0,507897,4264416.0,606726,219570,1650680,2068635,6120700,315184,2103173,1035349,24144413.0,7953528,1011637,763209,,41941708,21538859.0,,521827,2410103,2116272.0,4517099,559133,15374851,14607665,1441204,34065439,167384483,1179791,1194946,9987347,3209114,9166126,13738712,368449,2185875,131352,1128772,2568713,,4192825,1992515.0,1715128,3411095,24408913.0,6263677,8499416,1751723,1939980,2635109,21562120,848486,,1025401,2629141,2047055.0,92588,2352401,5051361,610833,25673357,8169286,7073513,1879963,2991101,101778029,511768,3427002.0,759336
2022-06-06,4262305,2043610,972942,1019682,1052701,2289037,7925974,,3078078,9716263,36572161.0,2228467,,1399351,163594,8625859.0,1332470,38340956.0,1856387,72550387,894276,22007607,5352796,311288.0,1145100,2327676.0,164055,4170155.0,122361,162214,1947956,4004181,5543084,374273,524748,535420,34558706.0,5913016,860431,752285,,51595327,26713379.0,,895148,3504231,1682531.0,11135413,273037,8232618,6592406,1587858,13105087,116237977,492869,1025861,3744243,5681706,10773406,22500001,237233,2025664,222083,1964918,2214148,,5231515,3870598.0,1217596,2110973,43645348.0,4605883,7386338,1860317,1553306,2285685,20531283,241841,,1116759,2611880,1740467.0,148606,10059290,8583318,1070015,30882193,6408771,3682917,1393497,4459318,99264938,369779,6303738.0,630005
2022-06-07,2549062,1086752,1492364,859167,2128489,4204953,8415579,,2440406,10015135,44760521.0,2950373,,2100061,212717,6199666.0,1526981,45203419.0,1160847,83921246,1137166,66666816,2063160,370716.0,1235485,4350968.0,268622,2482460.0,134185,258789,2122158,2211095,5767373,237825,576240,504930,54677628.0,9974063,919899,1311487,,21263058,25609426.0,,527870,3612806,2838672.0,2396115,332918,19069162,10691039,2156846,23601624,151939551,539375,3238434,5841514,6449454,9562515,29372224,819566,2437974,229648,829417,2406307,,4101206,4331901.0,2623543,2241192,26031036.0,4630555,16059278,1476205,1638521,2933322,21689744,243369,,700199,3290305,1516866.0,84255,3086430,6158888,461104,43834821,10042332,3596230,1203896,1915922,77396320,275594,5656274.0,483960
2022-06-08,3111827,921407,2748331,760125,1384406,2874034,8557091,,4477140,7756379,42131882.0,3754406,,758034,344703,6415276.0,717042,74146887.0,947852,43575126,1760706,21197013,3255184,295158.0,1378410,2429794.0,200906,7876799.0,143621,264140,3497419,2570111,8040645,481761,666371,518605,49658550.0,23512284,880680,819130,,25291277,17249442.0,,1297459,2013393,2044397.0,4613767,474069,8300424,7471965,11883256,10545898,233965670,650652,1200012,7990590,11277782,7469218,20221035,282430,1453343,190578,1500096,1769306,,9504510,4484475.0,1225968,5993066,28060336.0,7107383,10524922,2467905,2658132,3136564,27992220,334808,,756598,2122953,2045491.0,136907,6898057,5821706,579097,32460306,7427149,7822539,1021774,4890383,99795449,519884,3107422.0,988621
2022-06-09,4267400,837309,966152,1092763,1607483,2534428,6204271,,3152703,7213770,41256650.0,5799268,,1021286,286506,5605643.0,965361,57899416.0,1091414,32808196,669766,22527068,9311240,238893.0,977230,6597971.0,301979,5799053.0,182890,142573,1197341,1409750,4322625,341040,658105,566523,42259732.0,11144838,899108,1049256,,36643147,17773427.0,,582720,1439692,4276521.0,9375753,293230,14212915,11211076,1620658,13395490,179885942,466396,1899527,8306121,13808999,20346292,18847330,647437,1666874,334307,761760,5029323,,5664983,4601654.0,2470854,2239336,37795402.0,5057276,14618639,2555105,1569243,3843196,44141701,700100,,1075943,3016672,2197153.0,118970,5935277,7362913,873043,71627784,18334593,8550693,986084,1796175,143804279,636187,4224513.0,870113
2022-06-10,4277021,1467748,671767,797807,1919284,2725806,9545895,,2216657,7286019,54031382.0,4129845,,2926208,278414,8147535.0,1080101,50515237.0,1212378,45295395,1043573,41050863,5023274,358114.0,1846008,4009417.0,206173,3566702.0,152106,635408,1770385,1181030,5726544,584170,410742,926745,56583369.0,14567457,1069566,908243,,24271324,37149352.0,,618560,2881244,2438514.0,4616386,210683,12456220,11382608,1899821,19614634,189741358,592503,1089189,6454789,9687796,15777932,32829660,520728,2568568,177837,1522370,2535682,,4959684,2894032.0,992809,1877275,31027021.0,7425421,12619473,1611364,2000264,3732655,25257302,372645,,712951,2915775,1814823.0,151274,2703429,7001628,823478,49110196,13393607,3194734,1057133,2413463,106794714,1119224,3258351.0,1080431
2022-06-13,3383385,849687,749873,1766692,1461620,3718848,8509840,,3013591,14017602,59237518.0,6115818,,1460214,262807,4911595.0,913898,69576254.0,1953914,17513513,613365,18571315,7323671,354941.0,2505859,2907612.0,313642,6021797.0,143469,565791,1515726,5393202,6876612,382429,736717,3138737,75469956.0,15377856,836346,1118945,,46714611,23836428.0,,869807,2680942,2639433.0,3785609,667301,60529329,15745559,1606704,24858901,267597316,971857,939415,6799471,8528269,11170316,35764433,430387,3910574,222881,1945388,4846772,,5871687,3588037.0,1218369,2022306,42629567.0,5569804,11737761,1691470,2297319,5215586,34145448,609875,,1235294,4726762,2932726.0,137550,5906694,7757541,1094254,48369726,14868665,5851700,1275008,2365422,111490095,402445,5695956.0,1088671
2022-06-14,3402377,1114195,636806,1716074,1455411,5397972,15554566,,4907668,11904880,63205077.0,3655266,,2842234,448516,8555278.0,823241,53900332.0,1512457,25003369,1082392,38549510,6062870,335374.0,1642541,3431240.0,469710,6079397.0,646573,372347,7364113,4481141,6470647,968957,898389,1620335,48616465.0,11375411,1051778,1426148,,45899669,25622051.0,,1116723,2200410,3238438.0,5825375,471522,15437812,15828767,1608456,32858246,207140046,722591,1509057,11864818,7709697,8766752,36792376,429220,2728760,184153,1184124,2377530,,7082698,2657792.0,2623830,2496152,25494755.0,6812216,7686480,1821017,2995279,3459001,24859895,699567,,1389890,4305943,3707521.0,218265,6278547,14061974,750603,21703697,13746295,5997886,1495242,5184658,70298038,527014,4621596.0,851430
2022-06-15,3961698,2246475,507894,1437522,1597514,4581844,14061393,,2263863,19822012,52138059.0,4443211,,3060111,1124374,6450847.0,675348,70081548.0,826279,35633474,6147628,92212626,12230279,401523.0,1037604,3246143.0,305409,4281506.0,328639,269989,1852470,1334788,6081403,324689,653508,1451776,88135259.0,15336856,826057,892710,,100899252,20166214.0,,791222,2712370,11495328.0,16387901,308932,43299082,10559110,1772057,26693261,200365636,3137217,1138057,38613975,18567574,15157894,27035603,719200,1959139,213424,1103390,1885730,,6566780,3992419.0,1023414,2747675,34660240.0,6281232,8170130,2774111,3626973,3667198,30775060,1119355,,1205529,3138373,1793887.0,391759,7869334,7540620,1244186,20049083,11545042,5079203,1146397,2343196,74995987,495591,3831211.0,3868822
2022-06-16,2879230,951680,840169,2236268,1116673,3776904,19167637,,4868717,11047857,60187717.0,6451074,,2313646,844851,7987841.0,1351277,63534857.0,1450464,34539395,1368501,42699746,6452350,590579.0,2396171,4791481.0,248541,6596125.0,277548,439423,1092549,1669892,5533083,937720,2081637,1455153,65496014.0,20428441,1014638,2149458,,73852136,24490177.0,,874948,2421277,5025499.0,13105217,616657,20032668,10110329,2603533,31464624,356451945,1010729,1106533,11629690,10787009,8457738,30642287,661373,2145861,260835,2206539,3181432,,5649284,3863920.0,1881889,2682523,35142748.0,5956520,7494816,3962399,6031196,3032614,38708916,807409,,1184656,4909926,2960861.0,179632,27940018,7791142,1064852,26083593,29859699,13805667,1929076,2197414,217662017,934904,4545016.0,1655312
2022-06-17,6722688,2733169,1360868,2042549,3287403,7680762,16903522,,4419170,15301385,62981976.0,8754026,,2061387,698123,9388109.0,1444412,132698179.0,1630622,82941126,2369173,162379162,6178275,815937.0,2908886,7561359.0,576535,11460713.0,276447,1120841,2296831,4832792,10586253,415790,1552607,8780107,79711425.0,17784393,1404312,2167733,,80376964,42829237.0,,750842,3746941,3775284.0,14382764,980090,16250630,22900539,5929274,20265018,462801860,1378755,2688070,14274360,16395568,15336830,64329765,946668,6657066,319858,1773598,9348902,,10139184,4694756.0,1922586,4525981,40797109.0,9411922,18681349,4555405,9374276,6563052,60234410,1219814,,4052660,4660065,2893019.0,392314,6098511,18153583,2237716,52757445,24592547,13166825,9476072,6556568,255019977,590733,11153267.0,1048635
2022-06-20,5428760,1358205,594087,1019501,1296365,2146770,4618159,,2361443,6587917,28154520.0,2614030,,1099165,284798,48977628.0,691566,55876190.0,1526283,30437205,578429,48073062,4016133,325389.0,1730377,2343327.0,338209,4086392.0,107313,527206,1216008,2546187,21759583,164657,493244,1043192,46629194.0,12008682,439363,942943,,46212984,27814624.0,,597964,2072287,3291787.0,7120706,284184,8060556,12337021,1164631,11845582,178986967,665257,746223,8118167,6825342,7192899,20432639,268164,1229085,129653,985331,1466928,,4666158,3766168.0,1632760,1291438,80120436.0,6464991,20817191,1952082,1779617,1427564,33108109,236271,,1813779,1881640,2116085.0,218597,2368668,5018773,1237233,44005413,14755912,2774718,539670,3419163,144371714,831671,1554788.0,439612
2022-06-21,3542996,979903,292018,1355964,1339356,4368423,4215564,,2162246,5675964,40945612.0,3348796,,689169,271797,16731580.0,438324,50454312.0,851272,31437874,499354,18744724,2737839,410621.0,999233,2191071.0,250326,3006140.0,118104,199125,674538,1153304,14142660,298138,470956,685272,31406923.0,7686546,569710,803707,,31728545,27417086.0,,776762,1029015,1288449.0,2729340,977868,6964493,12252893,1414807,5885119,135749198,336291,1925110,4578664,6549069,5987465,27613919,555735,8638852,112937,899448,1708127,,3290101,2040238.0,935528,2074222,18973838.0,3565711,5961713,1198005,1448336,2515974,27007551,535656,,861736,2322689,1303672.0,159176,2532512,9420118,918435,19493430,14033431,3116333,427323,2657893,49380147,745887,3311354.0,334887
2022-06-22,3151119,1899729,736796,1406561,2419804,5555176,6402201,,1868013,9312353,43468134.0,5784154,,3821807,704325,3667879.0,640235,64956072.0,871018,34526873,1420778,54119896,4230538,716439.0,6276424,5337277.0,316320,4751102.0,190925,492624,924108,3836727,9030987,290267,439267,1230350,49937554.0,21922668,786754,1114171,,53508538,17954677.0,,880997,3178122,2715066.0,4746692,733068,49760602,9828297,2402098,14114999,364845777,1183876,1835861,8133926,7372885,6932714,32464966,291416,3824131,153829,1879242,1901601,,5633806,3329317.0,1142087,3985297,43418663.0,10796417,7510874,3433376,3603244,3825953,39340963,721069,,1555071,2457473,3116377.0,218526,4312982,7858033,587083,25208493,35262605,4859537,972765,2214672,257050400,816770,7114949.0,766543
2022-06-23,3747688,817468,644048,1154247,1617556,2509880,8489759,,1518253,7325878,42518920.0,3409678,,1303442,512692,2995070.0,673025,45686408.0,743114,32032598,1852135,27707761,3460301,621239.0,1082400,2878601.0,178297,3793545.0,122242,336189,813698,1463645,6095090,359918,407293,1486556,42878461.0,7004043,759996,1065046,,37274569,21230512.0,,628043,2163608,3538669.0,1797295,812879,13417492,6090979,1964708,11994748,171396421,682834,1173290,19016900,10775508,9637397,23737222,214068,9520721,196590,1266059,1479567,,7212273,3701621.0,1366016,1780770,42480289.0,5594845,6368177,1635470,1543169,2378333,39906031,723554,,1809781,2280606,1890202.0,188007,2588847,8952188,730663,16302412,15552965,7060356,727372,2407461,87192520,523839,3298906.0,668984
2022-06-24,5086839,1121272,392402,1126973,2696918,5356294,4954034,,2343039,13632822,55663456.0,3412149,,708376,515933,5709200.0,1128774,47387512.0,1125899,22508317,473656,22500097,5259446,430405.0,706815,4192717.0,289918,2454210.0,199713,279933,978458,1453089,7630221,247731,599742,653733,45007901.0,7327755,1324703,600291,,30932525,22057947.0,,458542,2081863,1786239.0,4869249,733435,9766687,18880038,2239514,11114574,154135548,711087,976626,7554927,6924321,10585952,18327751,433825,11784520,146443,1403080,1483249,,7060485,3691072.0,2340472,3997375,46659037.0,4489319,8125614,1447052,1901815,2634107,23785753,786427,,1622739,2960601,3384656.0,117638,2803452,6467309,1336769,41635966,16311167,4603088,1625452,2868775,70630768,662102,2970378.0,1592417
2022-06-27,3972206,861744,788786,1276437,1174714,2435675,3899159,,1825901,9995061,46256489.0,2680287,,2545029,525567,3362690.0,770037,87244319.0,866945,31019543,535407,76877377,3030082,384190.0,604009,3782227.0,259343,1948738.0,124385,226701,1958604,1601662,5995532,394754,279087,614229,75956879.0,11357146,698612,1037921,,49272132,13687475.0,,1896790,3904800,3235034.0,2118567,824348,7354973,13472823,2385775,14451268,174288024,925756,1308122,13974131,7896471,6159349,13046231,526382,3013664,137024,975728,1079065,,6822746,3400032.0,1255593,1742685,48517384.0,8604938,8866185,2179905,1462176,3545544,31627846,239337,,801209,4562445,2474931.0,96382,2061467,6807977,872554,15651573,11057319,10032722,823691,3168322,55181254,450131,2621038.0,1891924
2022-06-28,3456662,711266,981612,819669,2052433,5669012,6384396,,1713046,16620500,95098056.0,2591786,,825333,561457,4245267.0,642623,48021884.0,895193,31670587,4075536,63031734,2293538,297980.0,1181272,5048185.0,302705,4971949.0,223683,200798,1911152,3615697,11823004,237695,466405,699079,46161130.0,12406843,1466685,2528798,,38416400,12761148.0,,1387574,3468397,1792479.0,3277275,676513,5581172,8551740,1800744,11186944,144944851,568128,2113780,13312985,7503057,6667676,18520951,319278,3946715,135869,1711081,1689528,,6199052,3116370.0,2074390,1184298,39811343.0,3361673,7980700,1220447,1813064,2781784,33749625,901542,,1327407,6390975,3793963.0,253220,4181285,15238329,1299007,13921165,20256966,2920025,1169793,3875372,72922011,455528,5636243.0,789455
2022-06-29,3702287,927559,355622,1092803,1785432,2345130,5967525,,1738135,13217750,48146770.0,2926921,,721472,282585,5202158.0,629374,42314657.0,766940,59425110,3561716,29609945,4210975,367492.0,638460,3512694.0,224705,4983514.0,307106,219160,2760383,1254726,6718869,317323,611431,683518,37780343.0,6788196,1727840,779063,,24696936,18546157.0,,756929,1418383,3563943.0,2244702,393544,6315963,9531574,4439515,8377936,140907259,295393,1611430,4880962,6445126,16224818,24370387,277420,2675937,139908,3523160,3258422,,3347306,3134689.0,1289425,1339787,26970098.0,7937119,8710356,1752435,1199844,2580244,31166272,319027,,1020259,3149582,1926236.0,99269,3352294,8454379,835502,18409071,7669549,3295541,1232715,4277617,80410816,1080635,11955159.0,653119
2022-06-30,4928333,1059825,658525,1215375,1597978,3484261,14543599,,2526095,9007379,49777626.0,2431524,,1447342,468003,3371248.0,2327728,41015966.0,1241463,23460555,865237,59235036,3780126,437978.0,1711874,3210390.0,242313,3515353.0,345583,373872,2363980,1707844,10130822,342861,316982,683319,36186896.0,6783424,660694,1330107,,30622073,31900744.0,,832448,2145832,2312628.0,4937440,648497,8187103,13477403,3370552,16461699,202685856,470202,1322854,9118548,10414447,13200392,23709928,359634,2931527,134075,1242253,2377632,,4268366,3510408.0,1323713,2266913,33259962.0,4853957,8662137,1929964,2573906,3547056,20169850,583315,,1583798,2238163,2535807.0,216743,2848295,7637077,887060,19369885,18398765,6212213,1159789,3484006,121438252,822020,5311572.0,1184796
2022-07-01,4265843,978130,388961,946056,1785190,2063027,4674315,,2197334,6447602,39156126.0,1894610,,1463895,349393,4915599.0,717596,43140059.0,965839,15501004,1205156,23658093,4618674,332481.0,1940794,3232195.0,247143,2804982.0,186606,266149,1570299,921115,15075094,440653,340846,719078,71449648.0,6277662,661957,652507,,16750917,22511865.0,,646872,1185933,1934482.0,3083184,393920,9186068,6833643,1731263,8546894,164077179,493275,861949,5582125,8624460,7031030,15897415,284380,2794476,156626,810825,1826039,,4234937,2930416.0,651935,2008091,31136406.0,4290649,7539759,2351364,1316097,3162766,14490753,446344,,1024129,1584655,2248565.0,195780,3599996,6964926,700860,15938698,10488769,3864023,651208,2334687,85041071,438729,2732580.0,578832
2022-07-04,1814250,611581,287849,559660,1819567,2151770,5966868,,943491,3804463,28079764.0,4209000,,946955,152011,2660033.0,516540,31108039.0,791542,16117223,2441964,13913557,1637316,256580.0,352002,2670611.0,120074,1407575.0,103366,264948,1603018,1828680,10869869,140158,213288,562446,20422150.0,11097374,721342,1157623,,9805506,14070424.0,,972574,1138971,1695753.0,1576071,489548,13859019,4131922,1157728,10602135,121946765,397005,578719,4611600,6720844,4946320,14968645,311929,954252,74007,1241985,1102288,,2574060,1582297.0,351473,2179775,15921348.0,2383531,3746944,1359817,749260,2257675,17631705,192662,,554282,1580034,1122682.0,125960,5954231,4738488,638957,21740199,6678249,1869770,386705,966030,66160988,483701,2250225.0,421580
2022-07-05,7315434,1405551,611107,1413980,1816644,5420610,10656041,,3156736,12958908,67023196.0,4561071,,1133110,334553,4144070.0,1293774,73064490.0,1955359,35257246,895546,36748305,4273546,665736.0,1156642,2101243.0,337688,6124191.0,323315,346349,4578117,3616629,10751101,202642,407159,1147215,125916641.0,12321279,518845,1175565,,42429658,26902233.0,,933375,2990333,5761533.0,4129597,314458,6125599,5334506,2518470,24122438,240981322,956510,1362116,29679805,10323003,12529159,35085411,487851,1588905,212944,889748,1863236,,8161440,5018028.0,1271359,2754325,61267269.0,4872250,12076351,1641764,1204826,3934336,30909100,531004,,1071024,2467061,3955563.0,212935,3452397,12834961,694841,20911835,22353017,6010425,1323865,1780609,128436065,603719,6188778.0,653992
2022-07-06,5202285,1324000,659023,1453848,3549030,4097527,8115336,,2232503,7358311,62994202.0,4103481,,1899010,564827,3903170.0,715344,77499983.0,1212930,34094275,2503596,61534009,4864384,516527.0,922750,2315268.0,147101,3545772.0,158345,533273,4416089,5426776,21405175,302435,574407,1529763,77920507.0,11439124,582771,943426,,34917031,22797149.0,,837329,3082425,2457150.0,3555856,426946,9088223,11856714,2041773,16326294,236946426,610406,1564964,9631558,10120863,13737403,23290679,296493,2389374,251115,1099862,2456313,,5991865,3688820.0,1496551,1671707,30748018.0,4891907,10692054,2413188,2193336,3669376,34883756,759255,,1132554,4019264,2821144.0,169139,3657059,15233981,1002548,20603256,13134132,7286251,1012663,2297413,83587695,1879951,3372787.0,571012
2022-07-07,4031897,878525,612126,1973406,3033182,2126496,6189180,,2583073,11346395,56736408.0,3496933,,1216950,456287,4642098.0,925281,91144870.0,919755,22871930,2548853,62629872,5476728,573915.0,1009507,2817466.0,345205,4565651.0,160299,303739,9294103,4416677,5730492,458523,536579,915145,131147334.0,17165499,965995,612190,,31068840,25187498.0,,918706,3636335,3018265.0,12184852,815363,20975341,10855106,3392405,14335211,298265424,1011976,1351562,16798890,10261448,12432090,15845986,368360,2364525,169884,2172678,2626850,,9264774,4926975.0,989138,3416536,29744911.0,7550239,7315594,1598199,2626382,7750089,33726164,653512,,1550136,2477781,3889767.0,205252,8936456,7859258,919386,18448055,14141722,6174534,877937,2896662,65408620,1615657,4141121.0,991188
2022-07-08,3343073,963661,688695,1372333,1549996,1948794,4377323,,1521595,6179003,42802419.0,2028184,,1005916,264402,2780526.0,853316,33547710.0,1062535,14782857,4583931,39451793,2652919,425352.0,998230,2725249.0,163264,2340225.0,256309,266787,3623969,1756728,4201320,310422,473222,844263,30523639.0,8119971,368542,647449,,27594290,19281800.0,,851711,1123073,1121099.0,2403306,331685,14331316,6394243,1750910,10991716,186397848,1037796,931696,5223052,8403306,5501474,12290226,452925,1382887,172498,1324449,1825979,,3180568,2378835.0,769530,2289073,24038787.0,3872868,7977937,1841382,1980531,3095202,10824448,419798,,1042006,2075735,2386541.0,83844,3061724,5494463,670913,17243847,10721387,3103481,913597,2493857,48763539,651720,3507907.0,678829
2022-07-11,4023275,659318,479378,1179307,1088241,1487349,2974952,,1462016,5476504,27895710.0,2091296,,485585,261809,1219591.0,813985,32272439.0,1678902,16746132,878994,74682036,2742925,554269.0,755522,2567322.0,166054,1674411.0,136473,304956,2216699,1282811,5621964,378649,595642,665089,50980621.0,6333243,454582,429831,,21769234,18753721.0,,588038,882289,950849.0,3631083,300507,4766816,4978317,1006901,7284356,244353890,255032,918511,6372375,8127940,6354094,12500261,260573,1015702,131187,683341,1278624,,2659363,2927496.0,774667,1560315,20691723.0,4467845,5491484,859847,1541159,1402382,12008273,953231,,1359759,1790978,832876.0,202094,3122737,5638831,733225,10932427,10030993,3117130,515181,1339904,49866749,468160,2893225.0,600353
2022-07-12,2533344,1844377,750510,1389363,6570363,2432540,8340198,,2841130,5509946,42389480.0,2027108,,867349,321519,4014514.0,748304,36790825.0,917506,19854814,1101529,25884991,6309084,238159.0,735873,2397041.0,165695,2024421.0,582362,175197,3263630,1965944,6164337,254474,597770,680086,27757930.0,12842163,646838,776649,,20932371,30389587.0,,606938,1482912,1652166.0,3682217,252335,11089084,6167493,1625788,9308544,286282528,638302,708310,45033725,12133374,8002058,11050463,281771,1625294,108713,1340483,1435027,,3327788,3664232.0,717532,1111887,19665814.0,6240757,4803864,1431447,2905120,2419524,15831310,248350,,1418915,1788719,1801686.0,97505,5289462,6528529,890287,14120907,11812861,4286189,908372,2036665,59805139,1565068,4356434.0,607783
2022-07-13,4304125,1337196,1154364,1644508,3030746,2039928,10004624,,2140416,17026696,42491244.0,3764533,,1597947,685680,10485941.0,569992,38576591.0,2743518,19357703,2100462,33945667,8087103,601775.0,1638683,2985756.0,256619,4458594.0,403120,365222,5874250,2035689,4702364,226328,426379,1394148,38564241.0,16775675,398491,837469,,22598546,19722175.0,,1052859,5219382,2021176.0,2688605,294781,28357442,8253094,2283444,8391214,122084806,385931,981970,14664439,16063181,9092637,15358733,590513,2378758,166720,937858,3119841,,5945842,5060811.0,1083304,1647476,33150428.0,4673607,4841284,3059805,2272471,7235101,15023021,394305,,1194804,1963907,1458364.0,104675,3665406,6462479,724766,25524714,10943174,3202821,660366,1553778,130044830,730356,5547417.0,721568
2022-07-14,5891820,1663117,3346278,870922,2932007,2481590,12728414,,5021332,7836331,71086571.0,3436999,,1055558,436722,1732195.0,562088,62414862.0,4251373,29020109,794941,28478726,2994839,250314.0,721785,4509094.0,178265,3923347.0,511447,397071,2121269,2019454,7594552,288738,387538,1374415,60430555.0,14983685,337028,391876,,32792257,15362915.0,,787346,2027925,1373956.0,2989151,401858,12995569,6823055,1655743,27987603,160376313,513470,2520849,8291349,8153093,20168174,15674547,315637,1544663,169228,1057279,1893287,,3443867,3728444.0,1246340,2256682,34455578.0,4778072,10114140,2884999,2010702,4282426,16717755,622926,,1234786,1712815,2244615.0,105948,2402848,7181722,2432309,24161648,10636123,5234439,791021,7562109,62716787,551659,2824572.0,575449
2022-07-15,4025773,1264814,2657683,953076,2824730,1838947,8260271,,2494991,12420780,53102595.0,3461483,,1267611,498256,2623616.0,561213,39243191.0,2302582,50280680,681053,18995766,4204329,479792.0,938000,1695163.0,354599,3017729.0,259096,240034,2705024,2609196,8301873,227694,458547,820314,31389172.0,18227952,425999,916701,,28309814,23598671.0,,451056,1600682,1426358.0,4723934,487219,9387900,5997705,1436908,11288817,198862299,730547,2168247,8450510,8105470,10959779,13692182,372252,3041244,189582,1398264,1339884,,3860783,5331211.0,1078603,1500601,30074722.0,9645086,10378853,2647205,1681268,2690050,14079237,408996,,1156547,3022695,1436101.0,97145,3085308,6974797,950606,18031240,13551021,3686494,669406,2712455,72468141,650604,2440809.0,475801
2022-07-18,5713010,858879,1994698,819333,2926283,4530393,6092842,,2472982,13679896,43856613.0,1995329,,1462323,456335,1698355.0,551406,31223799.0,2339865,40670702,599041,18602527,3290999,302759.0,566953,1966239.0,276432,3181644.0,259013,165419,2077186,3748896,5656135,822159,362579,898173,57170636.0,16538174,285797,1565309,75775752.0,24266711,11705206.0,,336588,1783978,2084861.0,5641697,746865,17532055,5312770,1787555,8744446,133752465,368473,1582364,21742173,6843514,7998836,10878258,399713,2858904,101997,1982574,1178563,,5826700,2749113.0,2070110,1404535,26995727.0,3312576,5790059,2933841,3793138,1889650,12937440,656795,,962044,3005413,3053812.0,75917,5284291,3648267,593344,10818474,16049864,4223643,417121,3194097,49359147,886472,5667306.0,331833
2022-07-19,2424016,663983,1158322,1588740,1419847,1275293,12298214,,1889018,6961661,38552890.0,2453423,,1071944,244019,6127760.0,404418,30143535.0,1100040,16243626,1618751,43366093,2580514,259857.0,1113622,2248113.0,281100,2137340.0,250646,423918,1451133,1409373,9148934,320389,638525,514552,21039024.0,9821852,348651,1695316,44977828.0,24146732,14241634.0,,776109,1085653,1393563.0,7450778,532475,14469166,7584931,7002080,11494427,162523267,355501,1254300,14773031,9417833,15026769,11724191,339441,3437662,108788,876151,1633696,,6389998,2697177.0,1412454,1398516,19068452.0,3335995,5131085,2028805,2855120,7202085,23609488,589351,,1556370,2454506,1918315.0,93038,5483421,5657612,473679,11845686,5745333,5609025,567019,1956094,48227489,427137,3633276.0,516836
2022-07-20,4897016,641768,1253408,1582260,1767826,1417746,8598955,,1710262,15320753,65043186.0,5498824,,1697374,618222,4180109.0,911251,41561571.0,896344,21872005,3970125,67723778,7270894,296907.0,1368941,1855627.0,199730,2552905.0,327883,289707,1508046,4371134,5083685,398128,564503,540107,43157777.0,7779593,351182,715691,42043254.0,37333213,14280823.0,,287733,3482469,1469577.0,6289457,240305,25815270,5576753,1989932,17641564,280399425,839507,1735482,14346548,16967490,8983345,8335426,270037,4759098,121864,1128074,1828308,,9896323,2328470.0,1578874,2515856,28348429.0,5455397,6341746,2179476,4499249,1942706,13623556,631183,,1959268,2726151,1876761.0,71553,3035986,8405675,385977,11754360,15151856,7098653,570364,3881685,110657100,477854,2624246.0,1173312
2022-07-21,3330881,1301404,967727,1112273,1307158,1958789,5702311,,2554818,9926379,77532446.0,2589338,,1299616,220900,1927039.0,676617,42121265.0,1026981,19633834,2289102,31523567,5469351,548262.0,1379634,2286890.0,174576,4075835.0,735790,200682,2109968,1764363,6229628,438839,5294657,1169721,37190961.0,8797064,459198,1078532,35446440.0,30729054,14046137.0,,596474,2535389,1222435.0,5847229,238675,11912083,8165450,1910138,22760216,171479713,498712,1381684,8067377,14516458,5377262,17178527,442102,3463636,182627,1029950,1395002,,4253651,2809431.0,1692649,2335879,19689475.0,4921675,4039381,2711335,2391344,1724642,16743380,520521,,1682002,3046798,2993465.0,91504,6858653,3943848,1509732,20048668,11892040,3185959,734089,2401130,81741678,714140,4111486.0,460309
2022-07-22,3923804,682300,556837,761573,2035572,2189386,3964517,,1136593,6216070,54866757.0,7215815,,3949621,302554,2797502.0,509723,27371435.0,558921,25516210,471349,13069324,2280231,219983.0,1358968,2043137.0,148917,2426095.0,1023573,297617,2120856,1236854,7673283,397866,2062090,578922,24590911.0,7745181,239428,929550,25275653.0,22438652,19408314.0,,296015,1775861,865842.0,3071291,191118,6349215,6678394,2260245,8370626,105003022,575775,1729126,7474595,10074773,4073824,6173443,251698,3442130,153682,996862,1913693,,2656315,2191249.0,830571,1111741,16156353.0,4071424,4694118,1238141,1530739,3151765,10899647,572469,,944759,3429924,1435954.0,89946,12513075,4414015,506407,11634162,7206550,2867826,681492,1324487,92589621,1166784,3475942.0,411588
2022-07-25,5542232,513923,774300,935470,2531001,1392868,4498905,,809455,11340253,55314543.0,4113925,,3249311,196825,2574199.0,504815,30813587.0,614621,25782120,309448,91120350,4123174,194264.0,689163,2942760.0,127051,3547397.0,176426,343214,4619843,4114329,6216170,327481,696380,556517,60904076.0,19207087,483373,570540,33054037.0,45999917,14884193.0,,1739460,7532866,1557595.0,14509610,270138,5822632,7030988,1599437,7188270,347369205,254263,1202557,4868182,6910168,7119312,12923362,210265,2084125,128816,1066897,1800295,,2415236,4057532.0,1323520,1488120,17370381.0,4812689,2938227,2617841,1389950,3618429,26203536,1117752,,1693209,1911992,1473587.0,651178,9203047,5705477,329864,11235579,6053009,3472193,430838,2091273,110094300,533097,2427082.0,2412067
2022-07-26,17458408,729355,1380486,1094021,2174970,2128669,5431294,,1342524,11779056,50305161.0,2631045,,1849819,168683,3633352.0,1036837,23914013.0,1043573,19582747,1389254,53622832,4110662,381688.0,1136146,3118577.0,120233,1869477.0,231104,205027,1123782,1984326,7553005,501569,558539,615452,32183919.0,6695721,267945,1061937,47379225.0,22351965,15360498.0,,868479,2566731,1369873.0,6952992,400006,12065689,14407686,3022967,9718582,121457791,403944,1483315,12134862,6625263,4092416,12351939,242284,2408641,112354,832771,1157605,,2724197,3284845.0,1205687,1338298,66967494.0,4640356,7514187,2004029,1086920,1788637,17920505,707173,,819635,2331943,1381271.0,338662,5953813,5175427,573017,36029231,17385631,5738171,906467,1454595,121209700,559744,3601867.0,375542
2022-07-27,7572245,675277,1472279,2193691,2090269,3995899,7993051,,2874837,10182447,118779130.0,3771033,,1301730,1175814,1308665.0,447030,23684384.0,998787,22698643,620189,31986358,7096458,217721.0,1460658,2799898.0,348382,5445555.0,120578,213382,4511713,1353800,7534022,219047,517332,762557,42255182.0,12444105,376331,1063371,92809478.0,34224560,26346484.0,,1108591,843411,6202330.0,10297464,303376,10031746,6370111,2230229,8828975,430832156,321603,1329862,15467383,14461794,11092155,30729141,328827,1627323,168459,1699684,4659256,,3975400,5387956.0,4162835,3533130,23842806.0,5686325,5491447,3211147,3616439,4534526,19303750,1642906,,1428743,3491871,2256582.0,192257,3311512,11279521,347986,10451654,40941615,4494617,1473083,1857054,285543620,481204,5624637.0,1410744
2022-07-28,6754868,745650,992474,1080245,2014224,1689790,5642198,,3537670,9775355,87466863.0,2498031,,2218944,222842,1604683.0,493989,34532837.0,670645,52991457,411472,25276492,6963251,371274.0,1275338,2598245.0,123015,4227558.0,270663,266868,3734426,1281296,4841167,282543,533277,1159880,48368900.0,8462627,578826,579519,37686946.0,21249908,23036437.0,,369670,1570806,1274987.0,2055492,437255,7213023,5777686,4280019,9714947,146966969,315158,1818814,7331506,8407477,7818762,12324515,304582,1322594,157024,532023,1579850,,5284431,3649194.0,1016722,3118006,25179260.0,10990882,3243991,3277641,1049986,2840376,24750288,965450,,744798,2014276,9292557.0,99807,3982238,5185104,314606,8783984,5668125,3078779,1056207,1087285,84371662,1070864,2064480.0,655469
2022-07-29,5617331,973527,919262,1373527,1397980,2224087,9559212,,3180395,12853880,72309405.0,5227057,,1590850,237809,2760300.0,617528,48528027.0,977570,47252905,617970,34873284,5394101,798003.0,900295,3849173.0,424224,2671863.0,257125,437229,1515624,1601403,5623179,443511,540953,1295380,41100941.0,9249374,636258,680268,39539253.0,32529221,22385127.0,,943146,2406165,2471940.0,3284228,721102,21493284,7821457,4118521,15089129,171585264,603959,1123207,7866757,12610631,4691633,44976820,397383,2077574,150457,719896,3097492,,3974349,4350451.0,1380241,2846222,33958737.0,7903081,5919865,4653458,3045058,3282834,16790328,529920,,822124,4682156,5888917.0,170379,3531443,13924878,840871,14948820,10255334,4186969,635822,2427008,78430049,810802,3787957.0,571150
2022-08-01,2476303,827766,1104169,636060,1124075,1472569,4292312,,1422773,10819580,59578386.0,2683148,,613408,265012,1789236.0,298689,45462794.0,555274,18573672,438471,22765312,1913622,270805.0,503272,4286421.0,112084,1875371.0,149406,113829,5813809,749623,4875124,328823,370707,828521,28753272.0,5596323,521138,421343,16614852.0,31325308,14952459.0,,168250,877065,1349529.0,1756514,426340,6061754,3795595,1281882,8033077,92978858,299625,1876640,4252888,13257077,4148802,27161157,234590,1960192,141313,595849,4489624,,4021962,1810402.0,790210,1959763,18794362.0,3872739,3610877,1382376,3916776,6568603,12319491,670548,,871449,3007469,3997181.0,84050,2831902,5332922,435821,11497358,5806638,2734057,800700,1795473,50269416,548421,1548352.0,366072
2022-08-02,5234277,850684,585465,1652395,1259378,1981472,4486214,,3725296,10944937,76480735.0,2447004,,1379017,363688,2346222.0,390997,63754353.0,1011679,25493266,642910,18802249,2316514,324335.0,1206497,2936616.0,145384,1488232.0,127250,178090,16868674,1975736,3537216,427597,371019,1073632,24858381.0,11847452,651106,528685,23844114.0,39732317,16025788.0,,299421,1247815,1823538.0,4456368,367434,7674194,6396597,1093808,6883253,466951554,289048,2493260,9536222,9088043,4452306,29663219,193189,1831334,110320,831179,3071250,,2833516,6243634.0,2045671,2334714,20959531.0,4011180,5557555,2105194,3205889,6624295,49102639,315749,,1167590,3251648,5282659.0,91994,6129010,9115254,765441,9841784,14637511,2147392,412113,2551063,65920062,492153,2272768.0,366244
2022-08-03,5442376,878348,800823,719390,1387268,3955903,4863804,,3362723,11296914,40177324.0,1479858,,3858617,335584,1720636.0,502096,75060369.0,873445,54737837,810231,23430134,6690163,1412000.0,1135297,3501992.0,128093,4388699.0,64098,279773,1160732,2840617,4406908,499349,729939,1142316,20614903.0,11983354,574992,639946,17865277.0,42409022,13740303.0,,300684,1007918,1294990.0,5353070,832472,8105498,7605984,1225512,7727238,279571303,1283247,2559832,4819636,9365810,8526607,27011879,555810,2998126,322484,794447,2059431,,3197709,1847507.0,2756547,1963109,25596608.0,4202522,5807547,2399629,7886431,9577129,12973636,491482,,1259055,2555961,4214080.0,442667,8787669,9827709,728578,11497095,16501444,3171124,402631,2714424,179862892,261433,2042664.0,2070230
2022-08-04,2725877,776163,681033,564020,1063806,2034444,4895813,,2394155,6743666,63556077.0,3352391,,3481795,239103,1673617.0,455995,54555299.0,1450811,22495668,822648,21375390,4583922,382618.0,1340808,8561429.0,156141,2008090.0,117667,355989,2620891,2820362,3493929,451177,637937,825926,54684868.0,9420793,1201201,675245,15092240.0,19328618,17154358.0,,334032,2427628,2481077.0,5433383,557823,7454155,7048562,2673344,9448819,278450384,510607,2857852,6749554,5983018,4716601,24950523,617252,4153837,248725,566221,2000612,,3883349,2760646.0,1141348,1817856,144463069.0,2604438,4108383,1149852,2304121,1521444,26244180,575280,,1021655,3391880,4067150.0,95125,2066976,7985376,385917,19782898,11307256,2090664,441695,3008077,120490747,518135,4633479.0,1394205
2022-08-05,1916469,452002,553238,532184,1221293,1707034,3214978,,1159145,4245405,43242514.0,1361844,,1321429,205129,1437626.0,451918,40008266.0,563408,19677477,834402,17528314,1312785,272491.0,722435,7587624.0,240628,1561246.0,173216,179758,1704129,1489949,3037831,288615,400004,864524,38285475.0,4746977,1058315,512611,14863964.0,13580020,10513678.0,,248277,1885949,924185.0,11778705,249359,5434151,5451799,2122502,7775054,156912354,788896,2159028,6668692,4454545,3575527,17760641,318789,2032382,199510,433666,2206454,,1899497,1618501.0,727531,1888094,40662330.0,5574970,3224265,2322476,1171419,1915219,25367536,408294,,529491,4068129,3760673.0,103649,4532414,5600220,431613,9992833,9961511,1816188,445679,1585465,62419613,525561,9147778.0,288672
2022-08-08,4429824,675307,471470,505758,1372102,3354227,5160995,,1414290,5654513,57175243.0,4606913,,2989756,164829,1323099.0,364566,43982321.0,1793944,14365123,785609,25347868,1610396,557931.0,616050,3425175.0,113059,5882118.0,127002,269437,1542674,1553352,3231750,656751,221300,509932,53382291.0,8699897,654579,1240160,14380572.0,14535469,9733383.0,,665620,979960,1048130.0,5151222,651299,4226617,3666582,1396021,13832458,166802613,336004,1337500,7621215,4378131,8828902,7153653,435984,1996660,104149,756018,1637362,,3004382,1855732.0,1738383,3048193,44093941.0,6031710,3447870,1636352,1169372,3414519,10493854,521905,,551636,2679999,3816387.0,101499,2071708,6621529,507706,9072499,25715445,2977281,474811,1197958,60526239,332314,6623368.0,332925
2022-08-09,1792669,1173054,1542773,1155912,1745287,3763499,11141017,,1610653,19358693,47518114.0,1442198,,4611374,240951,24620082.0,455097,40670869.0,1607984,16368567,541644,23532505,2274933,497938.0,476526,15557482.0,74194,1848702.0,86270,3135442,1826911,1224555,3219585,457229,283521,455559,76364815.0,7659249,687918,1025203,15781977.0,36065716,12621562.0,,1126600,1794826,900142.0,13254679,548484,5532027,4230355,1826230,13473514,101392930,729853,947864,6258362,2754959,4628102,29079869,929236,3731092,82003,1243146,2205408,,4120503,2088122.0,815030,4182076,36623475.0,6314366,5169979,8665135,1596616,3602072,21369922,373572,,746028,2488454,4330443.0,75321,2477287,6388615,324462,18507868,13213195,5718338,405202,1335945,45982836,709847,3031679.0,344377
2022-08-10,2340836,799325,1411679,890322,1248368,4592796,25865790,,1615527,5986564,82316178.0,3874943,,2461787,427324,1999309.0,725003,43226085.0,1158827,41912255,1299944,36678314,4119213,614000.0,1157049,3045031.0,172271,1795201.0,217107,501641,1620879,1665175,4087961,625709,278426,697447,75359484.0,17062561,1595143,666175,112025393.0,18967311,10319733.0,,1080264,2046240,1473898.0,3251255,1342294,7335976,11834541,1760112,17666583,100816356,684751,1688390,7467940,3752401,4251914,11249292,367956,2338829,187024,976242,2265558,,6030189,2934264.0,1358446,2977232,30052956.0,3879541,4674625,4667494,4051743,2913962,12399545,482642,,766662,4753710,8122866.0,276659,4010406,12553781,443907,12917603,8208958,5521552,699907,1269167,51252253,463034,10732023.0,655041
2022-08-11,4236359,583307,1429421,645894,2383043,5201162,10590326,,1572867,4276490,47289799.0,1470554,,1537858,133030,2313709.0,341814,37130077.0,711435,17004997,685981,35484887,2116145,230985.0,791080,2640139.0,158521,2147325.0,95709,317010,6811156,1030719,4846162,475692,743091,1004882,52184325.0,32189455,844382,723945,113965410.0,8667223,11155358.0,,892128,1102746,1029353.0,2191157,453314,3536374,5672986,1330144,11351482,91697725,786566,1333018,15936704,5063927,3575010,9345710,525606,2484377,77853,837570,2062418,,2633418,4148148.0,807010,3599137,24490308.0,4017435,4916471,863017,1111179,1689489,15811160,512529,,717113,2515233,4486364.0,305479,2637741,8734518,577286,10560766,5890409,4361442,348084,1537585,44888915,701848,3829967.0,549718
2022-08-12,3058655,679943,638989,487722,1100181,4375383,6397581,,1554698,2712233,50918564.0,4485189,,3779488,243606,1924980.0,407398,38848926.0,691698,11586139,669364,42292741,1641401,192333.0,434175,1969354.0,91848,1811496.0,117902,195216,7586741,791292,2386056,850625,201564,578027,19802942.0,16160972,796613,858927,50086906.0,10238401,13025083.0,,351118,729234,1465769.0,2435573,803527,7582877,8182952,5322658,9652195,90989004,441598,3372927,5600589,3484643,4946533,13064533,311172,1088363,97781,613971,1184383,,3677098,2140592.0,576003,2629666,16914596.0,3875792,3377884,1070841,1251625,7247449,11094503,230123,,446154,2123903,4554430.0,113049,2937060,5229522,313053,6952166,8964099,2678357,415958,1072312,28311510,304229,1814110.0,310557
2022-08-15,2038303,465379,596493,490313,1214810,1492255,5088394,,1475470,4503472,43128335.0,1579107,,3010225,665794,1189753.0,342021,64380728.0,1636035,8522874,1583024,14326560,1771295,118256.0,415709,8847556.0,177012,1074750.0,97798,234827,5901190,572895,2953191,453652,181980,578489,30429203.0,14797491,630423,455006,37803344.0,14941594,16837119.0,,282831,1116144,1776586.0,1835255,391957,9699263,3834995,1857361,8695073,85931463,927510,1943785,4567566,3248077,2748854,7935330,205903,964471,143701,438520,1246460,,2181169,2453446.0,729272,1651182,14193662.0,4731892,3433717,1618688,1324832,1754892,17089466,330258,,478212,6244146,1745761.0,113220,2848936,5046232,293578,7245799,5348151,4536915,382960,1345172,32702526,185969,2456918.0,283965
2022-08-16,2573438,1357934,1341704,474706,1119962,2112589,12131130,,962238,5780719,26647334.0,1726457,,811161,291001,2119887.0,686598,41081602.0,1294111,14668359,868235,19181273,1276764,170539.0,772335,4221534.0,244639,1552485.0,82774,203751,10001803,1313370,3249009,405058,172202,480556,31712453.0,9359790,560679,631991,32516650.0,15918386,12454253.0,,361594,864704,1549116.0,2064753,207900,6524128,4609219,4215091,12463843,87539860,379597,2505858,6805221,4058681,3896445,10017672,322205,968504,118189,657724,2672452,,5299250,2737976.0,663534,2520559,21331204.0,3954321,4169861,2035811,1647468,1711950,31593894,420907,,928976,2264178,2255424.0,119385,1807585,6484933,944092,8609772,12957587,3804711,1369460,3350112,47139686,267334,2927919.0,569387
2022-08-17,2747921,716779,544649,621210,1164091,1935506,4614988,,1321532,4118786,20688108.0,3958577,,1793896,304686,2699349.0,513434,48669836.0,1329850,12859444,670717,12794690,1843310,320540.0,2650267,1945834.0,123895,1520236.0,151289,224951,2359511,1652236,6061050,302897,250537,539248,33400441.0,12397250,827762,785710,29310948.0,13002272,16973463.0,,310894,1238891,1401358.0,2085081,680309,5469127,5980067,1281572,13151799,79019125,324298,1629823,7783875,4616713,4197806,12335319,314846,2468007,123708,2766896,2896246,,3101012,2417350.0,716819,1770474,37278354.0,5603688,2591098,1388399,1024408,1970248,17541564,258588,,818941,3126576,2994293.0,87652,2856139,6988430,861519,10183315,12996386,5038476,318606,1508057,43785088,368358,4285004.0,368222
2022-08-18,3151292,473492,1001229,512713,1003869,2654213,8320817,,1189939,3616292,25224763.0,2957927,,681108,340711,3236325.0,738994,42248322.0,1587022,7705663,1872575,9667723,1520758,521886.0,1859912,2508952.0,87295,1385405.0,465996,511844,1781899,1383229,1977173,421505,278665,507331,45615168.0,9675891,610407,638031,35741577.0,35124765,9609590.0,,1033789,693484,1749263.0,12038863,243914,5488136,4838661,1302935,14357914,158308286,1950726,1294446,14487724,5720019,4721454,7485407,222030,1058365,91270,1981512,1472758,,3866920,2749185.0,986503,1811013,13854755.0,2102136,1885822,3176947,2256534,1673027,15211830,219502,,1829754,2298045,1709256.0,75160,1753830,6416427,730155,15911945,6911417,3359617,508550,5142835,91495607,412719,5482109.0,469334
2022-08-19,2996991,848207,774047,884406,1542120,5759240,6834291,,1721288,12873415,53335326.0,3480896,,1910933,250883,1604250.0,855113,46023417.0,884992,12920709,1784346,33740165,4916114,181816.0,1856070,2352523.0,204718,3097370.0,133095,349447,2834984,4161494,7119952,334849,399803,785443,34151150.0,11098690,592109,1298466,23232175.0,32406970,21475673.0,,442924,2787270,1753989.0,2348821,232083,15286571,6643592,1696663,10530572,171102566,798193,903610,12860424,5555758,11465636,26327899,496415,1552687,170209,2261017,1675824,,4295531,2813812.0,942146,3112657,28233237.0,5311674,3492963,1295282,4114771,2865594,17288683,281809,,673470,2173663,3174332.0,208098,1765309,7296292,746847,14823739,18527367,3502791,601599,1233275,70549513,338123,4537817.0,1875446
2022-08-22,2215371,734929,568269,630340,1245023,2239276,7869126,,1709107,9254110,36166208.0,2044309,,925097,399416,1158849.0,603693,43508227.0,1069787,16733618,2154100,35870809,3114417,197115.0,2406539,3276330.0,127179,3301362.0,277924,323256,1298543,2172298,6076531,417209,267558,497702,26654520.0,4925808,648551,464615,22330395.0,23996058,23402545.0,,287487,2379263,4394165.0,3618318,240968,11133435,8299239,1093639,12806232,127196550,463929,1376533,6280528,5133517,10552666,10752926,358720,2483779,114189,1672870,1919784,,4736224,1649721.0,1024377,1236810,31905693.0,3868497,3826282,1549052,3750626,1496812,11765513,460716,,574825,3237208,2715976.0,198521,2615805,8280166,1417672,10877448,17654833,2123369,562019,1316051,70357583,434947,3118994.0,680795
2022-08-23,2032468,787289,625615,702207,1996875,2956567,6226255,,1505012,5890171,30777856.0,2883120,,692678,221649,1890507.0,3087398,39377788.0,4838716,19096022,3017674,10636943,2923301,240641.0,746172,4027917.0,133319,2085221.0,284985,249816,2638090,1138820,3385565,388917,451186,462446,74254311.0,7411666,686117,586265,16179670.0,16359493,19399922.0,,381638,6523424,1166180.0,13615917,244299,9285626,8940017,9972067,9799724,123505002,505285,1492649,6504363,3520192,4256365,21790947,346575,2768119,119942,1476391,1666203,,3347390,2483389.0,811203,1040689,20046919.0,17104728,5659598,30933605,2251891,1755138,17854461,931704,,1203662,3002798,2734443.0,92511,2007088,6578533,712885,10100010,12170251,2968462,973112,1435180,63387191,2910120,2648808.0,322536
2022-08-24,1706717,565737,550473,924744,1237289,3327235,5878312,,1462807,4672990,31788791.0,2038423,,1426176,645174,9369777.0,2351491,52844661.0,1354237,18418011,724800,27044196,1949486,173127.0,1252171,3984316.0,180362,1907291.0,170099,317397,838460,1157514,4222575,305948,1337475,436089,25027019.0,8912808,633632,380152,15418392.0,21197546,13367141.0,,563904,990171,844961.0,8489561,193804,11962400,5315006,1308193,10595488,121580935,445507,1023786,6558197,4313432,6037272,11969814,363856,2183272,139686,1254010,1846263,,2630126,2151944.0,881138,1189000,23059116.0,3726798,6340388,1337364,2093788,2257660,22734276,270916,,759067,2581577,1513340.0,118049,2675655,5658304,338657,23955949,11935815,3127716,1001243,991518,49653623,626716,2903099.0,608750
2022-08-25,1530531,966351,511756,748767,1451935,851060,3026160,,1240502,5472968,27147208.0,1296235,,615776,222913,3814428.0,1182472,32948449.0,1141629,9003278,976933,12023719,1721050,112032.0,3632206,2399373.0,76472,2822341.0,205386,182900,1345001,856846,2375906,446411,172550,463923,26169117.0,7077557,827564,398951,7276648.0,10572577,8648233.0,,340160,805374,535047.0,4482300,162499,5407999,5678792,1573915,8528022,109529064,220033,1569366,4146310,1802635,5074453,15885838,453472,1120129,219063,2403216,1322687,,3630529,1245907.0,733474,1299029,13438657.0,3431234,4885427,1671505,1640796,1106781,16967703,222641,,747823,1524011,1370679.0,102821,1880528,5025857,345550,18750292,9996369,4031051,365961,1060465,48811259,495686,2207630.0,706680
2022-08-26,11037363,687556,518365,1104962,1212396,1475805,13492719,,1998604,5285966,30454502.0,6852970,,1087665,1182088,3449434.0,765409,35420028.0,912846,25963680,856929,13479776,9754626,174812.0,1409305,3453074.0,89812,5636490.0,178873,202085,8534821,1837133,3260804,372086,262766,434141,42815143.0,23110983,613981,388218,11112274.0,34962657,11209396.0,,964356,1986222,1943263.0,17190754,167563,4030960,7273429,1289448,13440954,256994629,955519,2070680,6883584,3286624,4141959,10978776,546813,2255599,195903,1954228,1487901,,5893561,3753517.0,1470564,1542443,22534383.0,2841066,7464988,2357399,1483819,7790135,40379689,374961,,1121690,6022335,4483692.0,75095,3855594,5497705,380300,13199502,18419501,2678656,504431,989725,60936672,340099,3925444.0,1055653
2022-08-30,3634228,1154589,847326,640429,1708456,3209045,8382136,,3055491,9462677,49358851.0,2073240,,955047,267308,6412662.0,1130668,63076041.0,1181402,81671245,1264116,73410039,3166333,271424.0,3161707,2688350.0,190403,4418487.0,188956,351641,10003158,2233577,7316883,402967,358945,581911,113995438.0,8291625,1790289,679509,17680093.0,19503771,12843356.0,,2362777,1710629,1359590.0,14810836,331951,20248742,9003000,2184061,11618866,254222677,556715,2362656,14289381,4099427,8492875,23551473,466575,2735340,120869,1544668,2134638,,5825594,3387601.0,1207290,2010779,25551161.0,4684563,5193006,2003282,2166008,2495319,20945943,502724,,984825,2195069,2708773.0,143941,4949734,7314112,382588,14983411,14121985,5076771,895308,1699671,156582405,567072,3025807.0,1210455
2022-08-31,4529168,2331436,1528894,1888361,3480674,2845089,8897455,,4157924,9295445,52657111.0,5590900,,1530335,591065,2767520.0,1637883,124438705.0,5179440,24842711,1744752,31952848,6160870,435202.0,2859581,5923952.0,332094,5941819.0,344784,470107,2665859,1881551,5213195,759012,618751,517469,75308665.0,12841068,1720183,1188811,52132728.0,44929787,13690570.0,,966509,6349437,1722206.0,9871434,838940,13467399,12509896,5663628,22628870,315293103,776265,2185165,17208072,7177027,10451468,42093180,801506,3149912,127331,1514550,7553197,,5872521,8223344.0,2436076,3158993,63097922.0,15471442,12289935,3442623,7033691,4348076,52745247,404271,,2488770,2031220,3225211.0,230743,6225662,13588193,1008651,29846680,25892706,5769699,1185257,3901820,77444597,1106249,10448287.0,893488
2022-09-01,2679817,1023121,1257573,731787,1787747,2606831,6176521,,3336705,9468327,34587713.0,2211761,,1004690,305126,3750442.0,898743,57245909.0,4062007,23890840,890843,23104817,2780700,293674.0,2260914,5239705.0,228376,2802182.0,170670,689809,1714971,1593034,8998867,536496,338586,830413,37245010.0,9909624,599963,718669,20710901.0,19962553,12858386.0,,505039,2351367,1784738.0,3295845,382235,10745999,6361026,1942632,13465493,161709467,464103,946462,8996031,4649265,7188516,24288729,318042,2132878,129719,1552053,2550695,,6105785,2781650.0,1902082,2380483,84867051.0,4890965,6563282,1549476,2475874,3383922,14886879,359802,,1099258,2832563,2905851.0,145939,3919023,9458763,446742,20081578,12002189,3994333,1294026,2097941,78217092,557649,3182898.0,1462446
2022-09-02,1906755,797289,872600,563600,1788339,3361799,6117545,,2609789,5360707,51300909.0,1863385,,901369,441707,1777854.0,1177739,56820686.0,1309462,26151041,350134,33405392,2587310,231633.0,1234002,4930813.0,314957,2749014.0,383056,343075,2020776,1314735,3931922,383998,252588,768817,109971311.0,10249690,924786,486133,19029185.0,21503657,12582043.0,,704692,1422327,1607311.0,6479094,269598,10155513,4537485,1738134,14072458,162211138,696088,1211597,9341664,4409442,5352891,16649228,285907,3025404,109961,1561045,1716556,,3454099,2489300.0,1388589,1791864,57327072.0,3086757,4810762,3110558,7841034,2983419,13297146,348912,,965855,3748424,6928387.0,91032,1847316,8280504,321942,15608722,19161376,3483180,886103,1682628,68129478,938728,3992796.0,695941
2022-09-05,1995268,1354998,823321,741884,2289710,5357164,5303512,,1582601,4347391,26400585.0,1294563,,656787,458089,4369265.0,1339303,54294811.0,1234685,25579366,647612,20416143,2714346,164702.0,1510229,4894778.0,154486,2046068.0,208260,235337,5048711,866693,5684429,406022,288110,1175750,50613498.0,5393345,619986,765087,15777220.0,18525092,14984208.0,,494762,1653707,1214676.0,2346301,185439,16158328,8040635,1076621,11790656,149622550,940294,1697225,20127248,5903384,4361810,22916975,915188,2857362,113453,1234913,2013049,,2114736,1437704.0,773620,1414943,32556896.0,3590114,4254371,2597382,2416862,1775504,10174681,377169,,950996,2103822,7303213.0,66489,3178619,5768008,530698,18111485,11679533,4103031,3309719,1705684,56272178,442978,2509483.0,456417
2022-09-06,2012597,1443857,904236,1053956,1388848,3140827,8262091,,2067257,4068707,37590573.0,1795208,,1267996,304935,5406781.0,626071,52588257.0,1085562,24116752,450581,30901498,2474005,160589.0,672232,3262533.0,162918,2692473.0,285091,287554,1132552,1303270,5281794,437335,172442,566613,49787952.0,5375516,520314,763255,16773709.0,19060401,20553889.0,,653766,1253723,3056340.0,4242533,249050,26195744,15429350,1882739,23047138,255655427,486356,1124074,21229447,3981795,5840789,27770564,606315,4366295,112815,2133931,1428152,,2617026,2430487.0,1134640,2989196,81963049.0,5772916,8594498,5306699,1895236,1661678,14147385,305666,,734256,2195758,3983089.0,126897,2734506,6320391,363628,26470494,20807711,3327123,1209124,1344170,83684103,539973,3632629.0,924171
2022-09-07,3449833,1540804,1635578,1510546,2115022,3062587,11507629,,2970346,10393947,46181307.0,2306922,,3276565,361603,3913751.0,990077,87143450.0,1161097,22002837,815650,58098608,4303624,245245.0,902190,4690929.0,165929,3033476.0,247177,252571,1797856,1795011,7051368,685792,560521,714324,55669479.0,7618982,550711,542791,41837272.0,30639882,13178627.0,,651436,1675217,6347982.0,5550132,252426,23507272,7368275,1498479,29846202,361075744,1153944,1203703,12963459,6768972,6652500,27382312,993417,2211404,241844,2419480,1815724,,5951779,4167525.0,2005597,2174340,19141206.0,3602919,8010018,3298229,1922398,2197130,18633719,334928,,852229,1696245,2577163.0,72684,13889325,9017137,468853,18766914,20748112,3155364,940890,1487738,81761190,408151,2904835.0,671167
2022-09-08,2234777,2776677,985845,1560122,1477165,4003155,5179482,,2120469,7771871,44118012.0,2993728,,3358529,942058,3730868.0,733259,45650262.0,1530498,28344344,577519,16508278,4185141,233815.0,898938,3627294.0,244499,4093202.0,201249,251107,1687364,2096650,4391430,678105,593042,482454,24582177.0,5625040,578834,502452,17341463.0,18174238,13611713.0,,664890,1109332,2897873.0,7284581,304791,8274647,4821917,2662793,14950860,114521842,754332,1280751,7847755,19051407,6093760,33835926,565200,2182857,121597,970582,1652612,,3801893,2991022.0,1498419,1437377,57178428.0,3824969,13396881,2262423,2283412,2686166,15522846,314421,,1135109,1685977,2451495.0,108621,2656861,6416476,506355,16987062,36124091,3404391,719509,1532080,78101176,535842,3162987.0,481430
2022-09-09,3660607,1385750,664061,640787,2774564,2256436,4122412,,1208126,4961844,41608887.0,1862001,,1878524,169675,1820574.0,516672,38650513.0,878561,21309370,515415,20124063,2675127,252101.0,929497,3852145.0,462541,1764677.0,250476,322938,1111903,1469261,3575188,358588,496859,699867,51497221.0,5219765,543405,620056,17682773.0,20565779,14114282.0,,610800,1554869,983037.0,2697057,338132,6009437,5468307,975789,14703284,136190480,602172,1069563,10202562,9468824,4598856,26629502,380184,2075901,133204,1152184,1970338,,5810094,2387279.0,1581355,1493646,22276476.0,5979392,5919289,2527447,2318328,2634901,16834428,313933,,877941,2748978,2935494.0,119006,3622476,8246387,380438,15429180,16346414,4787198,677171,1318916,74969538,323024,2129680.0,595264
2022-09-12,2868142,1415384,628590,888840,2392339,7698727,7185100,,1811824,6029150,49161895.0,3289904,,1377654,690530,5831857.0,687981,38435954.0,1078595,42494338,1185690,22672677,4497525,262671.0,750208,2714009.0,673168,3488019.0,272332,267985,2627518,1861303,4306342,434996,4445788,861339,43470731.0,8083887,675124,822320,19942952.0,31988724,12817369.0,,714678,1567538,3242408.0,3315913,300395,8893093,9970752,1675044,9676017,294550070,508809,828367,8176664,25943958,9203869,19726769,279606,1694545,152274,1592751,2066204,,5031189,4182635.0,1670901,2043490,21115383.0,11669585,7395780,2077252,1918195,2121724,28389401,630677,,826697,1665125,3609569.0,147250,2048172,6504630,299816,20926432,18347421,4934875,962417,1499355,71584566,390016,2891819.0,1006095
2022-09-13,3137584,1432353,816320,1018602,2385578,2950848,10419706,,1572156,5204498,44341919.0,2365931,,3422514,251311,3791719.0,609966,46399900.0,981083,42842581,673929,22531987,2534770,369632.0,1002281,4942828.0,301075,2431817.0,233767,296724,2295611,1428729,9512406,823409,1595556,1653403,33602260.0,5042120,1070780,901496,18160854.0,17040989,18334275.0,,611980,1278732,1470143.0,2703708,346237,7169581,5884601,2223408,17313399,166685872,680104,878583,9521658,11689367,5678849,23595291,620898,6455728,160270,1355439,1968376,,2490507,3212012.0,1762640,2078765,22057890.0,5525398,8031963,2403017,2539911,2325983,14142044,420264,,747401,5107630,2226791.0,113791,2597246,9064767,537276,23272400,13604176,3312069,629276,1591780,62892908,513339,2439511.0,881814
2022-09-14,5318511,1470081,738653,1475356,1617467,2830838,5085446,,2513290,6236050,42259194.0,3258343,,1282343,393548,9236125.0,597322,52690774.0,867667,49150871,2732253,20817868,7284558,556221.0,869857,9066969.0,189354,3708949.0,271771,317183,1684804,1303916,8984265,431874,308086,971611,82486448.0,6249565,836545,1052479,25273167.0,22921832,19548569.0,,539180,1338471,1809725.0,9834392,309704,48958046,6989883,2285669,10229815,276837791,639740,955646,9891573,11054716,8811696,21858913,333894,5054909,131433,1115173,1867127,,4708944,5940010.0,3615472,2175510,39445815.0,3265147,10260782,2295894,1883783,2549907,18298486,732382,,758252,2982593,2100275.0,584472,3338114,7486757,903862,19277022,9574905,3205246,836440,2313314,102002146,409216,3276847.0,675661
2022-09-15,1893221,906784,1016721,856246,959833,2910994,3534078,,2604935,4392714,41696437.0,1664992,,1628774,371180,2956383.0,529693,44965722.0,946463,14345111,827720,16626695,2939724,340308.0,896472,7299955.0,216664,2447419.0,156142,261088,1352622,894835,4608531,1188786,338985,800129,44571033.0,6301467,1116195,1200304,13008178.0,21711834,16467571.0,,666770,880196,938247.0,1687534,231084,8333820,7674905,1586444,6277704,298191736,507349,750912,10162313,11236235,9784525,21248363,255489,3481858,134597,1644579,1635918,,1844584,2772418.0,2039587,1602077,36468556.0,3542888,7434579,3936847,2589401,2083224,13849101,403592,,1072605,2500880,1684423.0,83151,2984551,8335273,690534,22111036,19131539,2527241,1043683,2119263,113754938,343609,2153223.0,747875
2022-09-16,8548229,2460014,10278064,2714850,3261345,10800773,12861630,,10442349,8148971,127232166.0,7444391,,2583981,563405,7715604.0,1346526,192087202.0,1833033,34938846,932646,54899607,6202768,745536.0,4772943,46755510.0,1101929,6691871.0,404399,2033037,2187990,2355396,11294281,12934878,1322910,1611270,108678278.0,14131454,4813736,3240479,40790661.0,53237791,20462004.0,,1451845,3519396,3402661.0,44314705,619004,18743153,20487422,8205917,22755961,539075195,2576114,4113394,28681923,29247166,29587518,33494033,741767,5220346,229714,9166282,11657598,,5505543,9442141.0,11646757,8944088,41252838.0,5000834,18196681,12240199,4337185,7422366,78571648,1481758,,2631545,3589718,4825216.0,304574,5861293,13884293,1186944,44996454,31229012,7237891,4614761,4952420,395580087,866604,5832227.0,1503410
2022-09-20,1866124,1710812,1136298,2160485,1955442,2133925,7391393,,1442120,5495796,41957108.0,1892763,,858506,534501,3074154.0,977167,50205810.0,955155,15091965,1271868,38397508,4451098,329176.0,5212199,5075640.0,336282,2898925.0,189346,286164,2522793,1003168,5077135,1559034,556212,768730,49565011.0,10549192,880864,1765919,30631397.0,31180004,10878684.0,,1088501,1214832,1476652.0,2878886,321139,12504176,23593216,1878705,22978883,465744186,660660,1402511,8721924,25656364,6438609,26164722,525510,4062531,127219,3082931,2141284,,3287453,2555024.0,2336186,4249570,23451695.0,3603906,9839391,2800897,1928106,2928442,21934237,480096,,993797,1560752,2641947.0,114506,2453146,10355314,582459,24347698,16953337,6017328,1739057,2019687,104172054,462323,4008323.0,909105
2022-09-21,1973004,1617013,646445,469617,1462647,5086554,4951015,,2145979,11853200,59874890.0,2258318,,2173341,466906,4091035.0,926839,47779470.0,910611,16624196,548651,146995016,2315454,458675.0,2487687,4136154.0,343949,2189107.0,177628,297774,3297810,3175141,4973259,948945,595601,1177478,102156077.0,17315235,836101,1181653,23555338.0,60407934,23087766.0,,854621,2335855,1079449.0,8517826,464592,11853804,14151279,2564721,10662389,373021503,1151781,2861480,6389715,11629141,10296541,66967465,203091,4338898,185626,2173715,1898069,,4939716,4791133.0,1515392,2926218,18404871.0,6201993,7613136,2330865,2404737,6942138,20653671,359439,,1778100,1654908,3444084.0,688640,6644168,8482315,469377,31007842,12990920,5908161,1201946,957769,249139048,318213,2917125.0,3271704
2022-09-22,2587180,1322283,1079334,1018612,858040,2534445,8732764,,1561591,7242841,65411705.0,3565432,,1553121,602926,5192928.0,557338,44199242.0,1014820,11638197,715124,18446570,2916519,357421.0,811170,3443230.0,370333,2270334.0,226409,316942,3736984,2079480,4710497,1387100,625325,1101220,49541866.0,28729322,1412386,2765865,14471975.0,23443275,15436014.0,,936569,1700800,4459921.0,14387152,363471,31156276,12785331,3066934,9575553,233704494,911875,1130610,6477263,33949708,7333189,37093483,726031,2877630,224001,1149354,1653154,,3421865,2838944.0,1183850,4202134,29995767.0,6277656,5078284,2431441,1704242,2796939,13684030,1602099,,1763985,1950458,5444453.0,138273,5626853,12205331,431205,17155307,10481728,5786175,560232,1389150,120555593,384853,3123487.0,1628391
2022-09-23,3895994,1205900,726009,837851,2000878,2526299,6906909,,2219872,9656305,51682595.0,2889299,,1153715,452394,4036723.0,1688006,105384380.0,3477671,17297411,744111,33949478,3057365,393300.0,1130581,3849166.0,246224,3058351.0,366178,557397,1866954,1806638,7665600,2034594,540457,1456489,60265525.0,8863889,976891,1724285,21806112.0,35204699,25595910.0,,906629,2305030,4221031.0,5980820,332273,15367140,19000399,3670918,15355000,214101887,635940,1559845,8059886,12231110,9435283,51082221,545249,3480257,314510,2731833,3316143,,3154075,4394679.0,1871426,5894248,58175663.0,7126290,7134354,2155579,1991434,6318664,22627001,578535,,2672127,2545983,2944619.0,150726,2712287,11021379,556297,22232183,13259049,4230926,1409208,1893875,105623844,983803,2123751.0,765742
2022-09-26,3451826,1856345,2166648,744660,1448816,3920026,7203963,,4845197,8336558,52779101.0,3132632,,2175946,625487,7737404.0,2295921,51536820.0,1463764,22784807,993938,16207320,4043563,394993.0,1365278,4678970.0,153642,3341891.0,359247,379856,1826247,1638948,8931292,855064,484358,758999,59164424.0,9465629,1425318,785179,34480771.0,32819024,15951091.0,,861095,2075083,2549336.0,4010393,369125,18400788,13977398,3295853,18727882,521330757,627075,961969,14627400,10546513,10989044,47893688,566599,2919271,218216,2570332,2732239,,4274335,4065081.0,1818531,4606868,48993701.0,7554571,5263432,1995927,3226318,3731097,22555444,610586,,1694547,2899787,2390493.0,222720,3632336,9290487,713318,27210969,22652676,6414725,1102328,2175046,122626813,830306,3102845.0,695398
2022-09-27,4069218,1842040,1836397,1001389,2048998,5202703,9052247,,2973886,10114385,55358565.0,3343019,,1778903,796349,4970083.0,1118686,79653935.0,1738232,18461609,1034235,39151806,4390380,373175.0,974321,8427541.0,300375,6220279.0,190668,466922,2727375,2230176,6625787,939653,660412,642389,58080225.0,26177235,1401653,892981,20703519.0,43346266,20762259.0,,1006510,1975095,3203534.0,4874207,577464,21319988,12795430,3416856,23469349,414152355,789364,2078400,18308057,9574052,12325711,26622281,743763,2855918,252006,2804300,2175098,,6255179,2495147.0,2201681,7157117,37680831.0,6926850,7416752,2245635,4990683,10174247,22128397,772931,,925849,2595073,3322068.0,191177,6907758,9096141,1237736,31334076,30163667,5807413,1512337,4212694,95417607,639201,2854394.0,1658656
2022-09-28,3425178,1741173,2937370,1041842,1961215,6179891,27303615,,3037383,14498236,84832724.0,3320007,,2148717,1026223,5188724.0,891660,56269353.0,4946926,37135415,728498,35123803,5913592,503016.0,1540793,8870417.0,245740,4026281.0,762523,457076,2677109,1782666,11110970,1059359,690027,2887201,33439969.0,8451750,3134921,1520072,21573224.0,40585129,30286521.0,,963360,2366379,2352162.0,3853897,576798,18725861,14285866,6756212,54165080,644489235,657600,1840197,24393991,13786165,18988591,34309696,640773,6956270,279278,4418630,2661025,,4364828,3160543.0,2616559,7457058,67051802.0,6683034,15431016,3254761,2576642,7803961,14687171,558347,,1196509,4896147,5732722.0,215262,7637852,17499440,1420888,36976566,29842459,10603777,2460895,9851896,108745608,808950,3272227.0,1327453
2022-09-29,3574848,1860578,1034937,1880136,2140227,6709269,14909516,,2232990,12290564,68587663.0,3007879,,1574450,785876,4821317.0,943594,87126356.0,2436049,27974786,449153,34408860,6199065,651437.0,1602122,15240029.0,278061,3708793.0,313332,289239,2521447,3796812,9219889,851571,725317,1237119,35823845.0,14798205,1529164,1233976,19230560.0,33273984,24682542.0,,1222020,4096325,1894701.0,3497610,351551,13326492,12060040,2935545,35490994,432440428,1048800,1571960,25961193,16199480,14427990,25805117,1792609,4765177,257058,2697371,2180448,,4306298,4199328.0,1737099,11415771,39354655.0,7965184,9725346,3564582,2492547,4741464,17127418,658255,,1301526,3057947,5358953.0,179670,4413990,12089244,1558174,33341399,27852418,10690233,1527289,3365747,99746684,647647,4371110.0,1123497
2022-09-30,3866543,1398250,1338513,902012,1506937,4263568,11939594,,2621284,13085087,75103787.0,4063776,,3581140,463905,5578934.0,894603,40927178.0,2889293,29569838,694019,25189138,3664876,475828.0,1246272,6642720.0,366822,5204922.0,333209,652722,1851519,2846127,6184099,1469351,691682,2328906,38047896.0,11903136,1126677,909478,19741830.0,35679383,21375687.0,,727062,2621899,3650824.0,4226094,443423,9881560,10350362,3703117,25517474,370821211,703665,1942999,23044536,19927834,15532799,31348513,1239552,4734997,232905,2440529,2332933,,3744385,3458069.0,2393784,6674161,45994337.0,9143888,9981817,3743071,3095121,10266294,16698217,587393,,2922249,4703156,5323944.0,149051,4972739,14744670,1025522,33303001,22175773,6121935,3107815,2926928,95922261,1135323,5359568.0,1174841
2022-10-03,2128827,1269993,1231915,665313,4543139,3101384,12716988,,1970236,6142312,52847044.0,2751842,,1323234,667587,6454595.0,700534,47579414.0,1764957,39076734,1000339,17767824,2606713,537865.0,931012,5338500.0,271896,5183690.0,224019,662232,1780569,1565053,5843074,495271,421164,1263315,65641354.0,7155564,955173,1096208,18959527.0,22714763,24509282.0,,719247,1368857,1555787.0,3513988,322132,10439242,6458935,1841986,33417673,453429229,526075,1198004,12667404,4775784,8435761,24250825,701459,3227827,198007,2084936,2273050,,4852340,2222263.0,1453362,5029162,33872252.0,5914241,7822617,2761266,1928631,3928390,15578724,357405,,871344,3493382,3306010.0,110027,2815249,9560726,1124543,25763676,16035168,3960057,1092757,2178983,193644803,1135141,7271490.0,944862
2022-10-04,5426099,2403698,951169,759203,2490602,4026417,7827348,,3045275,13234124,43680699.0,3106614,,3837383,1058461,10227302.0,622271,78836406.0,1572066,16600206,581693,58526710,4402869,343954.0,1435620,7634914.0,287319,4016065.0,251510,520693,2086045,1175471,3654731,521936,1012035,1451128,74891350.0,8558465,2591764,1102459,19704361.0,50766235,24683148.0,,716114,1930863,2379278.0,6064358,417236,11564204,6380643,1721044,32314478,280583748,666728,1514844,14962171,6986966,8369590,21533228,669353,3369981,249570,3491544,2701678,,4639362,2118812.0,2045211,5473293,39848712.0,13104205,12966195,3117185,6100044,4406786,17764788,924042,,1758858,2153980,7826339.0,222660,3711404,15078226,1022536,27066125,20889563,6116558,3555136,2084085,113286707,416089,3328581.0,1733070
2022-10-05,2737914,1692171,715678,1030544,1357419,4269161,8040127,,1860537,9362263,36822485.0,3378404,,1019945,315423,4061717.0,678024,91652551.0,1081434,15401762,722419,24018372,5857230,480995.0,1039484,4106761.0,242602,3023010.0,208053,590563,1943495,1280585,5309126,378694,433196,854157,55525153.0,7340457,773304,711852,16044492.0,41395079,13866512.0,,735585,1773612,1750052.0,2213753,381406,7611874,6462103,2582642,19279733,173548316,992626,1269770,27597868,5912921,8737311,17266415,853937,3260571,197943,1608214,1573349,,3091294,2248784.0,1156523,2596826,21912231.0,10624003,10469097,1490268,1486942,4383013,30943323,588674,,853825,3050182,3253648.0,106171,2951507,10132192,816064,37300768,20197957,5530481,759338,1787328,111620698,306668,3638875.0,1583001
2022-10-06,2637501,922938,600196,1211938,1964696,3111053,4800242,,1798787,7193643,37789764.0,4572336,,1703888,602504,2947051.0,1255493,76525774.0,1160524,14617176,541597,23116467,6305886,405820.0,1064015,12409364.0,148700,2623940.0,290806,280264,2325395,3240519,4245490,1098655,274849,466527,42097284.0,10248574,791149,512709,20292530.0,41892928,10870644.0,,831072,2580582,2634222.0,11020423,325273,6410139,9768008,2204836,21185402,152321129,700393,882348,10482987,5196740,5689874,12959488,429205,2417576,164247,1260265,4144342,,2813816,2218087.0,1777898,2403974,24574838.0,88088537,7148442,2715232,1935900,11366077,19805108,400660,,1678227,2493603,2315944.0,227877,3379413,11108690,690545,36316971,11697638,2566069,1087207,1514620,237222884,608360,2163914.0,929438
2022-10-07,2298078,1195115,659868,1316750,639553,2725312,4197046,,2461182,6534327,32681532.0,2045749,,1378979,404602,12753251.0,537950,63452909.0,864053,19528775,474288,27167790,3536970,425480.0,761178,2724983.0,132692,2910864.0,190266,217757,1513144,1740466,3304033,307676,390218,625554,38039948.0,10228700,904516,1237488,35024789.0,18751759,20642323.0,,669938,2040908,2497916.0,3061755,420355,8296850,12285553,1567587,9857796,244851276,459594,1332729,19188819,3450907,6448144,18330893,678700,3845397,144101,1336655,4118967,,3920589,1468402.0,951649,5336264,25910572.0,9145214,6700836,2219645,2578156,8744086,21076604,350370,,709463,1898587,2489492.0,210875,3681193,6736503,1497204,23877625,29926715,3208320,1582709,1208663,51141052,631810,3394926.0,1590644
2022-10-10,4034346,1413400,1015132,728158,839115,5149693,7719145,,1802691,5337664,27915059.0,2735203,,633646,333918,3116878.0,463868,37919486.0,1275311,10914652,870265,28581876,2254427,310011.0,885301,2751711.0,171239,2317612.0,129224,176368,1108276,1403356,4670228,1223575,2482543,432934,30537715.0,6133284,628608,590275,60118603.0,25125380,16471574.0,,1003165,1725690,3572684.0,2517128,231395,7698329,5327026,2957153,14729220,388395654,330151,1503003,21027877,4923158,5810038,13383098,376015,2058923,149935,1225674,1557729,,2254956,1925542.0,1252897,4195568,29299659.0,16434306,6020424,2568438,2197896,3158461,15530139,813885,,1263356,2113499,1506289.0,315644,4566542,3500745,876997,23757141,18816864,3410695,1569755,1880084,58247254,308624,1182333.0,456775
2022-10-11,2070922,1079752,469786,1071143,970713,4411679,8120418,,2834609,5955681,52106881.0,3512747,,926181,248018,4543854.0,482586,39754065.0,2014157,10710919,2463765,25133367,4162091,611890.0,1011346,10583562.0,476736,2496244.0,190511,609319,1698984,1449648,4284249,391724,434168,633780,46437972.0,8951697,783476,890055,31546250.0,22331842,20975825.0,,779400,2372803,3521611.0,4974832,238966,10925314,8415598,1992342,25903909,145955871,619928,1740118,10768777,7929449,10773645,25727029,798437,3227164,244135,1891357,2256270,,5325118,3937356.0,1432510,4975879,19504878.0,79917945,6945646,2194208,1817854,3321070,18042707,673468,,706721,4116430,3165403.0,181284,3091914,8398359,703480,34098870,30078381,3466285,999225,1451980,75854875,448571,2063556.0,773213
2022-10-12,2658401,1125915,698676,663560,1578916,2348246,12004926,,1949347,6636914,65690001.0,2712595,,2038484,850806,4720183.0,1199170,37645792.0,1447802,33951557,787804,35878202,3538522,419195.0,1015339,5462351.0,162115,3349682.0,252608,396080,2317579,1196961,5664227,552533,642417,616733,29126419.0,5872896,577369,915376,15176877.0,28862427,14028124.0,,490438,2058067,3644143.0,3360933,316456,32364232,12928640,3124306,28495316,331850142,423783,1112726,13500983,6584047,9002597,28528968,1021803,3164253,217446,3343043,2838367,,4086191,2914786.0,1556880,2482875,29096937.0,33851897,8877412,3492395,2873697,3699375,13943711,382852,,1568641,2029212,3351207.0,137161,4666873,6833685,1057839,37276332,30099203,3749139,1471045,3067999,78090771,902615,2335705.0,934992
2022-10-13,2443871,1736041,429134,520830,2360965,2669418,13299560,,1708306,8205553,65181658.0,2309882,,3829560,869040,10343175.0,837127,35183819.0,964185,28816236,790686,27823535,3306009,520854.0,934269,6645509.0,197290,4742974.0,235206,727220,3219972,1397663,7013254,505033,685403,2311977,82208069.0,12184401,739068,1488676,21031548.0,30719721,51398650.0,,775721,2280233,3358740.0,8459252,358865,15173853,15411436,2850860,25854264,295253645,625011,1960441,13639548,5015019,9951340,46321919,1082718,8221439,341343,2431531,2666644,,3412007,2688183.0,1699295,8488900,30441954.0,21373319,7396448,3292375,2181795,4589923,21598452,689919,,1155370,2864225,2496045.0,212172,3298386,5252470,1611266,24014980,23082015,4216578,3239577,2102885,116438549,507829,2986602.0,845440
2022-10-14,2365264,1650239,350667,526195,1084571,2747993,11808274,,2036947,10402636,51791492.0,2347241,,2477701,477328,4842837.0,798727,51560919.0,1685179,15778571,2413068,36812673,2804563,412379.0,883987,5816516.0,208525,2190665.0,375530,353489,2031986,2024802,7543737,1188158,488959,968843,34705403.0,6838801,631238,822470,18393526.0,41288892,25617755.0,,941758,2079747,2526159.0,3475153,456766,24576055,10783196,3358361,20897151,237548984,492402,2129158,17110324,4661299,18754203,32150781,1199016,8927108,467199,1565538,3273483,,5708558,2750262.0,1897604,5086757,32096074.0,14263321,6952466,1976909,2661143,4603155,23297522,680276,,1166405,2576653,4318780.0,155961,4641067,5954230,1329192,27380612,18771963,5137600,1703691,3110909,64794015,637424,3314431.0,945267
2022-10-17,1912267,1146830,365110,552691,1433158,3401358,6261821,,2392468,8916712,30616486.0,1574574,,1870935,1060765,7118337.0,824561,54483696.0,1519613,12819754,475674,106696342,4012432,597694.0,905194,4714282.0,272598,2155611.0,179474,631466,1034865,1827374,6044481,951095,259140,608213,45458272.0,5930675,561063,2304310,43576440.0,35260400,26608576.0,,623238,1236554,2028872.0,2415453,293129,35778688,8592371,2488121,24717441,298575085,784167,1044012,13516715,4291151,11626421,21739586,678137,3301621,284476,1935771,3259545,,3577853,4305661.0,2136729,4103408,21642439.0,15855941,7960592,2878254,2190907,3874845,21569202,574293,,589478,1502281,2454158.0,147502,4623135,3367608,1168155,24254964,19641980,7012072,1762965,2852153,67468297,391552,4170489.0,801854
2022-10-18,2133204,3520810,480522,513563,1934188,1632833,4014594,,1015462,6384053,30635600.0,2046836,,1340694,341512,16187290.0,631320,34616457.0,6396838,15011198,572473,26304685,2988647,447032.0,5095744,5262098.0,107377,1732821.0,232150,210093,1346011,874670,7907315,900855,839497,5481711,27403874.0,4731037,592662,1216368,12888055.0,25040138,22322154.0,,390404,1507635,2604844.0,18109673,266421,8619752,25074296,4289409,22895720,266762423,1537208,2265043,15898958,4055208,5626864,21745870,905634,5736141,278224,1701058,3411604,,3185955,2022084.0,1000647,7015220,83013326.0,17388244,33861910,1587813,2782712,3218520,21030606,1919643,,608782,1820208,6835669.0,107308,3469284,3250976,1133347,20613765,17282474,3353154,1441717,4820315,57995391,507846,7069361.0,849801
2022-10-19,2469012,738984,349876,545865,1533697,2462158,4894511,,1150057,5247603,28614081.0,1453274,,1319103,237903,3074949.0,1300844,32242924.0,1016253,14851519,941133,13123631,2020428,427812.0,772704,3480559.0,167312,3044478.0,136959,314160,942913,817821,6423295,917687,390877,1393800,33987140.0,7700431,719070,1575010,17543237.0,24410156,23114145.0,,738852,988378,2222379.0,2376611,276915,13786344,8942869,1574054,11421820,264598142,318381,1153068,15037308,5261017,4888188,21079830,1353551,2657784,149725,1487031,3138726,,3939255,1925303.0,1003402,2056300,23620912.0,29650671,4488652,3005881,1932334,3174170,19270617,440947,,823704,3286233,1606643.0,111584,2284939,3454805,670194,10079511,13288187,2831157,638836,2880174,75464627,318371,4142853.0,993124
2022-10-20,3327589,939115,693501,697932,1835935,3171236,5849816,,2590812,4766440,69905432.0,2054982,,1130435,449406,4032276.0,1658462,38979430.0,1828733,19228742,628414,15406857,2725910,355494.0,2147238,3532601.0,108147,3631839.0,189878,261240,10278322,1152495,5119197,342088,313950,1423822,69690170.0,7468865,550795,1545957,30131268.0,26091880,19589211.0,,554316,2910284,2536598.0,3465238,232766,5898401,8392902,2962942,13943119,330100240,553971,663241,10110476,2689359,6963182,18778585,879047,2462515,196360,995806,3031253,,6156646,3211801.0,931695,3803783,18380472.0,37682656,4613526,2629624,2433835,3948146,25929738,249168,,948185,1621271,1570634.0,101159,1936200,2995814,1145180,25061356,12335808,6019380,720448,1632071,82235225,2810101,5941325.0,976165
2022-10-21,2937817,996400,624286,1092325,1684618,5085596,5420733,,1522417,6320342,25886257.0,2411579,,1030095,284405,3362857.0,1095360,36037227.0,1104776,18801333,1996935,28375207,3524226,280085.0,2859499,3161117.0,135940,2414749.0,130349,337909,1644420,1565552,3241619,376263,570636,872977,41681115.0,4930672,741868,6676860,12449978.0,21917926,16093982.0,,753892,1397652,2270547.0,2215423,277537,15039197,7590392,2018351,12638857,186908554,616734,1012153,10976131,3799036,4634867,14686580,622537,3343413,201869,916327,2724923,,3660629,3664883.0,1062755,3834763,22192578.0,9730431,4998654,1809233,3333086,3519181,10811624,375097,,728991,2035352,2809912.0,158415,3689696,5729599,4855640,15487858,8431991,3234953,1001905,11582789,72728877,604759,2899658.0,1102924
2022-10-24,3529858,1014926,508878,514034,1498784,3437343,6548112,,987863,5142546,30167127.0,2052979,,771348,517943,2625881.0,1640930,40237177.0,2190058,10840633,538485,20523661,1680060,650332.0,830809,2752266.0,98854,2005237.0,115264,278327,1108430,1507909,4337688,524103,377781,839541,37084033.0,5367027,697029,616086,10664855.0,25541061,17411678.0,,661891,1125921,2150094.0,1883958,272077,14608733,5845967,2394375,22504465,158492206,542671,956127,11970052,5787911,8476730,19356068,748166,3399982,216869,1421690,4346380,,2567926,3013589.0,732082,2720013,24265301.0,15934463,4657808,1407167,1034984,5878919,22589948,623430,,764930,2404573,1974791.0,89958,2619570,7481179,774971,13358071,12183068,4005958,887755,1520688,71063894,3729780,3992069.0,1556730
2022-10-25,2580633,893801,580120,880468,1416975,4650967,3288966,,1194303,4917226,24812022.0,1771248,,3298141,466105,2593948.0,705066,33789726.0,1281992,11031163,2356772,40652367,3676737,365137.0,849074,8903487.0,129294,1866698.0,226541,175203,1121809,1929146,8623655,999829,327394,592214,42062316.0,4571777,461114,799149,18923366.0,51977901,20178868.0,,686045,1217784,2107515.0,2611004,260181,12534256,5696756,2867817,12524312,114760954,367882,1191044,15994539,5138046,11914989,13557871,432293,2117300,243346,1608975,2501738,,3870106,2278582.0,950598,2279721,19458112.0,10802120,5974831,1776357,2262743,6702579,9019155,345183,,807835,1615070,1447252.0,106531,4178270,6423675,634852,18374358,20168690,3041522,872191,1388745,62951718,525436,4185318.0,1623418
2022-10-26,3246754,802891,930697,676447,2215028,2893816,4214219,,3656171,11897395,63447450.0,2536020,,2288369,357879,2593017.0,456531,60655005.0,672658,56996670,1581037,28941870,9538680,483530.0,994214,2769748.0,266188,4547373.0,134082,168650,2657446,2135124,7083607,914038,394516,1215025,75199385.0,24922776,900514,614216,31763076.0,80604898,16099339.0,,1075193,1488280,2890174.0,11094342,276971,13727747,8113865,6050206,23148537,444133025,1193975,1186890,11366664,18737300,20583273,53221912,938118,2778700,233349,1367933,2767203,,5940598,2916939.0,4185872,5709693,23578158.0,11077859,3800195,1258608,1725090,3982600,27377459,395703,,1660109,3808559,3087435.0,250626,2831316,13824789,404209,14668778,48299875,6577913,1872196,1075207,86516860,574423,7516904.0,2740090
2022-10-27,3258994,1205033,484759,666077,1877304,2994757,9107004,,1891142,4115867,24538170.0,1792777,,1074406,239176,3051016.0,1424671,75447056.0,743463,8678984,844293,101585621,1820233,477176.0,940646,5070123.0,159399,3234874.0,302711,194360,1297472,918142,11643028,259811,282068,587378,48621715.0,6179317,530195,1228020,15043608.0,20824542,23314572.0,,767383,3514335,2533685.0,2029344,387227,7668986,4219278,1842409,13125747,276735104,638179,890950,17628020,11664573,5148321,29586972,364290,2631821,241512,1364159,2046840,,3913207,8381969.0,2478005,2947721,22582582.0,6780744,8103791,1160441,1276991,2780511,49820659,474666,,1253324,1374811,1860113.0,114746,1897468,6816661,564812,12229574,17377640,4255339,1037779,1365425,67282096,465348,2751810.0,1677651
2022-10-28,2895699,998138,302963,639012,1362004,2080588,3081455,,1111337,6900090,22647996.0,1388545,,1544875,220493,2129161.0,466433,29398808.0,1428947,14119747,681937,27662963,1737986,384231.0,1167830,1716239.0,155122,1735892.0,104209,226819,754213,724433,4854310,786916,442596,683914,85942123.0,5077937,435780,747889,26342835.0,19656016,18629380.0,,1152827,986304,3486600.0,2968780,253532,6968844,5095391,1399651,10680199,180666966,382855,1122181,10537170,7971356,5088243,46825560,479158,1853457,251052,1189907,1997121,,2427564,4434589.0,1427772,1701251,24188150.0,8586994,6010657,1633590,1000442,2698502,30611548,516039,,550473,2105762,1681162.0,108953,2521635,5540783,789000,12673141,17571332,3254105,693305,1611475,51196217,319301,3360943.0,480475
2022-10-31,3319430,2048690,402073,2649818,1327689,3891265,3205040,,1745228,10777981,24632742.0,2160717,,1931850,225555,3868678.0,1177265,39528766.0,1658270,38209624,1028059,33827988,3410557,395880.0,971594,2475989.0,192535,2432435.0,92847,192349,7576470,4322714,5893078,406702,475999,1005316,51802156.0,11485136,588383,655290,19101149.0,29847740,20116708.0,,1283886,1320196,9457951.0,17334935,299540,22153735,6367400,2164014,17587110,167719157,388008,1800410,12965769,20824308,18649470,30126501,787368,1800230,224828,1916151,1674850,,5211136,5599559.0,1450580,2655162,38761593.0,27962893,7368110,1930421,2548470,4879228,33217314,518606,,4057990,1751725,3629364.0,114973,4326407,5908948,633598,26842636,14751700,6779269,3440123,1311304,57480023,471027,2880593.0,832849
2022-11-01,3061969,900918,423106,864280,2148439,2768296,7648472,,1360768,5507238,28844091.0,3251957,,1304334,251230,3502308.0,826883,42001921.0,1071104,13974422,510109,17235779,2070591,535307.0,642333,2961590.0,199245,2187145.0,170475,235242,1430101,1616362,3693845,499971,345339,923546,40643813.0,9395551,1282707,593816,16918045.0,34411390,24889949.0,,585700,1979710,2025176.0,3344871,256168,20686642,7443129,1658531,14737487,390847972,390806,1027849,7609207,5360743,5386558,49742540,880611,8206331,179700,895657,1825302,,3570656,7337153.0,822707,3291594,49877453.0,19082025,11298462,4465411,1890312,3592109,28203710,630623,,988969,1738250,2747552.0,98948,1123817,10276550,441245,14891930,15403958,5859327,681546,1057665,49241793,1330403,3739118.0,660116
2022-11-02,10824620,1729250,941889,899178,4067682,3269013,4365139,,1219515,4702898,19608289.0,3938548,,1743075,304959,5723517.0,537867,38110483.0,1214669,23768756,657252,25519252,2897761,827056.0,1048076,3229175.0,136569,2698411.0,272312,323714,1793452,1295957,3459172,1013323,266130,712501,30715147.0,15917637,559877,704555,21514109.0,15752022,16557675.0,,655140,1077826,3538491.0,4258992,280831,34996735,9426549,1493256,8774811,134009654,435334,999030,10650384,6603355,6080445,14962998,613861,5214079,163139,901234,1884031,,7217270,4500947.0,1016594,2199806,40179066.0,5764802,14591479,1784832,2822399,3449555,15674188,1009797,,635839,1808025,2982302.0,260116,7241101,6360326,882963,15440992,15456922,4137686,1163977,1904254,57111455,1318737,4238548.0,333620
2022-11-03,2282381,930525,706771,1467326,1322448,1428220,3016319,,1993536,5546428,23393870.0,1734190,,1836794,380953,5673056.0,544151,42181307.0,1733410,48632853,657581,15761004,2681883,628363.0,970944,2540405.0,172649,2141607.0,126929,437945,2680777,3102335,1830921,810885,620948,762859,24873898.0,7788579,1102432,3440176,20928172.0,18286802,15502638.0,,821496,6647711,2120398.0,4881946,310586,11095854,8841507,2437438,28215824,163806074,280491,997531,5172818,3982640,7326131,16891978,923136,3183110,236945,1462507,8639212,,3562083,1867028.0,738323,7354108,39633812.0,11009272,14603225,1289554,2058482,2846685,11069027,576548,,1081059,2793918,3280549.0,164928,8215947,6329180,536980,34303160,15732019,3925291,650717,1245078,54591395,1118637,4055609.0,627525
2022-11-04,8118368,920579,620415,691750,2679140,1985662,4933077,,1475146,5697732,34319023.0,2059369,,3172740,276572,4318955.0,544166,46266880.0,2532196,36873168,1058575,59757501,10275915,476856.0,995963,11190913.0,202018,2974795.0,181583,516122,1254509,1217119,2715159,396713,407095,4041076,73063287.0,10047402,633722,1512276,18648334.0,46287338,17027274.0,,1083964,2157005,1909521.0,6037202,291124,25126115,6112719,1426450,11791864,172539079,367999,919293,13394658,17955453,5706510,28434972,574373,2302752,257506,1583980,2337700,,3518008,4361667.0,2391051,2547451,56656910.0,4829318,7554705,1168229,1911747,4411918,13249089,337760,,898628,2365751,1730001.0,218819,3321411,6312361,840811,13500112,9393078,3561252,1328529,1623566,136603062,1006584,5470677.0,569993
2022-11-07,3103278,2403237,440930,1322786,2069959,2727180,4915339,,1604095,6040315,23685124.0,1379249,,4241260,157858,8432056.0,654031,34010048.0,1915151,23184482,907944,67797659,1812164,319157.0,695190,3844892.0,641964,1942574.0,143727,239475,2038049,883605,6238405,355942,1963625,718681,41590956.0,19131740,1428072,689407,9304872.0,27647071,22025519.0,,933328,1220733,1694265.0,2703672,482128,22592133,5486504,1171772,9975514,208317356,689491,762821,5476452,3597268,5358206,10921840,461511,2965369,276709,1255420,3984559,,2895488,4189607.0,638811,2980720,33193308.0,10623200,9873480,934492,1763411,2996659,16388492,622238,,945839,1757586,2070224.0,106459,1410207,6314658,786797,20387095,9107299,5674223,618929,2172114,48269271,2102666,2654605.0,591596
2022-11-08,3560475,1708138,912403,1361383,1219549,4797079,11156590,,1684219,4251021,56097569.0,1393716,,1665789,292170,5016064.0,375404,52833847.0,2297640,56795855,2850043,43179593,6029645,242325.0,1543865,3748784.0,984306,4929860.0,160746,300121,6276772,2798602,3973291,832081,1015215,1128795,96483157.0,6522487,583231,507622,17549203.0,12175981,13003702.0,,329071,1726641,1187540.0,3990195,331008,35664632,5543851,1101187,18769947,267421913,616093,1494647,5449964,4355785,13653011,14085907,286103,2533123,202342,3047077,1894562,,3469265,2939547.0,1314482,1734396,25569962.0,6984965,8581914,4453226,3721714,1917916,41463115,268296,,1628201,1520793,2553861.0,137362,9805147,5532525,687403,66963847,22548199,4112713,723806,1724078,76362587,630361,3388538.0,298686
2022-11-09,3562038,1424919,756924,793035,1254837,3110329,6611849,,1673019,4554830,21699444.0,1659795,,1814442,283186,5677927.0,477074,62100075.0,1107284,16621986,659754,14005914,1716780,392220.0,1514708,5119260.0,421765,2390478.0,150121,201390,740359,1309837,7367876,738550,782812,1039082,35886819.0,7420515,471450,389070,18339504.0,10679605,17603734.0,,474667,1163752,1376138.0,3733440,384116,6014973,4760622,1256413,12481855,103256571,581520,1034282,6823619,3765899,4170817,8692575,367851,3029866,205799,1467012,1512480,,2109010,2479088.0,1315735,2343849,22483065.0,6418340,9701609,2085317,3098573,1620290,11171252,416837,,1523257,2057010,1519654.0,62374,1729889,3645458,567510,13001257,17117598,2981620,679135,2298604,71897022,510192,3403096.0,641537
2022-11-10,3153220,1344151,1105234,1071642,1867584,5891580,7066898,,2832678,7907192,59021509.0,4026398,,2228835,460289,9494652.0,840617,78155123.0,1483076,25495104,688555,40940763,2735528,524822.0,1626655,8851828.0,514943,2822017.0,223619,570280,1385250,1976501,7444116,1106789,530677,1453103,40894809.0,7911066,628483,586094,42887139.0,20113839,46138349.0,,1127420,5150658,3326731.0,8617266,475411,14170302,7639567,2166714,18268634,145619544,534333,1959880,6006705,6131545,6415183,12066800,537123,3539477,460509,2026830,1835855,,5133831,2130360.0,1632261,4570745,40197644.0,13587443,9597114,4808589,2016374,10741219,15708580,656049,,1393117,2667598,1885975.0,120385,3818136,5289275,740812,20535543,29659998,5315302,828189,1415454,64671715,1379461,4659058.0,1270059
2022-11-11,5266960,1330731,2310583,1887682,2510695,2403254,6958441,,2913259,18002159,53765652.0,4678914,,3215386,221447,36267553.0,944043,41500170.0,1517031,25017345,3896159,20170404,4657824,481138.0,1118229,4650188.0,532266,7299113.0,186990,209543,3711995,2715928,6318968,807065,446793,1307740,45387205.0,21285283,1256760,651567,23001138.0,23946629,33563269.0,,468051,3831617,3912022.0,12030781,472439,22063936,10089463,2060095,28262563,179249179,865236,1271306,11493340,7172843,11072297,43066022,809983,5031530,237521,1346255,1631334,,14496239,3838809.0,2366753,3569547,48070466.0,6814373,10058277,5063188,2916703,4630904,11919170,823588,,1151444,2483182,1914505.0,125822,2686172,5764964,555514,22262927,23942658,6458874,1327528,1591116,115300484,1080985,3192101.0,1102234
2022-11-14,2615383,1238816,826646,1304320,2332577,2345355,4405360,,2163702,8432222,27491978.0,4835482,,2565764,816523,28121833.0,591814,31077051.0,1227379,29710986,850880,15815414,8840471,415414.0,2212414,4258210.0,240778,4056817.0,168582,531586,1382837,1616240,7700601,719315,1767518,709298,37230511.0,19714083,1061118,1373759,21834005.0,18085476,26886747.0,,446729,2468999,3956234.0,5272287,426893,15170139,8716422,11828097,13876089,98066350,867066,827476,4718762,8955784,11720999,8788410,386534,6208598,267263,1456971,2270020,,5089943,4854398.0,1342567,2133803,54578240.0,9311213,8592859,1718910,4000210,3266403,17025226,714484,,954126,2485032,2160468.0,92886,3568058,5295965,629190,13405558,10576687,5238464,1076444,1351773,131581286,1163850,3429925.0,514471
2022-11-15,3095603,1244426,1129236,634429,1879791,3023176,4378672,,1634491,9079242,22762920.0,2603132,,1406050,356656,4883513.0,680642,33369952.0,2773332,18829293,654461,27436298,2673677,346091.0,1531527,6655674.0,323872,2705798.0,206263,216176,1165777,2059194,4235722,639813,240953,914305,30884341.0,8214730,1626873,1387749,17150660.0,19489207,21668868.0,,1982200,1868657,3224979.0,3802928,694890,8104051,6033555,1632554,11737104,81569717,374387,724263,4647724,5454276,10558576,17000793,431236,11171650,251166,1553151,992244,,6030427,2458456.0,1693049,3864667,31866959.0,7116769,6935970,4944347,2298540,8253426,16664848,599642,,1090203,2376945,2023049.0,127664,2598112,6190649,940684,25508660,12856975,3882198,1175200,1640533,446755774,544847,4519156.0,780955
2022-11-16,5539895,1216010,656676,918444,1921740,3697512,6258649,,2124542,9873088,27203752.0,2747023,,11253480,201419,4596545.0,761820,43262475.0,4145877,15476409,724855,27441291,3534822,349269.0,1673507,3600771.0,304288,2298520.0,191943,281170,5258564,2653392,6426189,855869,355474,624402,37084909.0,7209179,684699,1827345,29478333.0,16851839,18270559.0,,530640,2689083,2174354.0,15815539,774035,27334473,6585519,2060699,16852916,202488766,718489,1318987,6673360,12090534,5387505,47023595,495302,3498259,220478,1386760,1348872,,5167004,2334596.0,1486657,2663545,31469186.0,9519253,7425535,2608690,9583129,2770643,17282498,529276,,4712715,3398083,2202086.0,305268,2784178,7905537,498671,20526334,8580606,3147276,757728,1081989,131249420,408712,4226669.0,700815
2022-11-17,2987012,1327472,489794,756365,1845150,1696912,5878272,,1234336,28028668,30779589.0,1866701,,3709948,203916,2348542.0,499286,44122770.0,3396086,11612002,1275914,53236615,2091995,271666.0,1122814,4877415.0,279449,2514462.0,288301,211838,839829,1079717,5049557,396021,252060,875505,31189017.0,4794862,1157844,882209,14751179.0,14773800,11558488.0,,302634,1257163,2429761.0,2372402,375853,8856929,5713749,1922405,16369956,217856455,296251,596961,7153634,4810457,10525963,18852422,332459,3307754,181743,933737,1192734,,3175763,2368122.0,970751,2997128,21661069.0,7523392,5387967,1918127,2644631,2770662,13336671,468963,,990083,1172732,1865140.0,165741,5811430,5013516,553878,36402551,50366912,2107931,680213,1898732,86932231,802927,3390259.0,467144
2022-11-18,1976678,1753686,740944,895297,1136688,3040440,8185553,,2150528,5872667,22358632.0,2416643,,11972774,348908,3972831.0,638498,43306864.0,2782962,16891964,775493,36461030,4516403,380232.0,1721131,5554933.0,258106,2511325.0,353058,259137,1230209,1215718,3381663,883825,706183,675028,31030236.0,6638654,1570905,1228365,11452366.0,34581612,12805885.0,,385270,2044664,3088728.0,2048155,766440,24826143,8044473,1681443,24409306,183817838,463213,976508,13235949,3011180,7440900,20312936,535407,2487869,202074,902871,1797476,,3494422,1959927.0,1581609,1835241,25787471.0,5899576,9017890,2291976,2776410,3648177,24845761,354831,,1641748,1477218,1545505.0,258913,4301195,4855952,1113760,16638035,18735347,4936798,867704,1661969,187183743,272256,3841079.0,751016
2022-11-21,2343757,1041375,509093,540749,1098391,2411801,4444960,,1128012,4208540,13670802.0,1333203,,4119420,150536,3217517.0,951876,62668424.0,1362540,13396874,517930,15507116,7310122,417321.0,800568,5405664.0,206423,2448606.0,309042,264816,1723489,902559,3424327,319937,724451,598426,38915088.0,7336410,473230,815989,14538355.0,30785977,11192640.0,,448909,1781980,1953065.0,2236842,406863,10624542,5055887,1437227,8439344,92791927,446576,866714,7741041,2167989,5226506,14390154,324547,2730692,129225,1305569,1174434,,2179315,2710766.0,1359450,2122514,34885891.0,10332054,3920180,1321100,2823816,1959056,15191057,315656,,814098,1415186,1000033.0,164917,1844526,3193137,717578,16979553,19524647,3209024,580591,1846601,191854939,309149,3658415.0,597303
2022-11-22,1492046,1563368,712752,755871,1123472,2661185,3651807,,1214034,5380180,16784247.0,1993046,,2931746,394179,3560075.0,775883,59516989.0,1101160,54318323,443607,20606165,4200353,300168.0,1695397,9368106.0,180828,2625783.0,246984,160681,1808885,1456471,4683641,751462,618042,625525,33052180.0,3699588,1084808,820562,17918233.0,11529697,9117781.0,,320860,1314945,2446121.0,3374190,289591,14799720,7950387,1550644,13521922,83314627,302587,618376,5365549,3362863,6578619,14367693,168652,3032377,248987,944950,1224048,,3367818,2465078.0,811672,2325636,29820311.0,14816421,8408490,1485476,2574785,2271040,24780554,242062,,604179,1181629,1989256.0,82248,2700867,3423308,1188801,21359948,12064976,2847320,454333,1896445,202912017,370300,4248910.0,505533
2022-11-23,2026146,1787770,543585,409839,1853568,3656927,2791751,,1085234,4567864,13194996.0,1346716,,1801629,397164,4780465.0,955476,50190396.0,1098489,10163652,622473,21945155,9310199,525836.0,595835,4555746.0,136841,1913669.0,115568,206949,1114181,845997,2663146,307252,358659,544339,68290710.0,4358725,1245862,683891,12077996.0,15876477,11069061.0,,384933,1180778,2765331.0,3312617,568329,7003562,19616132,1237358,7586161,69709484,258015,606269,4703191,5425563,22124784,5495835,345829,2531303,142104,970327,1307945,,2434333,1281438.0,705466,3522561,23250404.0,7542170,7465536,1286243,3227878,2728658,28366371,235100,,871425,1548244,976703.0,86553,2417719,5716392,613176,14629405,5486764,2655547,438056,1376766,417216466,367140,3361880.0,914800
2022-11-24,1893792,1262798,369155,384436,678108,3212182,2535994,,1020204,3507166,14339660.0,1214004,,701294,132584,1773804.0,895124,23740889.0,1291026,9531708,378033,21313038,1385269,228550.0,415838,3774241.0,154693,1627559.0,224763,195992,731143,593881,2746864,245230,446403,493161,26664749.0,2364200,587144,549888,5853235.0,10402601,11556582.0,,297509,767421,4283603.0,2125270,893223,6855979,11049772,1200153,10762520,81675544,342524,440397,5060356,2046706,5768102,17783737,180715,2285788,49419,967218,1918327,,2082099,1534653.0,379384,2325301,24203944.0,8202586,5823468,3346294,1928010,2163947,7747763,227036,,497329,995808,1295315.0,66218,978692,3142889,547691,7637881,8765808,1444643,641710,1629980,95061524,233411,1335877.0,392990
2022-11-25,1891354,860794,740213,474757,524563,4477344,8243218,,839863,2915809,17701072.0,2941651,,8479982,186607,32089643.0,335825,27943103.0,1692944,10417924,277791,20782870,4326717,188836.0,612224,1859052.0,164586,3905245.0,149724,200694,1024935,984061,3298086,390464,634303,455231,23021124.0,3935152,427167,824082,7377331.0,23394528,9227250.0,,576332,963159,2334545.0,3123745,613649,10406329,7265984,2488330,19069825,110335789,264847,529624,4601967,2080471,5023440,31537930,307622,1773202,85055,1086858,1219112,,2278718,1572769.0,599978,2645550,17772475.0,14089936,5768389,2100138,1572532,2883664,11638740,505839,,406319,1507370,4440347.0,76879,2079715,6629783,485972,19431321,11696229,2928530,488111,1415151,65971701,249738,1389631.0,372952
2022-11-28,1696827,1126886,659758,646162,897627,2740204,4487330,,1157755,7606433,25642764.0,1914197,,2498072,222925,1649654.0,1366738,40608786.0,887624,20837616,667145,20669333,2903618,200546.0,871387,6394598.0,213994,2169606.0,169178,182175,1420506,1102595,4977145,453112,1898338,496485,50558680.0,20052583,554997,724063,19099028.0,44234698,13322513.0,,365387,2501825,2696772.0,15021567,539584,8129259,6281718,1834790,7702277,84750573,376563,458549,4334994,3330328,6453598,11250292,310706,1625557,122426,1229993,2395439,,2267385,1911401.0,1004752,1986087,28954263.0,17180757,4937790,2272946,1303713,1744116,17250713,341927,,448145,1654348,5507201.0,69008,2211694,4762784,486952,18823801,9965960,2728226,837450,1497665,140477510,401050,1822733.0,440810
2022-11-29,2034711,1156242,625225,490829,1108225,4259460,7263426,,2434217,10467385,42340565.0,2247233,,1688776,223569,3653430.0,643684,73104465.0,1677871,20723744,644803,34022892,5957622,303486.0,942315,10400954.0,265861,4339712.0,178387,194421,4030777,1547006,9902785,437940,1393548,772581,58564498.0,11899895,868839,1078186,15743673.0,37036353,9764425.0,,1161511,3215733,5689895.0,2514277,856270,26162451,4689076,1488127,30940654,159989227,637323,898933,3912913,6285229,4818035,14478517,366875,1713790,71022,984304,2881060,,7545337,3073312.0,2547251,1715918,21040596.0,6209697,3864197,1498630,3281867,2081772,10578540,924453,,518632,1400600,2731964.0,269409,6192692,15214704,399265,13560580,22657232,3110044,964167,1232192,168846967,405456,1405599.0,580062
2022-11-30,7840433,2804755,6309834,1427746,3267416,4092283,11729369,,3794486,25278027,84403402.0,5870577,,2910093,874058,9399023.0,1573342,118086790.0,2551037,42712118,1143227,25847838,5530624,2108537.0,1617368,7924699.0,798527,7215065.0,270939,207721,3305879,3244680,11338622,560091,1705687,1137321,55329276.0,15839800,2171170,2265856,62894077.0,46323161,10427529.0,,810646,8231218,5760156.0,9832981,1080111,14377961,18365120,4431319,42014865,322356192,902872,1946260,15523739,25837668,13952781,26321957,1022249,5759921,149400,1889751,4528801,,9069802,7208269.0,2830177,3740575,54046920.0,14588639,19043175,7867667,6881791,8551259,27289569,429529,,2462141,1837461,5060805.0,301575,4740600,16910600,1542260,39639785,41291761,12735301,1564510,4161107,106337509,1839720,5284200.0,1369135
2022-12-01,4273793,1448584,550573,702929,1230965,3337801,5412638,,1282615,6983833,28956372.0,2495447,,2670031,243760,2738518.0,753903,38905995.0,1621608,30434927,1007256,25607495,2850842,422484.0,1241125,5340438.0,389754,2298726.0,247028,255937,1100648,1119746,4732935,422036,1141114,961872,33145423.0,4651308,544643,932211,13333455.0,22994441,14180292.0,,321816,2237302,2079544.0,8274943,438163,6924154,8718015,1636185,7836189,145222762,588110,1091626,5730070,6045884,7063998,13612149,567858,2105532,161166,866262,3385107,,4066525,2433533.0,1094466,1968587,44739800.0,5475382,5126767,2797451,1524486,4946893,9487172,637264,,868364,4119694,2301736.0,104258,2485896,5354013,500787,15117999,11573354,3855871,779598,1013520,66236785,804905,2238917.0,556825
2022-12-02,1719066,1329180,663146,903284,1302044,2744773,4433441,,1347226,4917487,28802164.0,2391796,,4371314,393503,4766786.0,506878,44398679.0,927943,16158382,471688,12086366,2820986,474866.0,1241200,2976092.0,250671,2503437.0,230295,243184,1406364,1033363,5463441,301809,3451661,914463,27836595.0,6419901,655678,730639,10831098.0,25331250,10857976.0,,539946,2085361,2858469.0,2522109,405023,7502557,6721290,1726184,6692017,81679736,547374,877016,6476056,4853450,6907773,23756424,455301,1590119,143672,952338,2339726,,2880503,1958283.0,845358,2519915,44499719.0,5285219,5096686,2644357,3899115,2881830,10479990,548226,,727573,2075904,2239608.0,87739,1776717,6213986,1015971,18378914,11438444,2752525,684301,1701352,72037740,1183798,1868001.0,378659
2022-12-05,3807682,1326941,571781,909373,3825329,2382597,3873585,,1336663,4536143,24394215.0,3230490,,1984619,214994,3619500.0,578430,42774634.0,2227056,13795887,510825,13540884,4428774,413667.0,724691,3886142.0,184533,1507635.0,103004,156237,5606705,1585972,4929498,330867,2180257,1392388,28961665.0,9655175,911002,1644624,14422747.0,38359432,8010668.0,,336383,2127397,1640874.0,2188875,256884,44824867,4566605,964876,13386596,123022931,609200,1032300,5996245,6087088,6942327,15773012,870046,1836434,105016,1570682,1397006,,1948141,1849819.0,729193,1626099,23064037.0,13093100,4316367,2126556,2147636,4594712,17536845,333798,,919721,1327178,1583088.0,130965,3817478,4093472,868707,26977689,9777482,2607670,721923,1803910,101505352,1186451,3238749.0,386633
2022-12-06,2179291,1166548,694873,1539826,1020399,1566420,6295827,,1648969,9973179,80092367.0,2601635,,2999310,166007,2896397.0,752616,59104182.0,1659435,72700621,753156,22024970,5681192,536863.0,1350473,8364159.0,294277,2364888.0,158457,211891,1151090,2444118,2794563,509507,1189021,1132428,47979091.0,10037637,972737,862519,12585636.0,20112726,10726809.0,,590165,1913250,2227286.0,2853896,262431,17468260,6482488,1553188,11443988,153067676,555836,2008782,6288237,3573653,4658371,22491650,356814,1665796,174039,810475,1632237,,2264869,2127876.0,996215,2182709,57578670.0,3803459,4797585,1728111,1745339,2044574,15845934,399577,,1382713,1496554,1898680.0,83845,4956212,5965321,1383579,17854906,7013528,5001184,762245,2720102,102486122,960775,1814910.0,484512
2022-12-07,2295827,1521247,585919,1185259,914514,2690203,5359445,,1599108,6112781,24905097.0,2578081,,2499055,179004,8102680.0,1000183,46500857.0,1715980,18817461,611897,17687715,3492470,414362.0,2013248,2958840.0,198175,2573942.0,248368,149523,1140942,1303018,4619317,377042,1828912,928554,43268609.0,23028093,1183842,1159843,79872705.0,36138248,9493532.0,,601701,1476102,1973890.0,2157806,265126,10214586,6156943,1086026,10659587,100195784,371247,1233722,6388920,2868466,5216533,10777082,250378,1884830,184272,1279627,1129912,,3430815,2209442.0,1407440,1855886,25954512.0,3439124,9685413,2226221,2104836,2406084,15940423,365471,,1761978,1435401,2631154.0,177347,2643840,5878092,765506,21808891,24874360,3826026,1071616,1596580,175372792,1563807,2780044.0,464077
2022-12-08,2895011,1626580,1134962,991783,1116197,2476749,6436097,,2292719,5635558,21644000.0,4184395,,1359761,297304,2581016.0,608350,36084523.0,1455818,35238880,848708,14242321,2692911,252910.0,1089966,9546427.0,347359,2814011.0,157261,207874,827371,713390,4599562,296395,2534995,1016727,34694724.0,9954903,807434,1082853,27458207.0,14697498,13059942.0,,413081,2329021,2023013.0,1936340,682063,20130288,6240768,1892126,12949540,97466662,1082759,1282372,9426981,12275195,4746816,11305626,454965,1977874,136250,1176085,1142795,,1916612,3441728.0,984188,1333501,19230019.0,5532706,3980928,1656398,1906407,3748479,10741116,497519,,1275425,1062436,1685290.0,191997,2831784,7810789,574108,26354931,8686054,4477913,1398767,1535731,113007384,888825,2805048.0,1561500
2022-12-09,3887901,2805858,525126,921278,1825822,2277732,7182135,,2462856,4909317,23399847.0,3981979,,2633417,273330,2376873.0,559126,60905839.0,888440,21769857,510694,17434641,2301426,221618.0,995237,2716610.0,336202,3166186.0,233060,201704,1335823,1420731,3626241,216031,829533,814874,38189010.0,12814563,532404,1911451,40948425.0,15633060,22321525.0,,750939,2671151,2599754.0,2041864,264928,10753993,4132495,1391554,8205247,90398849,778074,1035747,5984854,2713169,9518105,11656713,347899,1860138,156097,1131085,1195849,,4430046,3269297.0,1164375,1482434,35958470.0,4942100,5821694,2058404,1868217,2390175,15274155,306422,,673581,1186720,1890481.0,326299,2686656,4870771,606506,24123808,7497916,6803533,729979,1291930,224198613,785505,2459193.0,654258
2022-12-12,3725832,1730479,319395,1472590,1166731,1850537,3840450,,1214972,5135673,33870358.0,3691002,,1389500,358330,1751662.0,450871,37882663.0,1831642,24810334,471485,17294298,3112354,354953.0,1047593,3650263.0,174443,3643292.0,215671,254337,1062414,1373013,2354709,521096,533392,2081011,48892652.0,6227965,728055,830063,19539585.0,16666852,8183643.0,,552021,1311973,1967430.0,3531479,309377,6800919,6123805,916548,10844220,88878353,1381736,1798347,5203275,2068116,4746755,12825415,269445,1648674,140222,844683,1309444,,3059230,3462068.0,1631691,1377628,20761429.0,5911596,4322781,2019351,1656123,4932305,14463878,307042,,1237360,1197893,2132839.0,123120,3185286,5489321,739719,28238342,8367030,6527176,702482,1468568,128644080,662234,2158515.0,411908
2022-12-13,3280551,1453503,711397,1370747,2794291,3478058,9398336,,1746160,7237693,42888082.0,4719003,,3464963,404143,2400724.0,1108468,34093855.0,1985924,22078603,493217,17815853,4210449,494455.0,1891322,6312314.0,351085,4632087.0,283860,422866,2085639,1570799,4776491,442925,655327,1721945,46649722.0,7419602,1038395,912370,16942682.0,21965456,26610526.0,,652164,1935331,2847529.0,4112997,317697,10968166,6450224,1492838,12791998,104218283,1129142,1599302,6335923,7399481,5838042,15395719,493751,3031794,180090,1416674,1895019,,3670550,3385499.0,1447204,2817895,49918653.0,8055688,5338935,2774817,5069705,3448007,13130629,512143,,759096,2187850,3401609.0,122976,2397942,9140959,611095,25848326,15862300,3628282,738342,1501530,91862215,776799,2613508.0,622622
2022-12-14,6751644,1768999,789875,1357737,1130464,2340133,5736385,,3363995,5759899,42580381.0,2566141,,2799894,165750,3555200.0,865687,36570028.0,1102795,37658830,357758,14968743,4981375,286065.0,824034,8445126.0,481391,3371690.0,184661,244484,1254454,1566607,3185903,202393,686271,1235370,57548859.0,7760299,404743,451808,14512210.0,43951829,19928495.0,,567606,1342084,4094111.0,3715536,362032,19259916,5583963,1102053,9804710,164442396,710143,1190845,6015335,2787158,9440772,10206529,314946,1820143,102483,626295,1240138,,2708416,4829008.0,1215766,1633306,20404346.0,5279968,5414279,2057840,1591189,1858623,18030172,385485,,770679,1484780,3068832.0,85716,2519635,4682786,1351371,16433109,7255943,4486405,903039,2040603,113438867,606021,1907597.0,683999
2022-12-15,3124749,1684019,747011,789160,1629994,2924910,6145588,,1191977,5784533,32662221.0,3459123,,1936468,341577,4677075.0,998751,38854764.0,2209910,22802571,716827,12908265,2238707,245408.0,2967957,4112251.0,408477,3710730.0,297618,375282,1169711,1276681,2890890,330700,499038,844645,38762341.0,32136992,583223,534432,13960749.0,18123848,13388716.0,,474318,4291527,1672913.0,3229763,255921,9731906,7596410,1594771,11518475,92514730,595533,1424483,7992277,3057648,4575160,10224323,463030,1484565,236923,688674,1448276,,3907293,3340115.0,1185735,1796507,21483052.0,9035947,6622986,2387608,1224635,6661592,14734881,640508,,799954,1735681,1826234.0,103744,2166078,7370534,2433333,20337953,7597933,4085263,1395984,1765821,91945925,579510,3406006.0,538653
2022-12-16,5469046,3804235,1370035,3656810,2749489,5320978,21472474,,5753405,16662343,109511197.0,6350506,,26238415,1400889,10548553.0,2582870,156646360.0,4122637,38888935,1066745,30795357,8254320,1201543.0,3256182,7103795.0,666396,7792410.0,393130,457943,2633259,2723254,7084242,951249,5339022,13710149,130160275.0,15230015,1069011,1550812,32659958.0,50367136,21445023.0,,1861912,5290061,4748456.0,8754787,628815,17401061,12212449,6838261,40798127,310458569,1549565,2029970,53815490,5910370,16715017,24900026,584927,9206112,346954,2254590,4927136,,14051577,9562268.0,2910525,5346186,43746405.0,10742211,18774047,17096099,4190023,9361692,56073586,1148155,,3568814,3760571,4097775.0,338944,8148904,22984499,2080778,53178364,16233099,9522237,1532596,6000636,405388648,7221923,6975789.0,1162776
2022-12-19,1947647,648643,273468,458961,714373,1981782,5062782,,1701253,4178735,14673171.0,1998508,,1477467,250856,1666027.0,1216413,29797513.0,1344416,16772989,579254,9680947,1863859,198319.0,2181645,1860108.0,439495,3008737.0,64619,175109,585290,1832898,3204044,208268,556288,958895,22678667.0,4147990,611138,427641,12534280.0,10334574,7756271.0,,565087,1504286,1347609.0,3218325,125345,4388976,10043984,1046728,11822215,58932758,484631,1369627,4001257,2741871,6836278,11716554,349938,1244416,176466,593002,1176585,,6996280,2308494.0,1542473,2284883,16057958.0,2906996,3859282,1627487,1487299,2051468,14075730,265400,,466936,1224661,1534784.0,98646,3579399,4375373,455988,21940486,11360551,3862211,615734,983720,158350402,401882,2032851.0,346555
2022-12-20,2221918,2958250,903930,661011,3678714,5977484,4814798,,809011,4507303,20757044.0,2519399,,1340198,287734,3468751.0,972246,33262806.0,2056689,12667291,395918,17403910,2267462,274770.0,5707296,2023270.0,402549,7021939.0,126523,281148,3597293,2501697,2877887,231842,2164733,5414424,67753453.0,9788937,1464171,824462,14147793.0,35020690,15398162.0,,493488,2734943,1358456.0,4236444,359697,5562454,12363545,1261291,9265613,256626712,465770,1067969,3894166,6539311,12004343,8639530,905830,3939153,153677,961590,941468,,2602396,1692905.0,1112014,1894867,18056475.0,4614002,10062440,2987019,3753450,2835329,22457963,184622,,1112504,1925566,3222287.0,326415,4855182,4425473,1658657,14415426,9652082,5470519,1232663,2089201,65793782,356245,4152596.0,867544
2022-12-21,2622322,855455,624006,840431,1998013,2209134,6410934,,1105988,3760082,26030701.0,2272013,,3155164,216316,3719325.0,756665,32751179.0,2614319,28953561,418195,14209778,2034025,251554.0,2003242,3419420.0,807972,4849374.0,120409,286439,960860,836385,2259788,316148,1289205,660681,30191621.0,5122523,614349,678551,16599672.0,15859353,8099579.0,,458973,1147237,1123182.0,2177446,216579,12033056,12264578,1063711,13870064,68006226,705477,1004163,3722467,4067381,3673079,12699050,346836,1416974,81013,805426,1940143,,2702548,3330855.0,846104,1859195,24664422.0,4901230,4472161,6031618,1297653,3005871,13707976,445415,,720076,2390936,6091566.0,138556,1291486,3401015,1186001,9097689,7060945,2616741,554201,2230095,57924891,611403,3264850.0,513465
2022-12-22,1883548,676158,314825,694118,1519056,2320838,3462870,,2227678,4488211,18858465.0,2250779,,1267406,281411,1661503.0,640146,57397378.0,1963434,12580318,423109,13040390,1688715,249312.0,510968,2457248.0,175260,4521905.0,85312,370476,448347,639517,2237654,404418,501241,561227,54287446.0,10415831,582797,444079,10125609.0,26334928,8261949.0,,542852,1723867,1524820.0,2864605,512643,6857332,4014855,1693021,6241202,56008053,533928,1527432,3305045,7463593,3086894,8391799,287689,1363620,143311,1613210,2663035,,4863737,3725907.0,912267,1503185,21040560.0,3913854,3184711,1590923,1121700,1976051,11705479,346259,,770454,1390818,1273342.0,115852,2292941,3471945,269804,12708731,7749845,3633893,705695,1546223,150579809,323586,1379020.0,1046021
2022-12-23,862065,535713,189009,187334,312027,923068,1230756,,440196,2327791,6137843.0,694275,,399635,82432,658785.0,167925,62024066.0,689463,5990449,170677,7077915,914945,90894.0,186028,746417.0,60211,3210422.0,44760,78468,310793,249529,925857,153677,138122,377100,41636783.0,7469337,351778,284998,6063158.0,19354109,2971967.0,,163829,675956,472885.0,1270434,144511,2644977,3048833,292023,3107120,21260125,141614,300268,1574599,898015,1953684,3059799,125567,398137,66813,302423,384822,,973662,2028572.0,360272,673811,8154051.0,985587,1550231,436357,543286,777612,5855471,49354,,208281,572744,572697.0,44840,654065,1020433,248196,35584444,4956372,896511,243125,484352,105278913,113203,578867.0,117123
2022-12-28,2479688,823720,403875,528216,2270242,2385514,3627247,,1027336,3345607,15974901.0,4681609,,956373,168711,2522612.0,428409,61058866.0,933507,15207260,426136,19481424,3486756,185933.0,541034,2022234.0,235751,4502735.0,125350,165743,1061291,1023086,3274498,220790,294477,1153344,28496832.0,3483984,338877,609574,13428591.0,24836592,8733870.0,,327572,1326495,3363828.0,2625038,340837,5531189,4419457,1322432,5940338,163534062,490323,1076470,6084707,3537497,9941800,8234805,401480,980956,135364,1008543,892881,,2113043,1688921.0,1799887,1223063,25714119.0,3447227,4185526,1152186,1245701,1625644,7447764,249535,,584484,2069609,1102636.0,58062,1281270,3458610,562275,27686479,9317255,1963300,500033,1491512,136610426,238899,1046304.0,342688
2022-12-29,1081258,582075,211316,410861,1066579,1598422,2790609,,699578,2590154,17312328.0,1158990,,1337207,98769,1067814.0,474153,15838786.0,1479713,16275067,323890,7551588,1176612,137632.0,457869,1348995.0,186394,1988551.0,112735,229298,725025,654251,3445854,191878,454062,1166017,21431481.0,2790171,311780,419637,10907806.0,8053077,13665020.0,,245281,1315678,1400828.0,1066214,217694,2926390,3854012,743055,5252789,57363872,457006,861844,6517835,7690387,3597918,7921721,459548,1941325,471991,723526,638937,,3575854,1401226.0,746403,1575408,17748918.0,6669464,3945710,1598210,998882,827829,7601569,137823,,516407,1411760,1233067.0,69351,1676410,2703538,817304,10222209,8307632,2344222,3180191,1070091,50588117,445094,2767243.0,401878
2022-12-30,988802,794163,190168,235944,657847,1009566,1831808,,646706,2351191,9144860.0,790308,,683688,101293,938270.0,279251,12498129.0,400926,11447649,402612,4824629,955226,138504.0,257162,652191.0,177210,1336004.0,65090,86215,498386,703742,1125737,129486,164857,349423,14029166.0,2018211,157462,375417,6541930.0,8437810,5356303.0,,131790,974564,1242393.0,1201371,121152,2901492,2412370,604072,3669794,70883064,226505,279205,1883775,2254795,2567194,3289465,228532,460405,51033,395293,575976,,1421740,588428.0,449891,711707,9029749.0,2300446,1745271,905900,1196234,1158318,6999954,176691,,369250,1493805,838423.0,29514,1025630,2506663,248667,8436635,8042819,3154849,229792,581207,33898199,128755,718994.0,196082
2023-01-03,2714491,1113283,522504,3098561,2234608,2142906,5243066,,1827870,5207922,34940227.0,4172304,,2244790,320451,4731827.0,721699,40781538.0,2455070,17259029,1093008,54602056,3943479,329393.0,1349060,5614747.0,292181,5247816.0,186116,230620,6871667,1749793,4014409,449286,557454,593665,70642821.0,7500096,1114991,1024619,17086397.0,33285725,21973867.0,,590588,1650828,1674285.0,11510744,500937,14058083,8714920,1810367,25236427,207335617,1077722,1691502,7171274,6262069,5128669,25519962,624992,2192145,187222,1186611,1570717,,3470713,2112533.0,1784750,2133666,94742596.0,5645800,9419404,3548382,3101654,2837098,23228380,640148,,829020,7952573,3046631.0,61886,7264402,4641601,1255548,66772382,18205204,5548910,836554,2158185,97346367,614976,2599215.0,796133
2023-01-04,3293512,984678,322591,1723033,3199901,3577192,5731982,,1332731,5938257,31851649.0,2249631,,5059912,305227,7627068.0,899341,48319569.0,1596915,18003328,673375,65440485,2968519,489504.0,1252936,3660510.0,472939,3771144.0,128158,664411,1074851,1107928,5055065,400812,360124,2699318,74095446.0,4367467,584800,969403,15904389.0,21604090,19984629.0,,374199,1747073,1500155.0,2842917,280623,14993461,9110492,1618367,13750465,151327410,957324,1237579,5011145,9927028,5756398,12607136,440754,2732816,186791,964757,1605201,,4544974,2194621.0,1211294,1380339,62168667.0,5872157,14244431,2232904,2581990,2755109,28785006,601573,,745884,1521433,1462331.0,109897,5569375,6414616,515042,17376038,13339841,2689606,955346,2143125,81214280,617153,2266275.0,657513
2023-01-05,3515116,2026353,503488,390731,1689088,1701225,5108933,,2215897,4068464,40113321.0,6853442,,1385026,159128,9371317.0,646797,27641337.0,1314550,35071127,761848,62818737,9512279,574883.0,827437,5491664.0,244745,3422369.0,157084,251920,1035277,737227,6293097,211380,452463,3064660,68572564.0,5995130,521558,455161,14278962.0,36654670,18970414.0,,503604,1765046,1832735.0,5703916,284432,29696077,6636553,1021326,10365287,227269311,579331,1033740,3615298,4032569,6485112,15803104,898203,1448678,198983,907427,2330779,,2564631,2466006.0,2005416,1840278,53910901.0,5513857,10896199,2569636,1871310,1871121,22924998,726206,,459328,1353805,1475141.0,72090,6909521,18327396,574023,22298475,10773439,2898487,887600,1516916,80181869,595716,1467729.0,724351
2023-01-06,4315679,997727,339740,650986,1629428,2115760,12603641,,4153691,3819417,23266356.0,3921500,,1178764,160949,32133770.0,440228,45580214.0,1851129,39672436,433705,35119071,3465942,283884.0,1135264,2050133.0,353231,2324302.0,209361,420423,1090328,729092,6212893,396345,295202,965128,43766874.0,6697363,500525,476570,13777524.0,31225164,21326585.0,,404397,1797700,1732598.0,1874094,234358,13530966,2805196,1150365,9270539,307068898,640313,923781,3349429,5841809,4860086,15052715,375559,3439572,192145,753823,1442957,,2500178,4554200.0,1247081,1902468,29053439.0,12937846,9739091,3262976,1534620,3031462,14030116,402858,,442865,1658921,2579247.0,92595,1581120,13560426,628309,16593632,9883374,2947334,662916,1417331,48456656,762556,1365967.0,2089177
2023-01-09,3872340,1052527,464508,917152,1522889,2293343,4296146,,1989665,8257495,32930427.0,2621023,,8388823,273857,3784850.0,610819,31000006.0,1621477,28734135,697641,20209184,10302704,414161.0,1327108,2863869.0,342339,4442836.0,156714,304258,2890486,1286852,5789155,720918,386407,1329644,70063580.0,11006742,531926,696347,19066543.0,23530081,27912315.0,,902711,1372414,2407817.0,12182622,403141,8096962,5814343,1358539,14261070,213765647,919276,1113592,7138282,17250590,10226284,23497299,396833,2106451,137457,793563,1724903,,3037690,4454951.0,2127109,3030577,31156128.0,7549820,7927588,2728947,2092099,2504465,21820728,526958,,861833,2966749,1738268.0,82739,13084522,6653442,795130,14214280,10852435,5403367,1276827,1981030,70150138,482236,2644231.0,815055
2023-01-10,2884430,1588126,756010,624686,2083144,2548977,6558418,,3318361,7797134,50086285.0,5454202,,1492456,1166138,26976516.0,801672,41713226.0,2024472,17520689,1891240,217657498,4619551,295103.0,2074509,3714322.0,387930,3750251.0,255980,254036,1333909,797183,4136097,500615,510472,954281,36011969.0,18992388,673150,561559,18637836.0,15239244,21556453.0,,548455,2903584,2954703.0,11364739,772597,35485823,5368752,4881819,21138834,101136392,764024,1208264,11650645,5101475,14417047,19104984,654869,1703513,100991,2517113,1775620,,4458698,2658580.0,1239601,2324789,40463064.0,7551872,13490435,2392341,3141896,7463899,20100244,289008,,530269,2023575,1732467.0,480366,2196080,8998712,896204,20490797,16943363,5797050,2077356,1356843,84351249,634889,1907465.0,1638007
2023-01-11,4690282,2080435,2809257,901837,2835647,2809447,15764921,,6368782,8899672,119855470.0,5309062,,1556710,308296,5324594.0,1090111,27187699.0,2681020,17463457,969579,58784182,2483401,454488.0,1824989,6765004.0,439756,4249986.0,193912,510579,2119780,2103751,6152141,506015,1091766,2024794,53292226.0,14124559,1334704,841312,23270702.0,51986581,20786444.0,,723605,4555689,4613477.0,3093481,542801,28949489,8130862,1928915,29929052,207144770,996388,921649,11948815,4950892,7450044,31060744,397597,1719385,108635,1464647,1504058,,2711664,6661539.0,2141956,5900229,28401212.0,5527211,17495156,3111375,2277089,2288844,13341853,431153,,944197,1693228,3254416.0,129303,3260120,6207962,836199,38152305,21810645,4434120,1441561,1578812,150371030,1186475,3164480.0,1455136
2023-01-12,3439568,1509800,712021,795959,1977984,3400886,6971466,,2689299,4342596,31151382.0,3381885,,2410111,332950,4796384.0,530279,28669324.0,2070733,23981019,904204,37975870,2336663,485011.0,947935,4119346.0,538245,3989311.0,185364,413455,1813278,1202842,8091612,982856,469475,1524830,36822190.0,7332719,419505,610131,9977642.0,27880378,40850693.0,,787746,3638763,1723189.0,5894226,258726,35096298,9511510,1448327,13828347,163754936,836585,814225,9649923,5170825,7893689,19901301,580021,2781363,203012,3139752,2167718,,3462614,2936592.0,677678,3691327,31432133.0,11054053,6440180,2008235,2915703,4210353,13545555,325532,,1055143,2364062,3636791.0,86035,2678591,8043342,533581,18402192,19115506,2967973,1744015,1180159,117570270,884801,2644543.0,1894835
2023-01-13,2691857,875947,727876,1312001,1563844,2178351,5646385,,3914240,8299573,40855553.0,8149649,,2682526,265036,2619909.0,619274,32218369.0,2864975,18599537,777965,28718744,2226868,324603.0,949075,2775463.0,304648,3056561.0,164928,271313,2591597,723271,7992321,646664,255208,824279,45027878.0,6061618,440538,734346,28080468.0,72127539,43728925.0,,682590,2968311,2518676.0,4108472,207362,12454607,4541452,1532137,14627817,176454914,496843,730237,6317774,9100838,5697315,37880946,272497,1876451,160309,1796319,1221822,,3454758,2663426.0,810810,3194862,54578013.0,5429377,9214121,2053362,2996800,1743711,15339159,272140,,766798,1713826,5409328.0,57938,4362105,5329009,448047,13467078,27034727,2805084,574421,1021013,134126058,390336,2650816.0,874483
2023-01-16,2345155,529561,440464,551797,1611119,1487529,4346945,,884693,5062797,20281691.0,2450490,,3626297,331460,2328625.0,579617,21938115.0,1478018,20666045,428202,14349548,1784334,331604.0,806920,2729550.0,160336,2556426.0,108169,137105,870149,1314497,5054996,571381,238101,445143,30208469.0,4943601,693020,487336,10387354.0,18356071,22562509.0,,352758,1157036,1565792.0,2414319,229497,11199110,3348262,948355,10690777,185729358,562955,780901,3443894,6236385,4700062,11041787,290150,3058926,179084,1804876,2089503,,2535583,1595155.0,779039,2631344,57832776.0,2529851,4933608,2078379,3104805,1539857,9172956,290740,,476253,1783224,1741035.0,134489,2173275,4025817,527468,8637547,19183710,2514334,492525,1706860,143621923,366096,1511690.0,667796
2023-01-17,2039727,1445108,514974,1162395,1605382,1744635,6848066,,1321499,14380458,31207511.0,7498672,,4970908,594384,3479415.0,523811,34124939.0,3829941,92111109,1420164,31029456,2000830,590365.0,1976197,3838353.0,312640,6298581.0,339888,271150,1331433,2512933,6569055,563389,366757,723256,51253560.0,8703132,1273629,1161793,11773842.0,46847974,21523317.0,,941385,3495133,3466625.0,3759491,389252,11383751,5119648,1736883,19070602,366897570,1095707,1150599,4253541,4483698,11723253,23357483,385801,4066178,140934,1244658,3262827,,4110555,2790421.0,1607331,6367777,61277631.0,10336294,6604968,2408459,2849799,2655915,39788537,412732,,1702557,1538945,3277809.0,192821,6901163,4995189,915268,56874530,12126612,4060199,929920,2417215,108416323,835944,2652969.0,1033285
2023-01-18,3890915,1217432,446150,891936,2148140,2399154,13618154,,3152528,4584852,55985902.0,4101190,,1811693,367054,2533033.0,935283,38676651.0,2504629,24772182,2043364,27491590,6753838,415145.0,1343827,2997555.0,471319,8119703.0,562198,174324,646398,2970269,6488108,446560,2244242,677990,85903572.0,13381057,1200277,687349,10616488.0,41081237,30191187.0,,876304,1669305,1705333.0,2901300,666651,18049282,5626243,1944120,27319622,118916752,913407,806960,3779267,4287762,12654858,13516586,299052,2014849,121806,1655010,2155906,,2845734,2666779.0,1236382,1950099,47629490.0,9656921,4906779,2081183,2875761,3943971,23546186,260377,,1303654,2286037,2004370.0,157928,4719739,3757473,452901,21683372,17066956,4991091,582928,1889287,295577263,629936,1564926.0,1532471
2023-01-19,4362526,1554848,1399658,753543,1907654,5375810,5654883,,2912324,4702268,34438199.0,3547922,,1917123,663693,2536821.0,1142582,33902832.0,1862934,24068942,692404,78548981,3283340,325329.0,1428869,5839581.0,267318,2871247.0,461686,514795,11415390,1657488,5342276,449037,2297381,1133062,37335861.0,10404610,395381,428807,13196859.0,28885831,22460318.0,,588498,1346541,2701931.0,4156641,245353,8241030,4888563,1579170,9197644,142937793,977754,675100,3986490,14327327,6618605,15168968,332622,2618006,97177,1312742,3848664,,4919990,2345076.0,1222644,3643428,44729856.0,5722767,4930182,3169961,2945045,2625418,30728141,393082,,732554,2562277,5839104.0,92022,3173073,4666568,895975,34497885,17626577,6022815,523011,2301455,75515531,476986,2112240.0,545466
2023-01-20,2889804,1849637,395958,763866,1470334,2480708,4799288,,3206265,6535849,27839430.0,3776964,,1425106,252755,3122468.0,573814,40442971.0,1654332,15113798,494162,62971159,2402197,369427.0,1048817,2265245.0,281045,3285084.0,301472,314359,1779866,2168435,2869869,565577,777808,813159,40998514.0,7385025,444636,621369,8752092.0,22978407,26914838.0,,629682,2810733,1690897.0,2276696,224538,16118429,4552535,1396176,7344225,233192896,900639,818551,3467531,24141472,5723609,14870612,497179,1641424,93663,1013891,3375985,,3643615,2543623.0,1137639,2064381,26124235.0,11344971,5160120,2657081,1896769,2876802,10275083,463762,,584668,4906342,3451968.0,109229,4415428,4091673,2038821,13729598,12241439,4280164,619217,4885804,79695640,563873,1839203.0,529895
2023-01-23,1725458,1599804,440662,561540,1664590,1604133,3365179,,1673010,3846851,26445387.0,6533212,,889835,169749,1405524.0,814536,24811193.0,1211683,18933094,513926,16599908,2950859,403713.0,642739,2106930.0,226645,2077894.0,518663,387901,836510,1290225,4743203,514713,307955,2652398,29847644.0,4424411,707505,712101,28666939.0,13977254,19058594.0,,391862,1267151,1575311.0,2622854,187339,5901636,5458154,1062524,17081517,91787188,1070813,537125,4009576,13379148,4063304,12253407,387894,1260740,82557,1108700,1717772,,2513259,1854884.0,1787503,1245535,35895182.0,8578408,8028640,1627209,1662141,3481674,11599451,283316,,771583,4845566,2505808.0,377366,2617185,3508764,1737270,37297937,14761925,4248023,416158,1759022,61438352,293772,2362112.0,1953649
2023-01-24,1747632,4712167,591455,970777,2253793,1928973,4650131,,3434381,7949158,41893275.0,7508888,,859613,244463,10167369.0,743703,51300832.0,2902064,21235364,422571,22162104,5078751,883016.0,1182815,2677357.0,235048,4525995.0,143511,537887,892629,2059953,8477598,438243,198989,963608,82080849.0,9731934,1460064,1338370,13504498.0,14234046,19029229.0,,627156,3048011,3456208.0,3143562,179580,16057353,7553144,802241,12510525,147224990,1312243,653581,7311118,4929337,19968808,8430559,575487,6083942,199902,798675,2462716,,2422038,3322459.0,1126515,5701796,65665163.0,9814491,7984251,6078639,2627087,2533369,23320626,391308,,613617,5494305,2116670.0,62816,6825063,6723810,685870,29883165,9216331,7395572,784101,1449927,92878520,811504,2584497.0,594525
2023-01-25,2210417,2133155,329969,523283,1633415,2021997,10413690,,1463315,5797781,59311967.0,4933116,,1984278,198607,1784100.0,494798,33017334.0,1889294,14500201,1203846,25548262,3238938,573545.0,750477,3718318.0,337994,5790925.0,249482,301028,1610239,1608292,19654605,333653,232767,1190820,61643431.0,8042090,625470,2268342,10549024.0,28558123,39569320.0,,610494,2755949,7073128.0,7094934,232224,7043618,6519343,1010528,7611155,174361498,1064852,903727,4764660,8053319,5744731,12363338,506449,1534327,75904,808255,1125896,,3398854,2404360.0,988984,1237936,33908026.0,11189814,6689446,1648623,6365158,2085986,12916774,341214,,1232051,2168600,3485868.0,198032,3514212,3698054,579101,13092958,10169056,3447400,541874,1543702,75050875,319817,2165284.0,427878
2023-01-26,1988694,1804952,375130,1075423,2383651,2095075,14515790,,2313220,5616845,109872375.0,9084534,,1865473,394466,3328357.0,398688,39708502.0,1353811,19770485,3725253,43316537,13047754,320276.0,1281567,6234343.0,263392,12506623.0,243193,686164,2840744,4787238,8786925,417436,722703,1057221,53597657.0,11826494,485094,737227,17053484.0,44789252,19817248.0,,471176,7223851,3513415.0,5564370,257218,12124956,8831037,1889658,9668323,183069130,666550,1296549,3124774,4348427,9425633,19361876,299216,2282075,79979,949039,945344,,2995097,1591898.0,1164556,3437037,41667877.0,3959225,6283427,1772438,1710135,3208189,25334434,599853,,575345,2884546,2018764.0,194751,2778053,4809635,750690,23918620,10064504,3119827,907366,2099398,97708675,689579,2094230.0,364020
2023-01-27,2091863,1162650,605572,750801,1222607,3263437,4550222,,1234783,5603437,22327860.0,2683875,,3022976,278314,3114171.0,907087,39339742.0,1319971,13857163,1471368,35069438,2508240,429736.0,1070607,2984003.0,383288,7387691.0,370382,186272,2342052,984592,8400130,325931,200493,1138553,46033429.0,6676542,388106,785986,26918411.0,24753721,17064214.0,,382506,3885938,1991582.0,3202447,184995,9097424,3465555,1245855,7438406,107285597,694728,1365527,2314974,5173469,7210507,13330930,391114,2115379,96019,1114989,1959080,,2935716,1905048.0,1077130,2612753,75400627.0,12186914,58307850,1282658,885584,1965101,14943790,515812,,712633,2101254,3964932.0,126624,3578321,5370775,727377,12663473,8627195,3015526,522577,1460411,125268780,412768,1509500.0,555294
2023-01-30,1867250,933484,417754,663667,2150485,5777612,20283495,,4824076,13500799,33763580.0,2860123,,1386741,342171,2559518.0,326727,34439065.0,2899954,47883662,1002403,61303535,8253277,352808.0,2418346,3161779.0,269888,6381000.0,183600,1178685,5688229,1023896,4345936,316954,344983,873089,84787080.0,45395643,515478,694841,30492296.0,53950303,19399410.0,,392711,3009432,3108944.0,7899984,186589,33338092,5889007,1558685,34437475,236093951,922324,736890,10389194,3401862,10186429,22977185,440145,1964672,102965,1119166,1727501,,2792697,1940645.0,4580501,2340487,49218448.0,5622146,11893709,2934043,3270528,1845252,12600868,813577,,971691,2592445,1988831.0,153501,1498976,8878039,389812,34313047,12063184,4712871,445395,1216851,171047410,352617,1790698.0,461089
2023-01-31,4128516,2500050,558453,619313,2154442,5513992,8543130,,2198543,14011243,31947853.0,5869607,,2609265,437744,3115321.0,771095,28682258.0,2129805,40672615,844455,35216092,3073297,548571.0,840545,5421428.0,875869,6480612.0,354133,224223,3805145,1618358,7227408,399709,327304,1298545,49617933.0,11524269,667878,1344208,23285495.0,31284255,15368613.0,,974298,3507175,1982666.0,3534723,389839,18695686,9273031,1669994,21472720,262819310,717564,2267686,7249200,4980422,6617143,22127720,377427,2262131,127125,1419612,3008304,,7339551,2891518.0,2455529,2850675,56822682.0,9215986,11306579,4541174,2628807,4174499,9040306,841661,,1090408,2392206,3015182.0,163520,2162661,8548927,876664,30903128,15068700,4837928,740459,4641245,210118648,1044438,4124894.0,610934
2023-02-01,5724768,1626167,324733,628395,2345358,4046438,5100720,,2072186,10587669,28527540.0,2325391,,2146148,276145,2841895.0,761841,44890407.0,1088411,21257962,1334812,19544974,7306743,320155.0,1026143,4812861.0,626669,7901943.0,308257,235271,8852365,1057617,4050617,420687,360406,989407,40684622.0,36978256,674142,727811,30489742.0,27200209,18978079.0,,737444,3523411,4718857.0,30892744,662964,17964371,5075396,2184235,13348284,360728092,512207,1664806,6146686,8239060,5331690,14217847,268447,1524146,92216,1616493,1989425,,2603539,2699229.0,4033293,2788520,41208392.0,4424591,11526925,1702318,1404704,3366523,10530720,720783,,1276828,2342852,2946569.0,178811,6768808,12676383,451009,24946434,10718295,3464527,879021,2915044,191759782,1020922,3384402.0,2662198
2023-02-02,6522947,1063609,932016,921597,1930335,2997209,5351852,,2173963,15139538,27188071.0,2644076,,2145055,361360,30095823.0,1454777,54054450.0,1149704,43580272,795712,36850189,4175518,509707.0,3710570,3553511.0,342234,5846024.0,398286,315496,1944374,1878725,5739542,1033238,586401,1095474,35615036.0,12392870,684746,593534,15131902.0,32064061,22326324.0,,629686,2666813,4480732.0,2806025,561153,29804931,7978541,2190791,12997047,233055500,605383,1396041,7117247,4482773,8281889,17283111,480772,4399326,224236,2372049,1462309,,4824558,4048732.0,1659473,2118273,25445750.0,7032946,7658542,3447864,2138536,4537953,33033692,688767,,612061,4075480,2498475.0,177550,2137963,6850756,677095,20157461,26514134,3233875,1107009,3185216,176465160,449907,5977483.0,647879
2023-02-03,3797086,765986,488873,870559,1931588,3279606,9600161,,1998719,9971954,21357380.0,2133282,,1689219,231654,3720854.0,690143,35547116.0,1815088,36398554,733240,38050713,2192107,444323.0,1492628,3657227.0,268252,2313897.0,243459,279215,1011202,1184712,2764059,673536,429277,2707015,34505658.0,9430857,399561,961006,14661110.0,31727455,15861390.0,,461079,2935967,1996070.0,4566830,409863,24550200,6074570,1805372,13037908,113217034,508904,757634,4934933,4149538,6077790,17349624,437542,2072004,143925,2200201,2160074,,4143836,3806583.0,2190999,2067699,26628126.0,5607294,5487103,2382858,4505111,4476643,17062978,510722,,729935,2468384,4083942.0,281609,1994108,5269136,373934,16739080,15424423,4127178,625501,1204064,173485203,533225,2007999.0,501697
2023-02-06,2382971,1342991,523025,596258,1736200,2859248,4505006,,4571397,5308309,17931883.0,1853483,,779044,173752,2081122.0,381097,39657484.0,1508063,33054951,722293,21941210,1753527,371746.0,953063,2334228.0,255111,4955082.0,222415,225547,944427,920822,3445530,482118,379365,1807223,59100276.0,11791733,395170,926902,16732991.0,14693528,17586247.0,,378570,1167010,3316729.0,3408277,317945,19119360,4939988,2224909,10106174,189494435,505433,4398214,7315601,3103095,5656928,18238500,404174,1488961,150343,1697971,1550025,,2593664,6844031.0,2259521,2044393,26303954.0,5132760,3319854,2278084,1819893,2063391,21542892,465024,,507341,2353572,1776117.0,110355,1602389,7577672,351469,10117137,15907662,3279968,389513,1071855,90805013,540855,2181229.0,2830044
2023-02-07,2452038,1632105,663547,515756,1260480,2669775,4751358,,1392341,4568034,27257436.0,2540649,,1368055,241117,3786856.0,529157,112423187.0,1477609,27789467,1005987,20573703,4640818,282206.0,1896211,2867240.0,359202,5991481.0,563223,275759,1246007,705990,6642256,433763,1311484,1270954,37888475.0,13843436,819790,860051,12511028.0,23450768,14065891.0,,465106,1461942,3391957.0,4528531,383710,21338557,6196181,2977959,16181606,187980494,457967,855607,4167437,3118191,3989130,13297620,582581,1020079,116127,1236963,2081036,,2750552,3171717.0,1102866,2220197,60727166.0,4374138,15887213,1783773,1779832,2429452,21778307,630218,,734235,2311398,2458010.0,189319,3012402,6428716,358599,17562908,14741135,4462386,665932,936029,89021688,391590,5181678.0,491628
2023-02-08,2257426,693509,422869,986411,1329590,2386002,9673730,,2590923,13883727,20120348.0,4697139,,1044336,397913,2028264.0,413497,83266622.0,1086995,38646091,901871,17837136,9672156,223519.0,968688,3286058.0,485385,3658090.0,211089,269758,1016058,832398,3840635,488081,311156,1310651,57512913.0,9320727,633944,1069975,18354436.0,38881905,13440709.0,,649856,1286053,2217244.0,2723091,176703,11192349,6804976,2200965,18171107,187038913,563340,1627077,4928203,3349076,3637180,26920530,481272,1193882,91217,1660673,1406250,,3160750,2612016.0,1426053,1778377,20061123.0,6086722,6354946,2294602,4899309,1775217,16196086,1318089,,765608,1691475,2065618.0,122364,2389612,4161430,920615,25613811,35071293,4670940,423575,2016780,137249480,478074,2421750.0,464361
2023-02-09,3415859,1954043,412812,546438,2733115,1978871,12376347,,9530658,5592010,158538872.0,10115500,,4575096,294181,2934187.0,558174,97964110.0,1092976,28000229,1027897,62978910,6311298,426487.0,1105253,3801017.0,817176,8261576.0,86755,1492543,7881338,1256939,3017460,316896,1001184,1772899,55848717.0,12329512,1000037,1037332,11973734.0,50067355,9861104.0,,917501,7549104,4989407.0,3483086,477231,13055900,5380893,1758205,28664818,248265487,828897,1301190,7291319,2279947,8399741,48027413,629479,1508863,79864,2456764,5586378,,3357511,7911703.0,1078290,2495163,20437688.0,7750963,3550061,3379770,3468474,3495283,10775812,860805,,916350,1882297,2401537.0,109744,1898905,20178410,395722,17165147,13242186,5497614,1325522,2221440,170150371,392211,3331487.0,883532
2023-02-10,5781805,1810769,562005,1647638,2012533,2033673,7493331,,5534265,7799861,46689161.0,3801667,,2337268,313072,2262552.0,539020,115397585.0,1440042,28612130,947022,38916001,5640585,765290.0,1027921,3201709.0,566803,4563272.0,201296,288431,5822833,2025114,5349667,494462,1516677,1494427,103138678.0,8734481,600829,842936,24366412.0,44206705,28556267.0,,834284,2010831,4538083.0,6739327,393496,20551089,6438282,1231982,14369768,225038197,585085,1826960,11445654,7847858,6983856,21664421,172695,3158768,127187,1086654,1355614,,7412592,3113716.0,989077,3128788,22069170.0,12380571,4508802,4174616,2681088,13877658,43578076,1020741,,973539,1932170,2218446.0,319328,1478836,13174846,318463,16378885,15448986,5346945,544267,980848,78985829,696605,2408783.0,720316
2023-02-13,7030625,1098402,968691,564592,1610569,2702809,7481271,,4321426,12010066,21870906.0,3000317,,3673461,237558,2212602.0,427706,76344432.0,1831622,25158525,1636515,34217275,2840281,620770.0,1345392,5526367.0,226354,1996508.0,104934,127742,3915416,1204784,2868318,322672,284579,413711,35676279.0,5913023,285269,854931,9056789.0,17575858,11974072.0,,599652,1932284,3672802.0,3228212,231629,8853376,2972264,1030512,9501091,72370911,673791,747134,4734423,2449160,6008854,14339700,215759,2251703,228222,1394345,3071074,,2398264,5226412.0,1917045,3477909,19855592.0,9907082,2703365,3352464,1226532,2216002,12768958,593296,,920882,1523292,1079191.0,182109,1297293,3306049,625771,16641416,13842201,4756349,438230,2196679,107279664,446033,2049566.0,912201
2023-02-14,3375477,1113511,397209,719657,1229164,1861720,4711553,,1576817,4519890,21599769.0,2463327,,1264859,232411,3392183.0,385816,81010130.0,1680115,29096141,2588671,37613535,1752581,252238.0,779053,2467678.0,228492,2027079.0,183380,304001,2534853,996673,4555203,408353,356541,519347,31983640.0,6731259,527396,613601,10874686.0,23568066,12755076.0,,677032,1440043,2048790.0,8221068,346383,23042924,3354769,1612356,8882967,139594661,585257,1411785,5229155,4332315,5212221,19534499,277661,2115167,162766,1593110,1936169,,6737211,3050496.0,1120480,1931230,24583021.0,5121939,4296186,2542518,1702245,4070230,18049528,622654,,1205900,1896077,1808749.0,282401,2546207,6802291,492766,15671891,15354249,3902739,669911,2619832,142385013,441147,1635051.0,461392
2023-02-15,6926322,1076452,290596,438973,3086786,1316385,3628364,,3028574,9022820,144966337.0,4636854,,1130188,205641,2065621.0,362488,79287029.0,2306702,17885112,1433837,31887463,1574942,195603.0,2384104,3940617.0,259469,1368206.0,330484,417020,3102777,666951,4943646,340086,383735,616863,75826340.0,12727061,279556,483043,6143120.0,28899482,12636284.0,,404169,1556771,2096279.0,11881248,212517,5713738,3333806,1107901,9136910,217595392,369653,1270534,4012275,3016056,4832377,21540348,208375,1549389,113794,800990,1353968,,3184820,4196463.0,908758,1468027,42282405.0,2872394,4924149,2308819,2965723,2879893,8918071,622191,,1370381,2939360,1175298.0,95252,1820936,4524649,442668,15321641,15084640,4445678,605791,1527428,105776862,337931,2724813.0,626722
2023-02-16,3246831,972175,397597,519290,2863292,3777265,4211470,,1937907,5549706,49374194.0,3736163,,1052576,258513,1442797.0,495108,47259232.0,1950820,24446420,892262,62669399,2213055,610662.0,1864798,11240317.0,276565,3228890.0,174056,367078,1380365,775547,3298221,441388,155340,1010594,60030111.0,5432254,333385,536198,38127371.0,22110105,15491486.0,,385016,2708705,2089216.0,1465261,203247,4640161,3784311,1153940,17127195,88714159,546823,613077,3897961,3294988,12291687,23301277,239112,2310118,463087,1003716,810734,,4496269,1800078.0,735821,871350,33897663.0,4332959,3097265,1464452,1292059,2642530,10501349,879811,,719225,1755321,1139979.0,58832,1281077,8050397,476129,13923969,12072134,3092894,880816,1173936,166933806,504194,1536209.0,966231
2023-02-17,4288735,884257,945566,990472,2453759,2949616,10218783,,1809735,7660911,64702066.0,5299814,,5095859,252975,2525463.0,475466,59214984.0,1472355,45790025,1733032,42014723,3257416,422625.0,2300110,5222527.0,126826,4096896.0,342514,424358,3364427,1012160,4672382,561975,2514503,897340,124182535.0,9121044,518983,532490,8918750.0,49880459,18508611.0,,414704,11758800,3285655.0,2498297,302978,10458997,3376064,2126055,23886763,382886231,732900,1325587,15705738,3982010,8466992,122351815,179110,2599706,263879,1077183,2100513,,4216874,5030060.0,2073207,2608647,22917027.0,5219020,4081235,2315940,1476686,8209287,11956209,1001900,,1782435,2354990,2964313.0,169639,1838029,20267390,636903,45132333,23903152,3903033,612174,1103010,129690160,472819,3003403.0,299062
2023-02-20,6056402,727431,316327,194100,2276648,1432589,2681561,,902044,2815192,35128709.0,1066862,,1939961,195151,1056434.0,437806,24159385.0,1316443,12834529,794251,28546348,3246639,288417.0,906702,3861463.0,85468,4840901.0,106231,135894,563849,559173,3667414,324353,2482831,352576,41228511.0,19907228,181425,273309,11529057.0,28987969,12109125.0,,527706,2083140,1145428.0,986035,251667,13738225,3630942,914866,44103277,112028222,479873,2805029,2571813,4251536,10527911,54884354,169865,593637,88639,1040632,637221,,2392926,3683538.0,2927441,716670,16060412.0,4297040,3038449,11154025,2625956,2855842,5127359,1444143,,403446,7051990,2512907.0,95401,675238,26390211,424061,8042551,15259593,1708167,343896,3276234,104746673,242496,2787934.0,223133
2023-02-21,3889598,1828752,258012,534253,1560050,5168155,4301868,,4363971,11839059,114830121.0,3950821,,2225589,766374,5441616.0,420050,58925165.0,5018648,22449907,1381219,24434185,9637407,267918.0,953811,8128840.0,159689,3054811.0,182234,210025,1246164,5436716,3496617,350902,634046,400091,57050675.0,19768260,543984,618270,14482991.0,90988771,13635638.0,,858853,4200524,4204029.0,2167021,174142,7087210,7616828,1351111,12112680,232515990,1088148,1315943,5380657,3731487,6870412,53831232,223989,1457183,134539,1131338,776334,,6537939,3697115.0,2062778,3985378,20426555.0,8727323,4549972,3457882,5500315,8629096,14364239,216688,,610228,2499827,8805657.0,501845,3167197,8420593,527757,19036415,10703217,6581168,878087,1060571,93005327,1258051,2650048.0,1074092
2023-02-22,3656998,1566140,491736,706403,2393688,3431199,4586444,,1708966,6532425,35163655.0,1684164,,2085259,142458,3018363.0,685406,68447518.0,3184337,15843947,707574,18539991,2379393,277184.0,1642140,3134241.0,176122,2768954.0,219393,211257,3304344,1906025,3237969,497709,1235604,523264,48557488.0,4551282,628602,705728,9431801.0,61497084,15625469.0,,924991,2641771,2884285.0,3010732,392855,6342280,7642205,894458,13301255,256234450,1049450,2008987,5009180,3921365,6560631,43988539,259990,2446502,121520,822776,758281,,6893570,3590246.0,2526515,2667144,35690897.0,7876279,5177535,2945581,980734,4799076,17484015,629259,,711130,5172628,4555843.0,68349,1720898,6254982,478709,11103967,13055612,6100119,400975,775065,121884834,360362,3634026.0,392700
2023-02-23,6479055,2040422,656769,831722,2261549,2345975,7000036,,1727667,12441577,40518994.0,7684814,,3907486,218431,1154634.0,436915,63107361.0,2063859,13118785,461843,37967887,2494846,330033.0,973719,3383699.0,104975,2828303.0,178425,177800,3197089,1664547,2700324,283048,544570,706053,51724685.0,5114332,1062916,569161,29560599.0,20973923,31779443.0,,707436,1265031,2966788.0,1949877,347139,5006327,9418020,1099954,22879878,221996856,575597,4638050,4452246,9765327,3370805,35944627,279577,2112342,168459,1322056,975362,,3267975,2963531.0,1707026,1673940,271613075.0,5022643,3090442,4354022,2091194,2917519,9430319,1427527,,615198,5349217,3261771.0,371778,2347105,7947807,405517,61867469,8507529,2058859,353246,1495277,121912363,418133,3791953.0,2208972
2023-02-24,5003729,1485170,360466,693407,2158788,6253647,8194619,,1649984,10008425,47280571.0,2285152,,9086087,160567,1424153.0,896571,48017492.0,1547688,10478438,569509,38219038,6091706,328575.0,1473552,2127550.0,179470,3120853.0,200878,372852,3541236,2540644,2745789,415814,795060,524513,52750612.0,5004505,967274,721138,11256369.0,26410291,68138804.0,,574468,1230637,3023814.0,12728945,585930,5635241,5289148,1570922,20406390,340229657,571727,1427403,30160160,4683481,4329242,17280086,464078,1986026,125435,912461,744644,,6064997,3518911.0,983237,2461270,146380643.0,6593310,4125987,3469113,5688161,3463343,8558426,514269,,641536,5146555,1958668.0,73072,3835376,10415802,400674,23013984,10623649,3276094,1086473,1861747,167371777,545765,2295296.0,531881
2023-02-27,3575974,1158180,522207,386749,2194972,1459996,6148061,,929834,12123420,65039485.0,3517828,,3790040,171514,1004973.0,948933,48174573.0,1225212,15734837,391776,14587692,1968484,502675.0,1985778,4183354.0,133147,2468795.0,126580,255645,1879789,1353696,5451699,380735,869497,388895,24574225.0,5114348,396603,473038,10797086.0,59154081,21265478.0,,368787,2873772,1694981.0,2143374,497533,10415654,5210337,885317,13151446,124339369,558888,1320383,9548687,5647625,4188143,14808390,339996,2141865,79133,1188132,1543094,,3552534,3758608.0,1647480,2557384,85825516.0,8549064,4735474,2900107,1727109,3527295,14471333,361156,,434510,2101615,2296825.0,50581,1449903,5811022,584176,31074442,33080826,2821485,502017,1351073,102949719,776306,2042051.0,760833
2023-02-28,5670281,1906317,726503,980359,2955155,2883183,7155509,,2325200,8948579,77677027.0,4708833,,4483519,379232,3156108.0,1875236,132842967.0,2648692,23200162,1034602,27406146,4060957,1097955.0,1725994,5540982.0,792417,4651195.0,337614,175553,3374083,2013636,3172184,427715,1755750,486206,74272542.0,9855012,1434308,1437235,18823429.0,35947658,20261893.0,,1116332,3388072,2645527.0,5183243,982668,13573160,18595533,2684604,20719320,301689386,1429146,2354015,32993902,9969820,10842387,39613343,682917,6965834,125083,2200287,3158674,,4785129,3509503.0,2097681,3586419,62199372.0,11960876,9690707,18237708,3524870,4580415,30207790,543761,,1457690,3184644,3813184.0,132222,3691001,15622068,1256892,26008921,23041217,4477584,1394979,4470437,128414888,968089,6892389.0,974143
2023-03-01,8951929,2466117,1398045,451189,1857222,2210031,5930619,,2258745,16962937,66688362.0,3362872,,2729491,411560,7431837.0,1091028,100023591.0,2428563,11728255,696780,106774241,6118759,1142351.0,1776683,3385665.0,395603,3660773.0,149740,347537,3071187,4279325,2843893,280863,1393661,1216502,50745151.0,6061369,714936,608765,20780935.0,79309751,65054035.0,,614391,1887081,1702416.0,15381555,536449,16451336,7498232,2031240,35652831,363460753,846875,1214011,12413245,7671106,6916039,38818884,239785,3073705,170253,7240825,1141693,,4842420,4691331.0,4644330,3555325,79963396.0,11343796,4775853,3823481,8091733,3303957,16214281,707501,,747851,2028982,1810350.0,85891,6029953,6600601,1275777,50238019,29517093,4727344,787243,2115552,200473821,1572638,1955223.0,610585
2023-03-02,4344137,990922,612157,1279232,1709203,1609421,4910137,,1455371,5293317,47614942.0,2129713,,9090223,224516,2258298.0,1088608,77874419.0,1201634,21398481,485728,37062734,4052093,782856.0,4179964,2229134.0,129506,3042010.0,225374,302103,1580951,2399411,3515718,218423,309653,563624,36760914.0,9388251,434078,718144,34924926.0,20312797,42456213.0,,421045,4242471,2347452.0,2438072,300256,5486703,8140353,1514531,23149912,307246676,1777716,1070878,27528555,17758510,7683702,40373099,229558,2520343,104146,3298625,1443809,,6628984,8065021.0,1985684,2009774,64863713.0,5130801,3434372,13452949,1226170,2927500,12781702,344088,,416329,1692290,2533916.0,86742,1791450,5507414,666620,38167604,41251010,2244641,701857,1709917,135929871,869173,2696461.0,313598
2023-03-03,8109083,861766,722743,564041,2493271,1700258,5751128,,1621692,7852972,28320132.0,2480686,,5243478,437449,2028111.0,1444795,35685967.0,1912724,22408826,462238,20636878,4581746,520946.0,2812832,5056990.0,230464,3319736.0,137253,355866,1017309,1320570,8869562,285966,378412,510052,34776507.0,4790306,522656,820415,24372453.0,19436809,26523124.0,,1314702,3342931,1224676.0,4852567,388093,4428458,5583416,3969653,29428268,106907605,851288,549570,6485859,9728487,5575056,22344366,311455,2465762,96105,2451924,3574565,,2864923,7231408.0,1215025,8061586,43048400.0,15783745,5137307,5284859,3856222,5179370,10906069,537587,,1178738,1652902,2918178.0,119515,2018284,7394600,714135,13850050,43610866,3638772,772682,2052224,85018437,618692,4676881.0,747145
2023-03-06,3820634,730261,963077,1238540,2336220,2894072,11294702,,1662736,12439047,12810497.0,2505740,,3474484,267079,2573994.0,570107,39342667.0,1047651,52110216,637028,46055475,4745160,288492.0,955047,2503632.0,119854,3684575.0,169016,515991,763236,1716115,5044043,893576,348971,572487,36694350.0,10663329,400609,473080,8482074.0,32648244,15886860.0,,372894,1370955,1389405.0,6502850,358416,19060247,6865087,2072722,11032865,112701267,505205,965556,11184533,4086785,5198226,27856781,389535,2589245,110621,1713417,1941829,,2241629,2862152.0,1835042,2163670,35345094.0,3848582,4371397,2208268,4758111,2329593,9453043,221907,,355930,3134889,2203164.0,56657,1539747,7598724,523580,13621542,92931051,2363653,719027,1502479,74607463,482031,2031246.0,375984
2023-03-07,5574887,2336260,673426,1203224,1911721,1595421,11774953,,3187734,3989131,40741359.0,3914936,,5134728,385800,1904000.0,477929,33730187.0,1092530,37473324,856139,14655199,1661537,341083.0,1040925,5264680.0,127269,3224520.0,275773,334679,1304149,1027865,5274450,349273,1415196,1187608,56885175.0,6371092,957290,694092,11446764.0,68429480,12246046.0,,506587,1752125,1108576.0,2236297,978140,9729772,4130651,1082176,31941650,207997923,904828,912684,7164964,5888546,4137716,31648273,228174,2287941,85542,1864975,1919471,,3079568,3676761.0,888745,3569518,42631905.0,6057289,4318092,7931421,1294259,23435301,6750477,1503457,,567042,2745378,2829012.0,87297,1795911,6517736,991056,11919562,14459944,2580628,1071090,1455681,121365615,594172,1865495.0,413527
2023-03-08,4155289,504880,2178300,1136304,1599820,3715759,15903829,,3574135,10640138,54618563.0,4961342,,2444933,158042,2007572.0,968814,90878064.0,962130,27374873,673939,35403203,3814404,338837.0,978692,6930214.0,278654,7753088.0,211091,346782,824737,3051563,7013764,434016,4667850,1053374,46489872.0,10876545,437016,914656,7967963.0,74246652,13136371.0,,906357,905419,1677216.0,6482561,771821,18299747,9121970,1722183,52245405,243927689,7750219,766462,6770345,4608834,5490032,10976054,318592,2044179,63249,1530243,2117788,,4970717,5364230.0,624897,1785415,59788604.0,4444002,4668531,7090335,2993745,2132318,27666684,1905307,,1172610,2792006,2482464.0,291869,1726263,9458803,484402,29814463,22939506,12437490,332823,1214578,127641791,1308072,3675159.0,1300965
2023-03-09,9489416,987420,884517,968117,2559208,3807811,24349125,,3708991,19255718,49699846.0,3074797,,6243186,486128,1216624.0,1852972,51064103.0,2023428,10582929,532855,146475481,3750198,322210.0,631568,6325593.0,381917,8563454.0,113701,630896,4065732,3013576,6749302,364467,1795105,635773,48249130.0,9799994,588625,968872,11600188.0,39594179,13059940.0,,355936,2428446,1900072.0,7488212,600155,14150590,4102003,2608354,29933008,148173542,4532601,1030277,13277564,4616357,4851827,25134237,340750,3045928,72423,804421,1276964,,2979539,6679983.0,1161022,1470305,67071119.0,16366402,2764934,5275849,3225712,3683849,9973583,674977,,1104896,2365847,1809339.0,374430,2646078,7865046,684282,27320622,19037740,4487959,783407,2302267,85757772,1322760,6239518.0,789277
2023-03-10,3252723,1173077,1078585,534901,1585950,5198809,19000210,,3024311,9002408,115174718.0,3129194,,9974882,205009,2233710.0,1143519,49786469.0,1307558,33170535,540296,33955460,4571221,316703.0,1897712,8094833.0,710048,5818013.0,192489,608104,3263867,2954802,4376314,684019,1047404,1010601,76305120.0,10805433,314839,540875,17184414.0,52951644,22362036.0,,639357,3065712,2928220.0,8187960,338074,18115280,4407947,2849004,36387909,255384226,5322507,1326870,11481601,4010626,7654713,36947408,279031,5041263,276989,1202446,1396483,,3322608,5098587.0,1585058,3386427,69984192.0,7042029,8529689,6727753,3787481,4956772,13384708,369337,,1314685,5751555,3478282.0,372083,2690437,13218825,427392,12458623,22123939,2573576,633421,1762631,120673115,847338,3627575.0,788708
2023-03-13,4762910,2155809,1608994,1476844,3224441,4893524,23178792,,3796358,21226357,137764902.0,5534081,,6821176,321860,2267095.0,1470916,66961684.0,1944845,22707309,607453,33787551,4595757,732293.0,1908169,7834406.0,171206,10177861.0,244558,749197,2078774,2100810,9020392,772906,2019150,1603407,64728209.0,8012155,911576,542097,19242229.0,60769749,45152739.0,,871211,2877943,1957962.0,6627615,614233,21135280,7437788,4704358,43215088,389541898,12376183,1298823,16039654,7455019,12594244,41023117,351966,6170378,224318,1651460,2326354,,3280495,5101060.0,987321,5013067,74404187.0,7615797,8502053,9945307,6070124,4107087,19306371,862848,,1479069,4054053,3042120.0,277885,3754639,18091480,763539,16454664,15163549,7201252,759490,2330172,113057400,1548509,3242176.0,1610220
2023-03-14,3967280,1543892,976019,705420,2256827,2884457,18335670,,1699355,13388298,101874320.0,4456437,,5775756,532818,2353483.0,911221,58061156.0,1023804,20947534,707075,26028311,2412213,316157.0,1326658,7013750.0,191534,3349694.0,243314,458074,1325152,1907436,3667235,629789,823238,815925,35466058.0,5927207,408042,938601,13837315.0,41114192,22641853.0,,715086,1856816,2041054.0,6161131,330920,16512554,6048852,2698562,28649464,225025720,1450668,1379780,10978944,4602128,8065842,25167715,181435,3326203,146928,1766663,1777764,,4360964,2490388.0,917983,2080565,68289345.0,6644284,8586843,4781417,3190848,6756727,19015334,774331,,1327276,3101830,2916627.0,149749,2709376,16406769,780190,13855662,12786715,3985804,957688,3415441,81913489,596602,2381490.0,757383
2023-03-15,5456868,2682890,2054339,1294451,2673433,5461173,15069780,,3311202,8325112,149633932.0,4977816,,5744697,359278,3583837.0,1322277,80860103.0,1293183,47391772,1105974,39376212,5391011,511560.0,1749750,9109549.0,267598,3472017.0,249106,714222,6235362,1959141,12481179,833647,898358,1126120,130623268.0,13479460,519028,619114,17903259.0,44631420,43561543.0,,1140601,1802721,2599426.0,4711733,389822,21761697,6409758,2597276,36133382,259713819,1148799,1168148,14231077,7741207,18004369,32821996,328539,4740801,215490,3323088,2159254,,5068214,7302485.0,1282281,5402105,58378120.0,9385476,5026879,3966146,2426329,6334716,48427247,486283,,759460,27660291,3548449.0,241761,11273372,11660708,1210105,15823674,18810596,3940434,1247663,3681804,117863874,3410288,3394706.0,1287229
2023-03-16,6114821,1600776,1321579,1704641,2100216,4102266,10800234,,2264805,8058044,158923216.0,3504064,,12248651,540091,3091647.0,1359768,91002516.0,1552527,44159667,1924233,28502019,4099717,469534.0,2593113,8081654.0,363506,4009395.0,203210,358472,2109872,2546771,5195516,609237,976983,1883263,88278865.0,10987287,385703,962183,15540276.0,41625099,25191043.0,,681987,3310881,2103046.0,6362184,380540,13070168,9620430,3242359,24422926,323320146,2223339,1384882,14086671,5565166,8970622,39437950,463615,4593546,218347,1438974,1802750,,6391100,4369309.0,1476249,2179778,42686642.0,13771383,7271691,3697807,4219793,4390692,26462458,953401,,1208299,2372922,5153068.0,149972,2492197,18419726,1203068,27359278,12447199,4225088,1150226,4111841,91732121,1005366,3039662.0,775905
2023-03-17,18731005,2255149,2354810,2033990,14957692,5264855,17773547,,5013166,19906210,144812125.0,9403061,,10390420,717867,5581874.0,2729445,243758899.0,3436998,75748379,1129421,82450187,9794328,870893.0,4119849,9177011.0,788633,11532425.0,2999110,1549318,4169698,4202002,11247467,878180,1026277,2058530,131491839.0,25051764,1083086,2443201,41751250.0,83900837,32445470.0,,1186639,4419802,5769051.0,13829456,538028,24189471,13747968,4722517,43952480,587411174,3117905,2959520,34376929,9402639,16861357,98622757,752338,6966219,343331,5290090,3953980,,7328879,12582615.0,2628455,3607108,69283833.0,18970739,12724652,21852739,7243482,11206868,47314667,1268380,,2088202,4685267,5292598.0,439565,7105123,14311010,2388974,45209821,50244636,11615093,1485119,5387328,281245225,1672667,5521706.0,1076528
2023-03-20,5959991,1167874,484578,1076963,1408458,1746021,16445609,,1411596,7166052,147930521.0,3402292,,4552441,225690,1529495.0,714552,59602146.0,891557,18745841,617862,25825472,2535165,620111.0,4493820,2978816.0,199157,2677216.0,295862,658106,1199736,1859203,4035548,539305,616618,1677871,76307765.0,7702351,1202230,866569,10327158.0,66105483,25593477.0,,519924,6802632,1894270.0,4803895,247716,13327511,6022269,1546439,50445902,275273771,1752733,1305344,23683382,3984267,6367852,37174685,385573,2277404,223889,1609318,1731028,,3423427,3475717.0,1137889,2205103,60056903.0,11303363,4725949,3586926,2465986,2669855,13202298,371203,,811228,5233762,2627926.0,144813,2822187,15360261,750974,10860981,16852982,3057641,488069,2032751,89447100,808205,2658799.0,621067
2023-03-21,3708857,875485,636148,946481,2133038,2615249,8198841,,1201315,7853811,101651780.0,2719139,,2356095,458863,4777956.0,604981,49719627.0,1215938,22575992,529395,33056271,3991181,226657.0,2641349,3924645.0,241680,3336423.0,781870,803037,1775119,1810955,2925067,479572,705781,1073154,36755057.0,3530800,305646,708749,10992081.0,40361589,16762429.0,,421519,2731345,1657543.0,5239867,204544,13499827,12252006,1842214,39683908,185822724,1071731,1058981,7191507,4784050,6872447,37201718,320947,2353534,132398,911029,2155501,,3531513,2911303.0,1405187,2111294,68978169.0,7180091,5345865,3373054,2213429,3712372,12737186,511981,,587138,3895178,3070710.0,118427,2743423,10636072,526000,16358904,13163921,4157497,483166,1140203,60642973,725167,2444532.0,809849
2023-03-22,4972427,589551,2065216,462458,1256720,1491401,16226912,,1294815,7994164,96414561.0,2657183,,2537772,378142,2437770.0,454811,81495865.0,1995359,32576264,798011,17299297,2784372,288053.0,1022624,5448516.0,189600,2931185.0,1028821,232114,1950512,1741739,3854726,507463,568269,519735,31485224.0,3940349,265500,1021670,13365119.0,49464196,10481592.0,,607274,1303514,1040017.0,2267855,249656,10594522,8874712,1941227,28055445,220510728,3814922,1025227,8396086,4056240,6535510,64868840,350491,4709522,154542,1235808,2669814,,3372275,2299926.0,820739,1807281,31301883.0,5815739,4389913,1495359,1607566,2686686,13380178,383768,,573711,6250548,2113890.0,124229,2042506,9475718,992397,12103459,10654908,5010876,740265,2495057,88895603,381514,1885888.0,605178
2023-03-23,4728162,1106621,1568902,712946,1889004,4378310,10145958,,1477887,17233926,75878807.0,7607720,,3883142,146039,2353716.0,2477057,44282935.0,1064997,16809542,3103520,22398834,4182816,647311.0,1725619,3811975.0,170962,4271594.0,322203,323284,2354648,1814193,2241566,553428,590614,663086,28683080.0,7382157,396896,1273979,40747188.0,121122873,14490127.0,,538316,3547684,1935599.0,9184307,504097,5576163,12215101,2355378,22669003,238689623,920195,1822652,7698234,7552447,6395360,31834182,327604,4073940,151776,1181593,2296960,,5643398,4489034.0,1371934,2289787,37993374.0,6594246,6628853,2895004,2472910,5279104,13605957,662227,,948524,6149241,5398282.0,120859,3406131,10976080,1437480,20574900,22936788,4577858,698862,1570435,317016005,454486,1799993.0,1181693
2023-03-24,2882662,822240,1324391,1229878,1882994,2592943,9135346,,1365404,7220631,124849932.0,3548387,,3905291,318115,2407687.0,525371,48133058.0,964860,17603596,1162145,34753083,2151530,321507.0,1303115,7836721.0,387307,2723077.0,368475,551688,1229366,2087196,4460482,561454,370775,659683,31987703.0,11703492,360980,597994,23273350.0,29131272,22154140.0,,566880,1621622,1693667.0,4318555,428129,11316995,6489060,1991319,34888966,256017626,1624708,793821,6414303,4419911,8177245,37421033,272010,6041566,201226,1349964,1275307,,2767654,2144114.0,1557830,1310044,33784507.0,7250317,3507609,1725370,3163463,3031637,22908167,573109,,1075557,5280090,3103772.0,135391,1809528,10275018,702539,10617253,17751382,3716307,556507,2631068,71231928,520045,2453498.0,498369
2023-03-27,2717751,845848,642055,784087,2353777,2147216,9572757,,1617043,7080645,88189227.0,9552330,,2946439,329993,1795399.0,712173,46212840.0,1081622,15840349,963556,26292806,2456522,387732.0,878806,7482161.0,228849,2143610.0,252425,1116955,2533185,2591086,2340725,467878,608645,1180583,42826869.0,5054221,355443,1325382,16924841.0,18380201,13921855.0,,855589,3671240,2083906.0,5719432,354931,29770962,5762072,1367166,22731129,154546828,882327,1343570,7441393,4803481,5640230,20388145,474454,2880640,219171,1674758,2793452,,2842700,1843890.0,1611203,3049863,15552609.0,9748441,4009892,2762485,2836479,1557984,11519628,470074,,920793,5376956,3035588.0,270407,3563254,7770428,535596,10623123,11652105,2989289,504176,2067647,39828251,579300,2173480.0,1070142
2023-03-28,2282875,702670,988351,1266341,1002744,2125280,16826170,,1779061,7665488,80446359.0,4848377,,4283706,235624,1903815.0,491412,43547632.0,1003487,11138759,556826,33463437,5652820,352993.0,537712,5237995.0,258960,3011870.0,148513,1035403,1076626,3296643,3331811,678475,393355,473898,47806109.0,8961543,396879,699826,20916198.0,21067542,16840590.0,,581515,8872328,2971228.0,7368822,415611,45408739,10913676,3291206,22329006,238545475,2241503,1354563,21616237,4579495,4197636,32378835,343254,3737258,107599,1409080,1335249,,3392121,6649015.0,2009355,2811601,64632483.0,6441506,4136501,2691274,2451091,5106240,15142069,214164,,1487320,4911670,2079828.0,536518,2696168,14144754,447041,45802365,14894738,4837899,1773211,2144440,282580401,914402,1857701.0,622064
2023-03-29,3331310,1861007,832889,817727,1217409,1048181,10056127,,1248968,4435353,136034186.0,2287399,,3755456,286037,1736703.0,478524,28038788.0,1409007,17711531,522857,18171372,2931111,427016.0,733608,3189667.0,306307,1875216.0,139212,853774,3456456,850853,4510720,446625,575902,693500,20058380.0,4905504,617196,413909,32304693.0,21411453,9944050.0,,421424,2397453,842671.0,2548206,293877,5375473,22223697,2515879,13850118,94511578,1429615,904832,13712096,5751915,5269322,19704726,686033,2559683,197432,861671,1491575,,3462378,1562585.0,730499,2142619,16243249.0,4054727,5279649,1736446,2069126,6265170,10437181,279265,,745672,3877280,2578139.0,169796,2337102,6969336,357919,18578847,15516979,2515168,619738,1083028,43675062,345527,4086688.0,376130
2023-03-30,2600747,1466513,823894,870312,688951,909090,18086970,,1224253,4880404,110866685.0,8174349,,3259344,165892,1291123.0,456001,48557333.0,1329559,13603739,721319,18745228,4090039,334538.0,920415,5731315.0,247897,2514684.0,241233,1092346,1470394,8001577,5119273,486742,2200105,1162397,27388217.0,3354007,250054,555728,7156890.0,12376544,21148101.0,,550261,2872990,1037192.0,5829831,172737,7086888,6381777,4446851,17562615,250162359,1251125,1038497,10147532,7365649,4000357,19487712,543758,3966061,158057,1172966,1416489,,7512092,2384338.0,1049815,1319251,26539153.0,4123687,6944578,3112171,3555394,4275165,13687748,383740,,937204,3379267,4826577.0,496677,4705756,13103412,427324,10766973,19965132,3487794,675237,1247421,61347963,358742,1680072.0,430493
2023-03-31,3984268,1743074,548851,857802,1403794,3149954,26992805,,1620239,7358593,70480092.0,3815057,,3047026,212885,2256862.0,865775,50242422.0,1101970,18770058,2098603,15254024,4410555,457696.0,4726124,8702163.0,337235,3904234.0,157833,650863,1559538,1361856,9072031,488957,810213,1197370,30035093.0,8841555,357070,886348,12206635.0,32527045,31689000.0,,1014370,4818213,3800519.0,5482248,444674,14022492,13320659,2877751,18120911,151161530,1260966,2070528,16688632,13422162,12838632,17327340,598989,4421262,186623,900416,3094128,,3005652,2472064.0,2585060,2174821,34987243.0,5241675,6631701,4723174,3049767,3605275,15584534,319917,,676055,3148081,3970382.0,152530,2460290,16368008,540593,23831948,27525194,5384182,1807141,1445653,100212320,474912,2523991.0,610082
2023-04-03,3696391,1403669,377480,779056,1639215,3135656,12248874,,1660237,5848276,61316572.0,2810412,,3709677,324788,3029172.0,882604,63834285.0,923608,13851394,1922760,42688080,4499292,470783.0,1934903,23417362.0,397266,2519768.0,317995,924375,1550081,2950488,5295864,755663,1491902,656621,57519510.0,9555457,538723,550062,20325932.0,31929737,14133637.0,,712386,1836061,3136968.0,17773491,308353,9582370,5926061,3319050,19381084,134199094,890254,1376271,17534901,8400561,4847723,18755055,656901,2621348,122669,920502,1735362,,4057629,2857768.0,1911705,3701431,129721315.0,5922688,5192570,1710979,1412576,3586060,14392673,331679,,998396,3387481,5578967.0,269801,2203527,6177065,774705,24420377,12010117,2717881,941500,2206674,135193291,649308,1689246.0,1147549
2023-04-04,3171147,1071856,930966,1490010,1100959,3242090,13731866,,1885935,12804230,85429670.0,3382514,,6049001,267803,2221364.0,591005,90212520.0,1980398,21020805,960020,21895439,2664502,319623.0,2383307,16646527.0,376512,4760731.0,179179,731390,1450347,1438878,8742717,798686,969711,1229088,45943719.0,11657719,373704,716159,13388673.0,21871508,17914933.0,,930798,4191300,1696130.0,6388499,262932,15497870,15135004,2360926,14331003,186226167,1383661,1664206,7668155,5576263,11564447,30184967,519829,1829437,116454,955136,1878439,,2538513,2362894.0,1187135,2472302,57266350.0,7041755,8732687,2007054,1952392,2798706,10548752,1394492,,773165,2679261,2361049.0,291694,1730289,5577131,669276,14437579,9154466,5825908,2141875,2962495,85538042,849012,1713458.0,406247
2023-04-05,3658621,1076711,682529,1913915,2089453,2962953,8531617,,2157931,7297332,79983446.0,2838337,,1476345,368063,1281713.0,783258,56824025.0,1034240,26529451,1023598,32311601,4332914,543845.0,2793996,8535469.0,177511,5826028.0,245924,759876,1320336,1306341,5046745,580202,366183,1270365,23692108.0,6997365,265671,742244,22625310.0,12482936,16895225.0,,1847366,1869984,2290351.0,4902795,516454,6189204,4611546,1985685,13592253,122312644,780347,1695054,8222976,4891272,7420774,15448150,451895,1581144,134368,1095785,2398597,,3223748,3243882.0,1303244,1895940,25273084.0,10393935,9626714,9748788,2315242,4988986,10811306,430584,,1662756,2695858,1900101.0,144281,2000480,6682954,724307,14105346,24655113,3772390,686563,3386936,105794192,488710,1795494.0,599577
2023-04-06,2415398,537183,654361,954101,2126644,1244480,8704794,,1203186,8305711,77732100.0,2788955,,1271036,113595,1528566.0,471931,41038513.0,540513,16934327,565178,24494984,2085309,409016.0,1175325,3582600.0,273792,2114401.0,193099,622047,1094307,1199020,5062720,748430,281837,851992,28679986.0,7088057,604453,434421,15089238.0,12780940,10176931.0,,833232,2216734,2048040.0,2807662,155320,11765431,5755562,1823433,15370092,143126790,689035,1027929,9606127,13063220,9688082,15817261,424728,2234029,100175,953731,1278593,,1979361,2523846.0,854789,2126160,22848998.0,7685430,3458503,1139733,1747533,3947388,10266584,360552,,719354,2789008,1818868.0,132446,3033259,3103567,553645,10767248,7482996,3117901,802714,1592902,64176006,403996,1298373.0,388117
2023-04-11,2512497,2677005,762535,1270507,1748641,1443566,8218731,,4498431,7140242,155427194.0,4284166,,3300084,150374,1671642.0,707515,52431560.0,673500,58775616,2839678,41887888,9184494,369138.0,2556842,4992159.0,233253,4251038.0,586865,1197821,3148953,1872728,2964298,552274,922873,769231,41864005.0,15767636,343053,481255,26733644.0,27308177,19460673.0,,1026195,5958895,1533724.0,7942357,218121,31228045,5858503,2729398,26762024,189565733,1843801,1745432,7785673,8649184,7001774,14856354,272391,1777943,211870,1501828,1781459,,4255566,5332656.0,1779171,1474963,69225982.0,8385167,4657562,2395774,5289712,3108596,10942850,940992,,963563,2872592,3378526.0,303770,2373577,3779585,632218,24140220,9967564,2920574,1128123,1894350,57229765,2312458,2014152.0,1281046
2023-04-12,2957567,1028461,486044,994350,1142094,2595380,5834914,,3148358,6126624,75043727.0,4116770,,3253882,168062,2084410.0,426663,31617199.0,1006518,18808380,1287737,38701927,5577779,385659.0,2203456,3300594.0,289741,3624273.0,376914,944243,2118072,1337847,4345421,489675,594149,1252662,40992439.0,5951360,744212,641319,13862221.0,18444217,21982659.0,,1091657,4704535,2981251.0,5494933,462733,7082598,5163842,2179550,22171704,251841134,1459663,1103041,6052098,5364504,9209715,13402994,1346649,3145684,140806,1529938,1690755,,3278982,2297279.0,1761639,2810794,21108303.0,7467138,4611446,2063122,1181158,4589060,13463774,590843,,1414533,2781434,5094004.0,120521,2405827,7698792,579700,26421558,17588764,2899631,680699,1379729,53358463,321774,2383201.0,2637159
2023-04-13,2683127,1659513,404562,1355443,1348243,1919506,9526726,,1407991,5891224,67937747.0,3156592,,3107990,291333,1991712.0,1375434,36713538.0,804826,19198423,1502228,31279016,1851085,712624.0,1141159,2966200.0,260589,5090043.0,140986,803363,1966788,1453091,3460640,592650,800983,1690178,55115749.0,10434873,496652,437904,11649512.0,31193339,22639123.0,,763516,2362057,2108518.0,4065562,312594,9733754,5570374,1251595,16575047,163910295,685482,1206275,6693629,18179463,4087555,14409162,329012,2226818,104969,2064994,1147186,,2498235,2274674.0,813550,4304197,26045530.0,6895596,6094890,3454997,1203093,2302977,7491334,456280,,898482,2156755,1508787.0,156296,1357228,7147002,434467,27352676,8630876,3189538,691905,2064050,39953102,544122,1622685.0,1054498
2023-04-14,4700480,1499497,498416,1341059,1792844,1176261,8855324,,1644644,7623630,102778899.0,7754204,,1604381,356624,1642124.0,628038,29093336.0,1423473,18472710,831401,50562019,4991091,363521.0,824636,4731453.0,193051,3218008.0,151179,1138014,2236448,1241105,3484956,369903,849478,1047915,69155138.0,14181331,303800,726553,14648272.0,46918588,9565824.0,,599433,2135166,2385491.0,9733227,531598,16393753,7428108,1181020,18745349,154711084,853438,982918,13833129,4906910,6001901,12492532,363601,1876921,122182,1906765,2576787,,9488964,3158897.0,1506784,4192397,119506746.0,3388912,3588493,1388298,2072566,3337646,18778098,753405,,730915,14366641,2745822.0,175843,3490575,15894638,424022,26154714,20081295,3297701,1977919,1310649,39113736,416453,3245290.0,875168
2023-04-17,2631729,1121716,524581,981771,736511,1183924,6105063,,1092430,8011631,48532054.0,4355212,,2487858,119884,1840943.0,432146,42722801.0,570301,26140110,906795,36800840,1668391,318637.0,1770016,4344304.0,445122,2874869.0,293281,399318,2734905,1253827,6765016,334401,598720,1155797,25627996.0,4719892,275161,371122,7660668.0,17022897,17216790.0,,774074,2414502,1773942.0,6408401,178121,26572434,3407139,724438,14694128,152695130,1290742,1209363,15723631,8273378,3919961,18074237,253768,1407805,155528,1288263,2885421,,6824792,1685281.0,1794463,5506006,34531390.0,3501693,3541132,1022572,3248302,2151421,10229536,614901,,416319,1708899,1576564.0,149362,1332240,7404279,486342,10961794,14421053,3428905,790735,1035381,70447442,725268,2130936.0,600171
2023-04-18,3255276,1049604,539325,1546638,1205220,1410804,6970742,,2047219,4692363,34842720.0,2258002,,2952729,173586,2404420.0,306358,33195166.0,587215,47105583,650177,24266811,2078868,370725.0,880174,3995856.0,263944,3161397.0,202506,411554,2842991,1068851,7522060,311692,400771,2153623,23011001.0,6743744,401004,447460,10897805.0,21150937,13119810.0,,709939,1463183,1480724.0,1895240,433485,8075382,6271343,1020964,12898287,100322887,811095,921067,7352618,11544320,5039605,14317812,420976,1204117,207196,1387489,1348455,,2556577,1543029.0,1354049,3835920,32623298.0,6791812,7005767,2024184,2192141,1932386,7933578,396529,,832051,2408432,1682283.0,117219,1847943,5982452,421785,14529262,8605721,4583381,564515,873778,39878516,411929,1609457.0,558864
2023-04-19,5668885,1052922,428280,410143,1539618,1135812,4756044,,1072912,5155722,23709051.0,4169685,,1785981,202252,1921875.0,339460,42764947.0,664410,32867473,672834,20421011,2107404,270097.0,1520057,3981073.0,202897,3518160.0,228737,596080,1819379,765227,7132039,393287,455341,901664,26035017.0,3389343,410220,484299,10522231.0,16476041,8453795.0,,794262,1800761,1923923.0,1997253,172474,6486444,6920044,916375,11971200,100329243,448612,1085824,9328994,28174701,5019667,21253957,179520,1479511,70776,821707,926445,,2617689,1714789.0,610980,2048438,40799859.0,9472816,3583914,1826745,1313972,2690770,10129787,390089,,1614963,1813174,4749921.0,77680,1299339,5593199,504868,12789780,7411080,3389257,951938,1376990,101970362,503890,1507464.0,412799
2023-04-20,3398169,1024061,355064,1058477,1680405,1688878,12887693,,2691006,6931891,51785070.0,4281174,,2198738,283349,1646008.0,863434,38107704.0,753146,35051798,784675,53319196,4906406,399784.0,699871,8495158.0,240875,3134526.0,543122,556074,1101897,1868593,5776674,261548,1430413,704845,52419556.0,4190281,635145,938397,28365992.0,18149031,11901333.0,,593253,1270188,2566565.0,3950976,663374,5007301,3212342,981009,11157438,132038364,1243867,2303341,13266129,73775852,10134332,19964382,407656,1033883,72979,912315,2281507,,4315563,3198618.0,1540289,2646830,52655610.0,13393500,2708650,1334632,1724634,5716001,15071622,727469,,886125,2154187,4727317.0,131981,1447929,7525376,976931,12940031,13171938,2724755,847843,1260346,106663174,463857,2087154.0,1320587
2023-04-21,6326856,978327,432332,873143,2356524,1469757,6996444,,1604980,7973357,34635495.0,2624668,,2241829,142095,1752743.0,859389,52359077.0,1785743,25047620,1202212,34720895,6051581,306197.0,1442063,4201223.0,277467,3302609.0,525962,496630,1539002,1834611,4145329,386028,299640,978870,42141303.0,6483697,873077,652227,14709552.0,16475926,8686405.0,,543635,1473323,1913999.0,3372637,433315,5711987,12961974,1970042,16333782,111401952,770191,1208610,5879845,17748082,5801376,16464240,418211,1940808,135885,3648625,1739314,,3306994,5102007.0,1277933,1344459,19659036.0,12945441,4139266,1670312,2931321,4581728,19417371,898353,,761930,2291321,3111637.0,202391,2667833,8149620,3366039,14929820,11402964,3808146,605840,5341181,55648832,514862,2114050.0,435658
2023-04-24,3263591,1494651,435858,551751,1159586,1332809,5960758,,1344950,8694496,36313960.0,2954608,,1216462,142998,3971699.0,893280,48007264.0,1108778,35483969,584070,24830726,4978490,150846.0,1560741,6071821.0,339023,2951860.0,95782,905421,2016419,2322144,1993205,277744,937000,696815,84529759.0,8257372,213208,485764,11597078.0,28074221,9052990.0,,660640,969288,2113031.0,2217757,606333,10137560,2541056,1155540,15790268,145956656,1100058,979447,17459326,12042805,14064804,16649652,360302,1860891,146374,526236,741374,,3046821,3133314.0,658254,1096668,25554706.0,6545594,2776052,1314524,728309,3110808,14514607,1164146,,689676,2311358,3560012.0,256707,3454603,6333199,520788,9788205,7859629,5328225,993618,1412807,64263404,299008,1979543.0,1243958
2023-04-25,4534599,3119398,392007,404413,1057926,2820467,8356366,,1694844,4683395,41514946.0,3675287,,1379766,170705,2725446.0,684354,54938104.0,775285,27594674,521398,46713713,1445387,524166.0,1025118,4195194.0,179204,3010649.0,448585,362392,3249297,1274911,4346526,304336,323957,726466,42979423.0,6611974,420383,901689,12092425.0,19470392,10087199.0,,680979,1154704,1828720.0,2389403,335759,7043249,4447473,1382594,16306817,181788757,948016,988845,5046814,11294632,6533790,17683816,283135,1693026,94124,935770,650983,,2187550,3284620.0,1246272,1846066,26353245.0,5210133,10413286,1010550,1319128,2237024,7852267,442656,,915526,3188665,4360807.0,119850,3047190,11356953,852196,11672810,7261457,3777560,836441,1497239,49909571,426965,1840418.0,1173421
2023-04-26,5014539,1985453,534964,1001602,1059981,2338199,5797738,,3561383,6908236,49550436.0,4739087,,1295112,260465,4381956.0,1402523,37826711.0,1192047,27282351,512343,49495204,5534094,497328.0,1909900,7862109.0,218595,3354274.0,256991,495475,2301139,1243285,6174072,390187,351997,666474,38459589.0,10203942,646205,809771,19254466.0,21487013,9125879.0,,864673,5538640,2635035.0,3952143,333655,12351651,6487178,1336059,23030867,134294890,1312155,1177695,24652704,8089729,13830240,24636780,305827,2403435,183898,2489792,1413790,,3251646,3937625.0,2228860,2591134,18974344.0,4419161,7244090,1837470,1939978,3227675,10083774,475340,,1040195,3643132,3572076.0,429054,4054015,9599041,356478,12632291,22819418,4443072,949965,1108219,313966513,617455,3158807.0,2507297
2023-04-27,4916643,1136866,510061,1502458,1257322,1584248,6474045,,1400645,5827866,78793688.0,2181179,,1580672,221925,2985844.0,855135,29337723.0,1892178,18077997,817218,43471652,2734169,358115.0,1413272,3507806.0,231586,1938166.0,437006,724623,4343264,844911,2709788,216710,424302,1297301,24921852.0,5941250,309913,873218,15350517.0,24614220,15173427.0,,1149817,5377223,1450174.0,5180401,285822,7731846,3070290,957972,31787493,111447928,1454446,1081266,26320154,5116303,4153518,20938491,222386,1917990,77645,1944513,3122032,,2500939,2426289.0,1470262,2944929,13067488.0,6052554,8659758,2848241,1778080,2093196,8775316,1020605,,506094,1961577,4629177.0,232898,1885164,8414412,457923,10623684,15283676,4829819,915736,1200788,107226226,489841,3588148.0,880193
2023-04-28,3861685,1389974,498574,881565,1989100,1891098,7743067,,1622067,5435098,41563257.0,5673750,,1885901,218691,3218766.0,628450,102346561.0,913455,15154715,606577,56182838,3079766,379764.0,1703202,12397502.0,270986,5554428.0,92758,358501,2753036,1140204,3397344,363912,435780,1838312,54958763.0,6085837,1137811,911937,14768499.0,26012411,17420335.0,,585846,2158990,1806873.0,8513998,319459,20036114,4541274,2311009,59911078,227729312,4000407,3857212,10109724,7322214,3950456,60451507,367261,2729966,158445,1334772,4328088,,6589739,3253397.0,3489556,2417568,20066564.0,8535774,7445615,2498574,1850724,4032343,14595736,702399,,1031009,3497988,2942958.0,876534,3156636,6955791,993282,26046696,13517741,5111793,654829,2223630,61648879,625070,3000512.0,713797
2023-05-02,5463015,900517,620130,1883746,1055815,4299483,13160608,,1794124,5669384,49769428.0,3388869,,1414771,369383,2963801.0,606328,100298625.0,2912397,17382186,2936768,42212350,4765957,370378.0,1567936,18765025.0,349831,4200691.0,227828,2427060,2015312,1600430,3290936,378888,1446327,1023401,29347315.0,25862592,607675,970274,14975017.0,111897000,18088602.0,,581409,3243754,2707894.0,7118367,573295,11010132,8806984,1730805,20060976,227428509,2440506,1514742,19583345,16999562,7720139,29700794,333164,1652496,116839,2883401,7289374,,6082144,4484947.0,2042130,2737643,53793229.0,5457984,8887290,2550734,3334127,3474191,14405401,722018,,3060250,2052880,2874429.0,236908,7878646,8101357,773465,14968533,19589118,4194195,1033303,1583752,70635328,284980,3115641.0,2346899
2023-05-03,2905366,1400686,683381,714319,847429,3332784,9129419,,1005207,4450750,73452404.0,3416133,,9306117,172707,1550062.0,453193,63327020.0,1228781,23269339,826895,54524583,3228580,533322.0,3676113,4110913.0,182065,1889543.0,584495,524329,2228030,1164831,2923893,357001,195094,992291,47231870.0,6707774,1271884,1559000,27088962.0,23152226,26352755.0,,1233771,4569508,2409505.0,4188136,1252015,15020457,22763418,1042257,16629390,359768316,1155119,1166700,8610190,9708301,3405987,49949450,672945,4090416,102057,1659348,7915967,,4064469,1654198.0,2423124,1869545,33091647.0,11069512,9954468,6355792,11442121,1766044,10695574,806373,,676181,3191799,4253274.0,106883,1594117,5976995,356596,12426384,14525877,3370101,688903,1233090,78677945,344693,2222634.0,1226369
2023-05-04,4667909,1189827,663045,565584,1170535,1855986,9326872,,1292780,7653526,41318797.0,4147235,,1387212,305552,2359685.0,670995,59405734.0,1162517,27704077,1485718,42620863,5394848,373350.0,2390360,3665458.0,185427,3289239.0,296762,658271,4680791,2729964,4385595,319442,389774,988954,31422627.0,7476904,350262,1017626,22999099.0,39625040,18203719.0,,1372087,3317398,1591029.0,8622471,381500,4101499,3602744,1014963,36914441,199743764,762259,2175658,13031094,4189301,4838246,31502587,777733,2203111,94409,1147549,3631619,,9817396,4022182.0,1175531,1719968,32226187.0,8629895,5027527,8077582,1782497,1833769,11200164,273903,,700819,1647910,2870048.0,199461,3085692,11571178,739680,10997543,12037612,4327279,484638,1666553,72583268,407369,3719133.0,883748
2023-05-05,7172240,627662,375303,745769,1522648,1537702,8829620,,877124,10184356,35537126.0,2721141,,3226259,156219,2652305.0,558436,45939194.0,820852,13142172,538387,13989780,3126925,829251.0,865884,2862322.0,179974,1714562.0,101099,463250,2628276,1385147,2515777,260883,158053,1624837,24556666.0,3966591,507199,627920,11057829.0,20223115,33084413.0,,666994,1671549,2387227.0,2194569,200280,19307522,4119227,956505,13111607,177734509,466038,1120539,4407541,6659523,4366432,24492255,405426,2622846,129766,880966,1645942,,7290965,1270389.0,1470747,1135649,28065592.0,6934227,5850555,2587776,4434182,1693630,23005896,207971,,520862,1275869,2298304.0,69132,1110833,4984658,401884,9611499,7684787,3086059,349774,700939,51019812,1510136,2376868.0,419450
2023-05-09,4048155,643895,1985709,654052,1694051,2258050,8187395,,1685343,7628295,71557794.0,4846867,,2126232,295203,2934376.0,592760,104449028.0,1516071,14983044,968316,21086977,4874746,438013.0,2011572,6885126.0,296813,3100088.0,136605,446490,6008121,5237584,4551679,401423,426190,2277013,31423778.0,9063151,782276,2201303,10392691.0,35837955,20948032.0,,473511,2543545,2349070.0,2709252,414324,10296885,14669700,1887199,15290802,438134925,791846,1792890,6386718,8527806,11022362,32296373,343866,2905458,71814,2079461,6521700,,6267328,2876885.0,2604419,3379705,24779770.0,4041576,8294835,1916061,1881885,12945672,15804749,315660,,1462252,1689506,3610340.0,227156,3632508,6196172,576503,43341133,13561724,6040910,561926,1094310,100337887,643151,3348735.0,776462
2023-05-10,4336923,706061,558692,513885,1272150,2998929,7090472,,1262452,4467520,100719834.0,3997165,,4229339,322793,1584265.0,507412,30772404.0,595945,13479776,693022,31767580,3547103,172661.0,2114506,5370336.0,212197,3001915.0,194609,720688,2648665,736524,2402936,252516,354434,831206,31962205.0,5448802,353676,686638,12418690.0,16305805,20143412.0,,983834,1305887,1148898.0,6356507,283444,6237545,5396655,1470935,10668319,144013742,656365,1729301,4889987,12608678,6838167,20571611,192794,1987234,92546,1076197,2554499,,3690018,3109421.0,1185118,1998739,76845873.0,2795517,3596517,3075716,3595683,2051366,13542418,202363,,891805,2168545,2497355.0,133177,1468500,5710052,463548,15129963,8710474,3942968,346998,1385400,61530317,584278,2396548.0,336991
2023-05-11,5439691,889232,526371,553834,1496505,2125809,14809119,,2240297,5202093,37699768.0,3944246,,1514175,314828,1095720.0,529433,104416824.0,536748,18857940,1200391,28269401,3434096,315916.0,1252789,10874591.0,201932,2077938.0,385147,324384,3353418,2280274,2398691,318643,830576,1702571,54156489.0,4364564,267760,1537799,11071521.0,25625911,17255322.0,,436928,2718810,1904180.0,7216363,264232,8557379,6956036,1521334,15407319,183347019,1381780,2232141,18898006,11648314,5221285,27731461,307593,1901437,67201,1404332,1813834,,4651024,7195353.0,1026003,1999776,87960931.0,4453700,3525360,3332690,2799881,3138415,48169615,670220,,725160,1441942,1787917.0,129315,1231314,10028718,349682,41943742,11153853,2906938,432653,1401792,73357607,435566,1601220.0,402990
2023-05-12,2660323,777787,437661,1014412,758475,1864087,6863850,,1550380,6747253,22601842.0,4079451,,3106922,335433,1840169.0,399952,26990523.0,1088461,8140522,1815062,18630732,4491901,305724.0,2287816,10619017.0,206286,3378140.0,437827,762801,1384576,3020860,2102030,457353,963663,1519611,83230627.0,5109285,800461,834249,60146313.0,20777766,11588584.0,,900243,3936702,3253769.0,1769423,322964,20599082,10361502,2501978,25092688,236333824,750842,1385412,5533534,9588871,5273463,15716628,288657,2313810,89893,875452,1820259,,3093179,2540486.0,1728908,3314401,32974448.0,3205986,3699243,1532072,1894778,1722491,16745260,430331,,649528,1949522,1833359.0,180586,3606320,4484379,354769,22690254,26425306,3380867,457160,984161,98020713,274235,5917218.0,4075632
2023-05-15,2538831,470758,293813,484190,592048,1190204,14007091,,776116,6872911,14615597.0,4557498,,4092694,313099,1625946.0,277436,18786577.0,1191303,15221616,2221370,46219685,4524801,333586.0,2354713,6861065.0,415791,5939728.0,373093,612741,1115635,1020814,2425926,265950,157015,1266750,23222992.0,3007412,862781,606827,44315056.0,14779925,10058956.0,,435565,5123420,3005563.0,7516543,751839,9422834,14489578,1372858,8962753,288425062,557223,1019747,3270107,9164239,7279344,12226574,208561,1613780,67123,668215,1222277,,2449089,1573685.0,2370481,1323155,61153300.0,2123867,4438121,1610306,5491727,2520249,15909214,192324,,402410,1550430,1529784.0,260949,4295102,4891697,353580,12840786,24138585,2113674,539890,966858,80771268,620169,5399406.0,403722
2023-05-16,5981275,1082625,503130,985159,1092727,1195499,7207982,,1187703,20627643,65808944.0,5852933,,1709256,186602,1591464.0,720278,37094876.0,1159339,20117818,1181520,43363309,4271006,635000.0,1066140,2576069.0,341650,3536724.0,290732,425423,1081934,1210673,3909162,449568,381390,536732,23097455.0,7484486,409570,1516974,38954825.0,107198858,16831366.0,,460626,2674070,2690173.0,4847929,329994,17798930,13582156,1986648,19631894,236238207,420787,1524185,5227572,9036368,7808303,11239970,265257,2970624,90223,754302,1273648,,2249343,2327305.0,1332450,1821079,92843396.0,4214644,3642045,2147434,2896755,1772707,17840950,249483,,1237040,2017292,2356511.0,77255,7519524,6044576,369242,21617872,9334695,3607212,413048,1728840,316558219,464981,2812983.0,403568
2023-05-17,3098357,1371364,800216,520896,1867510,2442633,13055624,,1555565,8998034,19770009.0,5974185,,2113202,190945,2084556.0,308550,27699907.0,1010881,22901543,961740,42655973,4564747,1100478.0,1494959,4931266.0,247542,2977888.0,427606,307128,2061761,2917135,8921465,262780,421041,748443,49897436.0,3857190,431197,650790,33435767.0,16724626,20087834.0,,644570,2602094,4883315.0,2224582,722065,30645160,8300074,3124940,20134308,267678810,8360282,1116932,7053244,13328475,6691084,16927111,224634,2423379,90100,2680940,1783428,,2917914,2785009.0,2444216,2574956,53254675.0,4852463,9063652,1932113,4059220,2027687,5296331,640107,,986310,2080866,3329256.0,334786,1569702,5559295,665692,18979287,17182679,3895422,963789,950115,151949787,523359,1947935.0,1367384
2023-05-18,3262506,759936,468994,1024450,1417336,2971207,10432339,,1230986,6152574,24764647.0,5386429,,1160081,251516,1445245.0,365147,35282424.0,1939859,109389438,707610,45403536,5024779,325066.0,1093756,16565959.0,226146,3063657.0,164020,632226,1008961,1611126,9490698,303680,172285,549105,23791366.0,22506707,759706,871268,18389549.0,16947147,20739377.0,,760874,3960466,3328281.0,4989747,501457,15993603,7048842,1233609,10419333,152617500,2805555,788538,9550013,11355280,10059868,17401701,269888,2630637,127824,837774,1698452,,4454440,3730871.0,4456183,4395328,28572024.0,7592634,2358921,1689079,3121873,2030707,10026422,292326,,694185,2285842,2278635.0,246587,2643858,6751498,589885,13505223,16388646,3584813,642838,1432965,174278108,398508,1659958.0,360200
2023-05-19,4330447,736472,450595,794589,1093985,1952354,8406451,,1312211,3511805,39076824.0,4518250,,1608987,736932,3621559.0,426786,31851791.0,2107534,19682194,699746,12662998,6223161,391766.0,1409287,4729612.0,327126,2638477.0,158783,400845,1752898,1750129,5564506,363965,485771,879074,25805453.0,5561423,794899,1097222,28607640.0,17244865,24581734.0,,505627,2425807,2550714.0,2433575,439736,28054849,8671045,1245876,14786469,143678822,5323668,922230,4779446,10558775,9605127,10556117,405907,2344441,141234,1326011,1280071,,3468687,2294404.0,1122305,2087406,23113988.0,8411303,2954790,1726729,2247112,2926093,9483884,317734,,1084318,3524558,2363803.0,150012,2596645,4945361,443492,24412419,10635998,3851392,466223,1607112,90973049,318222,1572313.0,1003434
2023-05-22,3171472,497917,1438845,1134403,1957505,3110035,11738889,,1774287,4107884,48913521.0,3771450,,1422079,279804,1968273.0,485388,33987698.0,1818108,274905672,628275,33507843,5480213,276922.0,2020657,4717448.0,230048,3238308.0,119833,316887,1151664,2784506,5902788,663900,1232375,897499,21630920.0,9990162,720465,1020570,34737906.0,68467439,18455634.0,,764524,4634304,2014654.0,6309440,314787,17028418,8095594,1431682,22253422,383664314,7560767,1104376,13828961,6204122,32636320,12829738,311969,2312246,66840,979384,1690027,,3085010,4472034.0,1354444,2161746,19587675.0,7348907,3925583,1430950,1973356,1994395,18869323,210612,,1601740,1971085,1861742.0,71648,2681677,11909439,443993,22978877,9236379,5779303,214488,1450651,103968621,366272,1410446.0,1245235
2023-05-23,6095611,684732,487518,695358,1016790,2562717,7711362,,1644235,5240315,25118768.0,4771355,,1753548,337988,3936191.0,1053460,28870682.0,1753320,132899871,689438,20075761,7184526,416018.0,2627904,6660778.0,334587,2080163.0,174458,685589,1136510,1107417,2329694,1312693,787367,512427,24319380.0,4160515,408420,1453834,19388630.0,18108144,15868298.0,,480728,2453105,1687059.0,2797915,745290,10360282,14147994,2677823,12652303,162101962,2456213,1149425,3164992,3815577,5831004,15686136,329082,2300701,76619,884104,1606907,,2601947,1737838.0,649930,1874689,22848782.0,3914559,4093925,1500005,1956156,3740785,9689083,363866,,796934,2948230,2317151.0,89891,1973232,6812882,613797,15634396,16123704,4003224,864569,2083705,92822314,498425,1884669.0,704967
2023-05-24,5544333,1157966,1068881,922715,1161121,3643551,22234728,,2075369,8991752,26590965.0,4284708,,2589897,325322,4655131.0,1919819,41234730.0,2258816,20376078,726088,41590415,9867332,1430537.0,2805943,9669776.0,215676,3982407.0,133792,408175,1757295,1805626,4189238,809006,1228101,833522,45733764.0,4977730,404620,1502282,27243409.0,23383150,27057932.0,,695351,3503868,2481129.0,4335824,660238,12411986,21409802,1824973,33087423,382800439,2320779,1245403,10197293,7378871,7374187,16542328,399696,4196782,146445,1985301,2099783,,3155906,3000558.0,1530686,3532797,33835348.0,5224382,7034485,2108846,3244007,4366499,14398543,332414,,1514918,2692396,4377926.0,116720,4675582,7155316,929487,23339164,24961168,3889479,495732,2832354,88426241,510954,1824790.0,998446
2023-05-25,2437931,1361298,582364,602992,659036,2696271,10564850,,1076348,3756486,21692176.0,2969713,,880869,243901,3126455.0,897805,40900844.0,1355764,18271878,1294865,41373656,4661711,304050.0,1744745,3859200.0,206178,2119853.0,93675,732290,1423281,6661228,6609064,594319,848163,454665,34712991.0,4048425,1106845,1349878,10975926.0,17076530,9983748.0,,569472,4129221,2851407.0,4447007,477300,8421188,9824435,1420613,15196322,268083564,1171173,844933,4596064,8267218,9062860,35915315,300751,1952391,111835,1032322,2214932,,2803370,2426560.0,856745,2534219,31882569.0,3106457,4628560,1663600,1972042,2805835,13639438,210717,,519689,2320223,2902262.0,114051,3293321,4283377,710789,13712812,11462126,3327432,387681,2304010,93563633,433830,2029710.0,708778
2023-05-26,9838724,679400,461814,809979,1162255,3248222,12113539,,1441890,6543293,35862972.0,8331122,,1468513,374573,3175923.0,905045,34146765.0,1663289,15043610,837077,50145066,3107347,382847.0,1336736,7821383.0,244467,3545699.0,157545,1162355,1201031,1486388,4425915,449128,660226,467236,52872599.0,9735152,517028,1615893,16939766.0,19691875,10391108.0,,547879,2293528,2927369.0,3164154,736371,16562524,8535823,2231478,16244238,261876412,1364057,825155,7735372,9838615,8102665,38026581,434799,2494378,99185,1679409,2058644,,4002777,3968621.0,1016596,8463833,48710387.0,7086504,3290413,1369258,4659400,2188395,15624002,422683,,1149277,1930543,3360938.0,423660,3093562,6687135,472800,15454923,14909167,4435669,486571,1635037,112386537,353939,1283413.0,908544
2023-05-30,4133529,2716129,547006,576071,1193895,2526172,6585051,,1980999,4776125,18218560.0,4611340,,849045,463749,4562934.0,515820,41562250.0,1374663,10614358,1240501,110226555,3907553,259723.0,3238594,6066985.0,118426,3434925.0,297805,2089609,2642140,990076,3743112,522618,625378,1558741,30484673.0,5358345,513701,1550476,9150524.0,30198951,15780614.0,,478283,5229820,2030293.0,12898531,478800,14475923,8428701,2041720,21911566,324448861,1044160,880019,4171519,3407353,6979883,14927085,470302,3015060,112741,1051408,2675042,,3444291,3208980.0,1148921,5548881,23234851.0,4550066,4465143,1619738,1741684,2399924,14020622,342919,,430214,3062348,3785952.0,64892,3539937,8868385,625992,25315435,5087306,4558011,522313,2084772,149419856,902688,3273149.0,846440
2023-05-31,7942406,2343617,5923392,4872093,4235813,16052023,26270740,,4150407,14216461,87428261.0,6175824,,2530548,1211783,8787781.0,4842154,143080245.0,2671581,32320776,4281005,430643621,10718553,1145435.0,4398794,11683771.0,604870,8276752.0,1550391,22240861,6273530,3067478,6174064,376196,1624192,1605460,106717719.0,26328684,835936,3606078,30691284.0,45815294,15942421.0,,1679741,15476456,6753467.0,12000123,1528660,18894900,34223305,7123471,32215741,409055760,3352290,3521804,13430984,10052447,18997776,80876803,1699409,5367324,132380,3505966,8860618,,8072130,5291838.0,3085897,6850405,53809893.0,22469645,49336690,9794678,16182271,8528677,57481265,918338,,1505011,2399069,7099808.0,342614,12845219,20279163,3297795,45460207,23880955,12545232,1242921,9042517,443419046,2165664,5694745.0,3525607
2023-06-01,4929008,900182,713756,844143,1444308,5703672,7549664,,1609544,9166065,66415327.0,2686925,,1752252,266010,5340390.0,637541,51707926.0,1240667,19978968,1178548,121954837,2867584,228176.0,1224660,9770727.0,152095,4577974.0,368749,1780389,2457271,1643234,2487158,466022,1434128,1288407,28089766.0,7718741,281478,1325197,14795806.0,43366626,11239458.0,,724733,3585031,2565115.0,2883739,473143,7278471,8272160,1092771,16637909,411702007,1240308,1036743,8930570,7646277,12982324,22709157,410402,4823379,88040,747431,2136079,,3937011,4351920.0,1272825,4481766,15491830.0,3538834,3796829,1558624,2545511,2834127,27757224,442260,,457929,1676055,1499045.0,90981,2614555,5009576,456633,16117624,8498282,4723617,764470,4040148,89250504,716716,1817472.0,492497
2023-06-02,5177825,764797,579526,1379829,1477818,4930372,7182504,,1544750,5674640,46644665.0,2897128,,3705938,237433,2839227.0,876465,37489819.0,1244072,26590046,743334,109685415,3766146,350661.0,723530,7937774.0,129665,6876174.0,134126,2218028,2499226,3893124,3273452,551850,413462,684197,50276032.0,5464078,335289,1308286,15598412.0,25970681,20054487.0,,443673,2173452,2506794.0,3271841,332269,10686717,9593934,1267029,23038706,120367137,3299925,2097517,7104129,5860242,9869489,24475956,341455,3450249,76706,1494339,1784798,,3816874,4660438.0,1363079,3820342,52556256.0,4351595,4190203,2025941,8029878,2272895,9389052,429090,,777251,2800420,1915165.0,819795,5670253,8380392,552805,19917374,10882545,5095705,499404,3297719,139987110,933419,1962532.0,659725
2023-06-05,2097456,1460144,405110,575829,1192691,1581383,3499467,,927474,4091467,17458498.0,2700312,,2513009,139877,2356198.0,849671,67794484.0,758727,11509550,386116,19360093,2884747,177150.0,1238458,5327975.0,154679,2808818.0,199506,1373543,966278,1559183,2690417,454673,760385,535828,28585922.0,3587622,529692,449881,9804959.0,13828961,10666940.0,,754531,1775357,2186391.0,2053015,413437,4678274,4155664,1319889,16923745,121146438,1636322,2416705,8339084,4723380,8583030,37477702,160414,3108603,109100,606676,1224228,,1791492,2152911.0,473305,1398219,38119289.0,2662866,5352478,1212929,4040946,2207480,15778015,669565,,568969,2293801,1050515.0,64482,1584667,6620619,689517,24488275,16415945,3498794,420617,1849198,116916260,639019,1562169.0,309596
2023-06-06,3430707,718492,434692,1009994,781944,1628883,6412807,,1508766,6065801,24565612.0,3490956,,1396154,202530,6717656.0,1269728,55937665.0,1043805,20284121,501125,20495560,3904350,243557.0,2196261,3861842.0,160675,4017456.0,170739,2002354,1510688,1760976,3925404,499815,1310099,323732,19430618.0,7050020,760487,551231,13437956.0,15984257,7938165.0,,486310,2704986,3043697.0,4452203,398623,8680874,7293866,1106123,44405385,302399488,1909302,1745680,6071314,8778597,12061469,33947278,201280,4255871,166004,777865,1260636,,3475475,3207464.0,1121229,1163208,19999152.0,4444573,4094802,2885503,4566123,1807863,20490225,232046,,828788,1992037,1719671.0,136502,2128397,10928618,622912,25106432,10604620,3357651,558820,1560764,87071220,845035,3219172.0,505020
2023-06-07,2189277,1011656,594162,1047785,994054,2057181,4696432,,1227113,4547465,23106469.0,3135379,,3420974,357857,3581621.0,726693,32380470.0,701658,22359169,524312,19703627,6142277,884594.0,2883907,3515423.0,182617,2302459.0,157306,1698024,1416284,2650922,2920799,376122,526499,562953,23062744.0,5944485,879957,973515,22626340.0,35353495,17055351.0,,765492,2325228,2410496.0,4240498,249392,7129824,16846159,957926,21743491,149262992,1639588,920347,5746276,9733256,9083606,26527706,303443,3846920,106990,1184267,2394566,,4271549,2361986.0,1219629,1539077,21022758.0,7297537,8771833,2542758,4125133,3091474,11196181,236826,,935681,2059878,1848957.0,106368,2894683,4524373,752775,19716204,12629238,2685391,619311,1788300,103678829,590659,1541381.0,672099
2023-06-08,3379425,1364946,607651,935545,1007961,2622961,3807487,,1399930,8615181,17716412.0,2173129,,1867735,169207,3349464.0,725381,27698609.0,589717,19354648,1003767,26293137,3527706,496356.0,2341255,6801853.0,206286,2781293.0,145092,739665,2590565,1036130,2581046,452202,420647,633782,18688363.0,3841216,749561,1928807,11006376.0,17602705,11561143.0,,484728,5162583,1082182.0,7395209,568640,19579519,7107574,1074661,27562636,94021170,1483961,1109975,7031134,8689081,16296415,53356919,734494,2441626,141233,869145,1490470,,2158254,2578250.0,1393861,2467846,11900744.0,4139912,7302922,1726747,5036913,1634239,15841892,553836,,968820,1521343,3894336.0,90498,2191675,9886545,1021089,11892777,25094214,5358094,528783,2081414,107228435,471159,2008186.0,1203568
2023-06-09,3059742,779570,569297,846596,789335,5312077,4078792,,950706,3357434,31345921.0,3385799,,1481483,281678,6660742.0,966631,22650325.0,886406,16065650,527208,46794082,3744471,2484575.0,1794353,5338939.0,149641,2742095.0,147742,2400939,2872144,5416524,3060094,333051,376896,657066,24448813.0,4429486,512633,740649,9604157.0,11516255,15762888.0,,872458,1341746,1718007.0,1595142,407216,13011958,5528146,1069590,20386820,97731521,1586689,1056560,7468568,7282321,4808949,32699642,270046,3642108,89789,705225,1285446,,1844280,1402147.0,1193008,1244705,22006261.0,4321111,6328468,1125871,1603347,1591745,19761723,706944,,775070,1346587,2005439.0,113776,1228207,4224140,428571,16483574,13263880,3620845,1182860,2526291,93363211,479457,1960820.0,571805
2023-06-12,2314997,622874,434074,1019979,660105,2019223,4069266,,1391951,2738441,26578620.0,2176109,,967846,192767,4459315.0,550653,41930728.0,612829,16209551,409550,24182248,2543564,750859.0,1535603,2963356.0,140118,1957382.0,181638,2074441,1365315,5118526,1730583,364075,1042499,867880,45842223.0,4062798,404909,492836,6562288.0,12581363,13334007.0,,479355,1305609,1942788.0,1615072,219066,5904145,8193426,1099590,17042032,122260019,900016,1109251,3480340,5688144,4311378,28711764,551298,4955245,169108,665886,1028639,,1865791,2908426.0,2479675,2087374,12403862.0,3267388,4217603,1213451,3762722,3358443,15009365,208089,,675975,1779164,1769445.0,77222,1497846,3768778,364721,17874738,9552228,3899515,572591,1379668,78914740,397258,3282481.0,551014
2023-06-13,5025876,657753,785519,1331034,2208591,2286975,9099003,,2301469,6052638,103425892.0,4570015,,3652435,250296,6385975.0,969283,31504439.0,618100,22540599,589621,50845716,4329506,504068.0,2904539,6817466.0,256157,7214086.0,309691,891650,1465992,2152367,2889857,448391,7464448,913511,68354053.0,10305249,1311472,774031,10797497.0,20669665,19341090.0,,689739,1970558,2571031.0,4716363,380827,8990631,5314199,1617872,19219784,276655969,791279,857652,7072631,9369735,7855334,30231494,396438,3028348,75385,2034661,696194,,2567288,6616667.0,2200836,1785552,41099095.0,4714002,2861469,1947890,8101803,3551092,17859206,275740,,1295751,1459954,5070535.0,125274,5186600,3366551,593946,20828430,34254053,5696629,2007298,1780538,93712598,1198893,4200943.0,676769
2023-06-14,8565794,974057,890936,1450562,2815389,3058633,10160104,,1781655,8540554,20989017.0,4250246,,3112370,173495,29801387.0,1149348,47486230.0,1008046,43015380,1153168,44368090,4017549,614744.0,2607285,4515431.0,174351,3811024.0,277142,1079295,17605463,3464461,6207036,257584,414043,1175865,50539401.0,4797193,571997,1121374,13441022.0,27566717,18871513.0,,632185,2211985,1913788.0,2019461,610413,16719905,6766526,2197985,15125763,173033551,1573032,1805301,6439097,6080624,13714674,16765060,518809,3485718,93868,1248399,1355880,,2699824,4917136.0,1844358,4631549,15491416.0,5269457,4706066,2534876,5345773,2349278,20351949,865006,,1092739,1609932,3862084.0,101802,2339045,10504046,459116,19330016,22377217,5722625,2354114,1270225,202407577,662021,1858747.0,536763
2023-06-15,4958839,869202,637612,912731,1468436,2847076,3465959,,2984914,3115472,77609910.0,3116777,,1548664,525773,4187716.0,1100337,132663040.0,590557,30927121,1288308,17661185,5988077,340724.0,3243739,2910933.0,294032,3455031.0,180225,535590,7357508,1639164,2899081,327993,698704,966435,49030464.0,22672543,482377,1319375,8951724.0,14676387,15207874.0,,698532,1799678,2473661.0,5604300,229560,16992574,5653850,1834390,17384752,173716601,769408,2364135,4344065,11813389,9401081,30959354,240664,2918241,123954,1383701,2188216,,4074055,6760535.0,1844397,2297906,14763957.0,3762397,2963328,1343951,6374379,2076251,12134988,523460,,587474,1345423,1902804.0,112441,1495823,7889658,393187,28912995,12425896,7540001,635662,981333,80011992,314777,1781942.0,363994
2023-06-16,7889588,2421172,1991102,2769904,3736121,7414059,14736831,,5017591,11975567,101253358.0,11716931,,3385794,649322,9108352.0,2100284,148346033.0,2130479,46307036,2015010,80752338,10719275,901994.0,4885349,11259093.0,779143,8091173.0,433466,4402039,16899528,4229587,8071686,796779,980266,1104635,177797367.0,22338527,940311,4663907,33845363.0,72874430,29573201.0,,1321829,7922947,4741258.0,11158079,1184735,19412145,21442555,6346020,36515832,413600501,3098371,3126410,16468593,12352337,25962355,52964903,995900,11342643,342953,3575626,4485383,,10537436,6675838.0,4456634,9724645,43000976.0,14027318,16324715,6575870,8635625,12558244,33041843,1025696,,1793250,3020793,6684315.0,463691,5782980,16252769,1298183,45360398,36560946,12988833,2155540,4482116,324314446,1328636,8551811.0,1993086
2023-06-19,4635416,1650923,576053,435338,809990,1796327,13699424,,2367195,3750674,13924531.0,1917294,,1167656,309113,2891722.0,534412,21983147.0,724114,19405402,862183,20749868,5070486,730643.0,4543610,3138549.0,159529,2151570.0,308554,1183687,2520280,1163617,3609479,189409,478473,1129558,22860404.0,3999625,520148,1141073,5849117.0,14392193,11423302.0,,541992,3282475,2867471.0,3104514,803106,14905618,6344896,1109073,8372060,457173034,707898,731388,3955451,3257038,6748805,11664865,695135,2485821,107051,901114,1076733,,4707734,4904449.0,1596671,1503567,27121565.0,3039751,4831944,2921868,3735848,1381844,14725904,596113,,1768751,1535520,1488655.0,293056,1285395,13328985,241259,17054779,11100756,6517291,554948,939434,37256549,407879,1499304.0,568795
2023-06-20,3407231,852958,486178,948991,978202,5509197,3310680,,1206664,10860416,19125932.0,2927438,,2577152,478540,4209668.0,1037997,44022728.0,944535,10560148,1212977,20174547,3156253,454380.0,1947203,3401040.0,243208,2339014.0,107778,769623,5888927,1324345,2449014,204051,894253,525287,32863036.0,15287077,641759,810260,13005667.0,13163578,12915852.0,,799674,1704728,1700637.0,5543892,199299,11433388,9450637,1445786,8879691,143254729,1276522,1010810,12277427,7100854,6496727,25400282,603670,2901845,340612,1107958,2077958,,2773304,2764787.0,2255455,6274042,28564158.0,2908968,5230471,1686228,1837656,1638811,25853669,394040,,950172,2185096,3648961.0,306130,1423343,5528841,304647,13912941,31671176,2988239,792547,1189166,65132002,746411,1889085.0,674109
2023-06-21,2756032,738036,474162,650416,1111629,3050233,5145800,,1149726,5521005,41614170.0,3917406,,1492359,522292,4200569.0,692965,32776702.0,1931150,21421849,1035899,18147266,2996455,426574.0,3752576,9907206.0,146528,2305727.0,310217,481356,4585965,719708,3540953,318179,386549,1007470,22469596.0,11450042,292114,736552,9607276.0,24314619,9113553.0,,590909,1714983,1367768.0,2443718,446438,7735859,6950636,1943873,15149997,216406659,1523627,1441644,4307136,6195068,7172919,29682536,281980,2409300,268524,1744557,1023246,,2509826,3642267.0,919598,4023087,22535134.0,3517691,5382143,2079116,2065115,2609695,6968504,1009422,,548587,1442641,1444711.0,147095,3050447,5172675,566268,9388036,15481889,2493425,787497,1990774,63341120,388797,1545037.0,1132278
2023-06-22,3151091,692746,407716,748053,945524,3308233,13092116,,1939447,6412100,52493524.0,3376390,,1617156,584045,2932864.0,404857,26326366.0,994335,14604573,1932526,23726238,7600634,679364.0,1810775,4395230.0,244951,4952620.0,146239,509422,3758369,1019275,4357495,426342,596857,1080192,33172893.0,6145977,572552,1793229,10718318.0,23174027,13315660.0,,615691,3099571,2185612.0,2814113,279278,13329541,7535709,3180537,23164184,241900678,1101975,1635003,5274433,7821262,6032157,48372274,335824,13165084,141851,2701369,3360872,,3693142,2494161.0,3098225,3901095,21248412.0,6211575,5152351,3539288,2721097,8257027,12103766,516086,,533825,2226018,1449001.0,237158,3005601,3949765,418643,22535334,12657611,4418856,997480,1720670,57346348,334901,2130119.0,1160426
2023-06-23,2679646,863946,487438,300614,544394,1454684,5191860,,1228732,3616943,41598622.0,3342625,,1075972,524530,1507797.0,871419,24377511.0,1023343,29502496,581821,12162341,2193808,732828.0,1945301,3359320.0,221188,2035436.0,116837,407284,2311961,1035590,5831081,419421,414533,543267,24664762.0,17100543,330655,1159359,11574171.0,20464406,18613648.0,,467162,2703069,1901006.0,2637428,139173,16530344,6153556,2806111,12223466,190268748,1028876,959537,3593849,4740444,3925284,25178424,357081,5154824,113919,2011786,1830053,,2351304,1975417.0,1959076,2754661,19918085.0,3877547,4073073,2468712,1591594,1795033,9107176,547483,,472219,1632040,2224097.0,84800,1352897,3832376,438993,25342815,16619357,3400491,2697882,1584037,66312986,328571,1814019.0,885845
2023-06-26,3538980,2006977,427573,447975,495462,1267310,4683772,,1066377,7646985,33921705.0,2277561,,2125986,687799,10187393.0,797733,32437972.0,1356246,22687596,409285,37516551,1766382,730135.0,4230604,3584588.0,128613,1895361.0,142948,1504440,1209266,6258346,3508793,388082,1609357,1273438,34235884.0,7230691,393060,786927,12597641.0,15576202,17490752.0,,598020,4238683,1317314.0,6129271,165040,11212013,5230237,1854907,11733870,307235863,1210754,1787137,5381262,6498281,4373330,39998604,604042,3689342,145436,1396110,1117841,,2053147,1732993.0,1315976,3528072,22938015.0,1952294,6030011,3852148,2340301,3708695,10383466,469939,,710914,1759132,1792558.0,138619,1078501,7187630,976108,17077595,13316023,4036345,524887,1184183,130509926,240158,2975322.0,882774
2023-06-27,2713694,400044,446099,462611,908196,1919671,3939593,,1353695,4392159,21529834.0,2315437,,1352908,443568,3054673.0,460839,55047258.0,840233,35859248,890430,19807784,4091983,739968.0,3263093,9350473.0,94079,4742617.0,166702,452695,4761911,1435327,2216529,385782,1011306,1184894,29266257.0,4469685,244585,1473569,28261736.0,30993630,12420198.0,,372887,3765464,1665923.0,3525661,506068,19009644,6075916,1808441,10635532,175392127,847622,1033750,4545745,3913605,5226672,16771467,281304,2955620,51076,1526776,1534084,,2733541,2239597.0,1397145,2564492,9434531.0,2152051,3143808,1201196,2645510,3761958,15218123,364697,,481656,1465568,2280573.0,66516,2267231,4240112,328101,15413597,6606154,3477130,487837,1479884,106320649,317958,3757042.0,313533
2023-06-28,4175464,1231316,771242,664744,1380154,2713397,4262197,,2293497,5521181,28271599.0,2540963,,1485097,613522,4046736.0,581357,34607059.0,1116292,29675467,806844,18936034,2733611,472239.0,2316837,2910311.0,160462,2251675.0,215491,457636,3205388,1533017,2664794,422979,1416175,1155094,24323529.0,5968983,274193,1156882,13390079.0,18360919,11315236.0,,389219,1637595,2165407.0,3579364,784461,18165489,6740168,1676866,11294190,139013995,950657,1299410,4395316,5207195,12145798,26663127,417761,6509173,154526,952519,1263789,,3700483,3169583.0,2162932,5364142,28998640.0,2905847,4994707,2301754,4731650,2056975,10719622,522961,,714816,1566608,2376676.0,110762,1982651,7949499,462801,14503028,11606264,4680185,873477,3188045,104565880,514173,2382460.0,416408
2023-06-29,2187137,791645,337280,697314,773757,2134357,5363757,,2529983,3861675,41115318.0,2431566,,6305441,325743,6659387.0,409842,28849470.0,1213982,29582944,1029105,25450588,1795538,556156.0,936768,5471935.0,344411,2218655.0,142152,403495,1566901,1032561,2790465,1115982,1469875,1022462,27728288.0,6384657,273598,1035015,8656526.0,71288921,9164861.0,,354663,9142006,2846156.0,3169522,375210,8169884,4383708,2031780,12541365,153320601,1157071,805760,6669118,5614714,9941095,18968315,343523,2905063,203819,1508458,1235837,,2206554,1526160.0,2262757,4308652,33796759.0,7439173,3757708,1297860,3276103,1664076,12445453,286404,,531011,2274915,4938623.0,137709,2154620,4547836,1311946,25955181,8710317,3040224,723915,5464040,63365637,374287,3123133.0,817019
2023-06-30,6528683,854784,526709,723235,686871,3555988,9452596,,1408446,9137231,39518151.0,2992642,,1243874,448183,3869838.0,768406,38590046.0,2533122,34460644,620609,36244879,8162827,423962.0,1869138,7556107.0,493809,7184898.0,216669,594797,4342637,1448383,2169075,315181,1237357,1262543,23315648.0,9824750,548338,1029178,11543890.0,22006052,13593744.0,,1145332,3838295,2319237.0,3863069,540442,39073264,6566529,5299575,11153120,198448419,2256357,2228917,4581254,5086005,8025366,33402739,485688,2669091,191215,1568758,2965386,,3045151,1897943.0,3566143,3029115,22660318.0,10924759,3617329,3302324,2666760,2261422,12447479,295610,,831156,1681972,3927593.0,549038,3377839,5403402,1185869,15485772,13299276,4426970,426706,3842573,75700295,478685,3941940.0,1215083
2023-07-03,5458227,1425665,4030494,381077,735965,1873506,3518591,,4450775,4644286,28280882.0,3478271,,5338084,272839,3088888.0,427245,58834740.0,3455696,27839339,639164,22965389,5120136,341196.0,993323,4103914.0,145118,1545398.0,175362,348294,1264987,1763551,2536518,277815,376080,577580,27255542.0,4988707,478496,819792,10591136.0,21193781,12432660.0,,564451,2631308,1918552.0,12025958,305439,4983611,10885753,2659781,15846767,90072762,1433368,1422890,3636423,4549692,7232062,31382313,441525,3586596,199028,1363741,1242050,,2777061,3725268.0,1493741,4585980,16448905.0,3455663,2653234,1153632,2486878,1384472,16897005,378602,,549788,1818788,3976472.0,409546,1297433,5120463,1053540,12051575,6600882,4703131,407039,2613331,50009164,1132382,2342092.0,217421
2023-07-04,1370299,1858040,313235,509664,521573,3022680,7177516,,4015254,2910237,17870487.0,1494532,,1509410,336071,2816733.0,994367,34711932.0,3829988,98434407,894946,25647880,2799312,397831.0,889316,5314945.0,130871,1521433.0,601140,435548,788543,691368,1449904,241805,976121,1796597,28066922.0,5524419,286230,1532894,26604638.0,8538299,8169224.0,,340539,1985880,1578413.0,1364686,276423,9955670,4530967,2538934,11271938,167430547,513250,1664653,1678875,3245739,6037902,26406847,390065,4531591,116620,1694800,2578499,,2135506,841720.0,2458194,2120788,12380099.0,2673130,6277909,4472694,8820231,1603118,6393436,305854,,251437,1124596,3660177.0,321132,7322399,3649460,716623,51577814,23828727,2717240,1485364,3254635,45418677,720452,3095346.0,187851
2023-07-05,2525021,871732,427358,779657,1202316,1961938,5601228,,2885595,4619598,43163289.0,2590113,,1638300,492772,2818418.0,830339,34390086.0,1416284,52658527,1393914,23480332,2893443,301671.0,2433152,8389503.0,234367,3577634.0,161537,464928,2932344,1311456,2548995,404655,854486,617057,26055291.0,5324069,340803,895649,10747498.0,39669655,7930123.0,,843532,2192485,2567523.0,3127611,697673,11828641,8189635,2654939,18494049,191321250,1059205,912038,4892642,5356114,11405718,30288796,356379,2742369,175849,1451288,2102372,,3782296,2903329.0,1260877,2501260,13482811.0,4057170,4923717,1734567,3673008,2524932,15663783,608704,,508679,1422767,2653529.0,167325,3005761,6248121,1219790,12916919,11272887,3509075,535803,2039838,139320901,1359153,2480880.0,350453
2023-07-06,3611856,1555344,448601,724788,1465628,2234413,5763444,,1911277,13019985,38697741.0,4019955,,1373526,1056206,3204873.0,1118488,29972317.0,1069177,25995794,1016817,21994455,4436363,660274.0,1362112,8183624.0,246941,4522929.0,261610,543776,1157655,3344942,4395822,601620,934428,1115433,33482126.0,6359743,337235,2297099,13835836.0,19028428,19202724.0,,634990,2238972,2321350.0,8609913,287046,16304850,9624764,2820561,28226502,218259259,1170466,1144377,13523725,9431744,6603499,15707820,399196,2178584,226021,2677746,2140088,,2781455,2677891.0,1280448,3657618,23789396.0,3417310,5434518,1929842,2670034,3382566,10705039,481605,,767729,2495667,3260883.0,180856,3500101,6648092,1287971,29553925,26845325,4222553,759723,3781832,144399760,534206,2911568.0,604508
2023-07-07,3198329,604312,328738,642358,1331534,1768386,3944526,,1800903,4715402,29450409.0,2810947,,1567822,271856,2151946.0,455692,29769711.0,2187313,16714886,2024906,16223648,2323055,415363.0,988270,4591868.0,712692,2154029.0,113530,524341,1406621,2435457,2466607,409773,541641,868599,24072351.0,7033057,306148,1077178,9178477.0,34212718,9335765.0,,495871,1924588,1225161.0,1740324,358007,7138015,5383842,1666244,13078952,92266441,1439188,727640,7628639,8132002,4825810,33778258,306354,2419565,157563,1803098,1397642,,3032871,2436354.0,1772863,2166646,13483050.0,4447323,3661099,1002151,2352235,1740191,11206305,444510,,463709,2043234,2046091.0,110718,1821686,3735335,597284,9343967,17840076,4761197,585322,1790389,57910936,346236,1909288.0,533321
2023-07-10,2389551,649446,749600,620321,576513,5180511,4871466,,1255741,4551424,23448396.0,3189790,,956940,236835,2571802.0,315475,21957479.0,1467296,22754376,1565482,16894625,1875130,360811.0,948364,3651186.0,235987,2113747.0,115306,385369,1703285,1005087,2308484,372519,412556,550191,20125487.0,5261776,276580,872448,8164226.0,19834643,8855544.0,,933006,837579,1232918.0,2905872,293435,7344713,3239299,1388766,15648468,84664497,812970,879144,3977151,4582970,5470274,20871622,246281,1906344,197383,1564829,873547,,1750495,1865162.0,1073138,2784681,10336440.0,3752151,4516835,3047682,4240337,1884194,7398367,350948,,456233,1832122,2748282.0,456334,1641441,3050324,2816604,8927174,7812923,3270581,744212,2114988,73143632,511018,1719560.0,405427
2023-07-11,4335868,881542,372793,682963,1212783,3184032,5623971,,1929561,3833718,48047287.0,4681643,,1047789,359884,2001137.0,731037,26070869.0,2235653,13255699,846690,39745386,5780313,333733.0,1847427,6637248.0,231251,5421625.0,212103,1564961,1899517,2180257,2688849,437118,267738,481401,48540415.0,9352134,260468,1001594,22394138.0,33207359,13480522.0,,876990,2719434,3013036.0,3309277,385182,12759489,6896317,1903876,21705963,237726887,1362388,1281114,4218260,14603732,11296376,29552820,296543,2114038,163370,1296802,1900921,,3376337,3566497.0,1574096,2688254,22573298.0,4476629,3097940,1305696,3135522,1506405,8106256,808230,,531600,2736173,2519379.0,178243,1631172,3793212,541227,23969116,9792593,5182689,531321,2014036,124890951,606183,1717533.0,767266
2023-07-12,3185899,894134,354297,1355982,989313,1771025,8415758,,4075139,6109301,47980417.0,5871947,,3350004,689232,29021582.0,780815,67993693.0,1224902,18468163,305889,27605341,7346812,447881.0,2309703,5739522.0,240030,4301579.0,226712,526084,1765186,917137,2316024,448412,435245,694756,66048528.0,11626180,689514,1406152,17803187.0,38283911,17496945.0,,1095228,2710209,2624702.0,2334579,300005,8709671,8187990,2237181,25960188,376682366,1065892,995855,12181695,4810194,7412697,13451440,646600,2367393,147568,1672552,1834042,,2309904,4418550.0,2035826,4590523,16723380.0,4841218,4662751,1890530,4588881,2042094,13275230,650913,,518555,2520931,3029226.0,106902,9544840,8197721,427079,32671222,30189580,6244144,839623,1598725,412049065,346738,3779748.0,230797
2023-07-13,2382793,954747,373902,582120,728684,2926382,5876223,,1250510,3059447,71642871.0,5818056,,5220582,307997,2126470.0,940595,58290659.0,2799038,14103158,1070620,35611458,3301088,363978.0,1260225,10422029.0,182628,7648907.0,325599,529137,1546692,1226751,4612715,238460,1036903,1866494,40111746.0,8344519,369641,1436364,17611327.0,35620549,21646785.0,,666370,2588155,1895203.0,5679263,200108,7431009,4868061,1455433,12784694,128402399,862736,1059586,10288048,4456391,6804200,16649681,360086,1846837,170398,1542658,1446966,,2590816,2782390.0,899982,3225904,22605048.0,1872632,3185420,1704500,4349202,1945495,11571806,613426,,1003772,1975973,4538250.0,146396,1396218,5872788,415839,10778051,29794927,3381769,504885,1441008,124401420,2165248,1825533.0,348970
2023-07-14,2197116,671995,782528,439793,881679,1458553,5001882,,2472036,2958459,41907830.0,3158877,,3815066,129232,2726743.0,452034,53684148.0,2240277,14218645,335254,52303283,2534008,538303.0,1573807,4522078.0,241713,1794503.0,151848,288308,928235,1848628,6972406,282596,522628,580547,21661974.0,4731726,229455,2121826,11041794.0,16280360,14333293.0,,821722,3066407,1662899.0,4923900,286538,8444448,4952805,2058127,24428720,135149204,1268546,2064848,3717382,4639038,6213451,22908911,221043,1969777,177034,1195689,1291619,,5491042,3554303.0,982228,1525297,61482172.0,2423195,5333766,1317919,1178123,1172892,11051082,575356,,414995,2242673,2064283.0,134330,1884214,2488799,433338,17698109,10070223,2744830,1262866,1541284,89572369,204227,1344820.0,729053
2023-07-17,2164287,644028,395301,370172,580113,4692605,2967051,,1161172,3396413,19453247.0,2823338,,2414694,206699,2150112.0,680653,37740332.0,2092555,47226942,1750529,30703913,3432136,256754.0,2870737,9650801.0,164362,2346941.0,252078,290810,5859572,1279614,3362600,358977,580621,494286,31061316.0,3467058,265096,1127909,17281425.0,28427958,11428662.0,,503197,1317390,889590.0,2478598,336734,16233399,3932249,1981345,9632093,83672031,917876,2040850,9280731,12038497,4135287,14072416,152659,1927788,177821,1605073,1061836,,2847861,2718952.0,1756392,3195287,25049411.0,3525941,3145805,1509939,3414296,1394965,8690844,508648,,467106,1560096,1504953.0,193506,3132601,1654140,533600,24474645,9690372,2334284,752329,1204768,108410283,250146,2154827.0,603505
2023-07-18,1820663,601291,351508,571316,729798,2138611,3618893,,2368022,3469550,39312111.0,2828116,,1481521,184277,4400038.0,401631,34338027.0,992140,27206535,540931,21456013,2142224,303624.0,1680579,4396434.0,246738,2343455.0,407612,330894,1609225,1131470,3572256,367207,910186,700713,20024760.0,5044047,287177,757636,7067676.0,19072737,10453835.0,,355807,1417481,1576866.0,2876217,638963,9223024,8732619,1615270,11990648,113536894,1099189,1872111,4812733,7114656,4956674,11171044,227557,5326318,272830,1758422,848085,,2091269,1496816.0,1101962,1802166,13633711.0,4204616,4739672,1396772,1684269,1864744,10886884,661922,,402117,2555752,2860344.0,139952,2930821,3174803,1499566,11421438,15396477,2497873,420661,2794574,73208193,508405,2488023.0,1077069
2023-07-19,6209313,1729920,1016025,537517,1885975,2853095,11898548,,2838541,4617670,118509859.0,2765697,,5973848,474244,2779803.0,880115,86547464.0,1196550,24034158,1179703,53865639,4412297,333027.0,3705370,3469859.0,304588,2761782.0,650153,362158,1905469,3631183,7890706,334514,764092,3275873,20838210.0,3922590,421455,1107867,21295414.0,23353423,15134975.0,,614652,5746808,1319705.0,7829511,319086,41711306,4754596,3972358,26754140,178293923,1183715,1533442,11519559,18740653,11806995,30763169,389040,2681524,181753,2529470,1004114,,2987549,8522868.0,1573018,5408038,34383588.0,4920810,11626335,9528727,2287992,3744769,12903636,466052,,596730,10383762,2449249.0,300598,10542637,6640071,1028662,10301292,20769091,2967418,1193420,1757253,66742762,1259002,4619746.0,641205
2023-07-20,4182741,1030254,420943,2158600,1177579,3721777,5195572,,1845464,3238148,29099236.0,4410860,,6641212,459782,6125070.0,445061,41939441.0,2384766,17691579,1290446,48866946,11132329,404182.0,1465913,7242282.0,325615,5850749.0,461538,325455,4334027,1469508,13488752,393288,253550,571618,51791558.0,6552857,2045448,782002,24279988.0,71414605,15850009.0,,324313,1456996,1773427.0,4136986,284582,7580336,5496273,7618977,14950771,145067305,2150632,1462193,8518635,4215839,4740628,23362964,1282923,2349411,161452,2464721,1596863,,3292675,3793750.0,2174332,3295069,28550392.0,2875036,5260330,950764,2484999,5501389,7513562,318277,,508521,1814999,2207005.0,171594,5509638,3124483,497498,44609462,23967202,5577737,710597,2084746,117582417,1009928,2771489.0,2517889
2023-07-21,2050129,733166,382719,734742,698033,2416273,4080181,,1297138,3067269,48356749.0,2533173,,1093993,232739,1805167.0,446565,20833037.0,897874,18580594,759732,18220724,10795133,748615.0,1427882,1819589.0,548285,2150197.0,225452,236574,1696993,1038573,4785641,357391,340601,500105,20255775.0,6357977,387975,627505,21196186.0,17482257,13227664.0,,685543,1573593,869361.0,2448550,311449,5382906,4858667,3329167,11213109,113659310,2212917,1868766,4063003,7376502,13916223,12833610,506399,2532991,155720,1904863,930725,,2272058,1274067.0,982304,2018566,24329631.0,3182778,2318755,1056346,1628161,2645995,7112760,372306,,628176,1730014,1429054.0,101062,1482963,3668422,2180497,11943413,12910859,2809522,741535,4723846,55119386,596644,3457956.0,343866
2023-07-24,8445091,1366403,255072,276591,779194,1106680,5890073,,1168905,3417429,17236701.0,3013608,,3363952,388593,3720397.0,391332,26569921.0,1217698,13080631,489060,41828405,2678840,542642.0,929025,2884754.0,363564,1668118.0,195198,244315,2821276,990575,12612708,201684,981509,332743,50236714.0,3034868,1168696,707726,10698908.0,35895413,13789714.0,,705797,3236014,731806.0,7033574,252522,4353402,4364679,2244724,8726291,78816082,1724106,849168,4330819,6438820,9081934,17421001,337814,4279396,87061,1499302,607150,,3440681,2605758.0,1465853,2126635,21972063.0,2313594,2926492,1580008,2413365,3852593,25675419,260896,,384943,2347136,1691130.0,166370,2159909,9924241,325869,23050127,14199577,5919387,501092,1402782,150560525,613617,4836526.0,325138
2023-07-25,2855009,1449353,494063,633498,1159315,3262654,3776573,,1638957,3372730,18551553.0,3366656,,1689575,249410,3461856.0,464916,21473322.0,1086721,13229470,853695,23983520,5486520,1129039.0,1518523,3196395.0,278236,5532125.0,135055,168247,8773536,1470521,5379325,205439,482047,458493,47435254.0,6985150,490128,1054973,13224029.0,14752048,12119588.0,,586066,6247670,1533484.0,3186571,311673,8127072,6366755,1537325,7044933,95683621,2226939,844805,3399526,7700451,6655510,8966261,657958,2407131,122296,910655,1492684,,3541562,4449697.0,1659452,1173884,25005500.0,3244858,3083953,1141782,2576248,1557909,8450261,577584,,734800,2183060,1174679.0,311428,3595050,3094602,308119,11514246,11253395,5982077,3220916,1267120,136890855,319534,4387447.0,421207
2023-07-26,2366056,883395,630601,376251,1590954,1556465,3509301,,1181359,2840670,27428782.0,2384743,,1548995,218179,2857021.0,424387,23917334.0,1153359,23315197,993848,21886076,3782502,452807.0,1997641,12690314.0,280752,3241680.0,105367,1109660,2857838,1607029,4737605,273018,390163,673370,26462861.0,8928673,526681,556135,13753797.0,15316016,14860662.0,,641621,1138059,1178979.0,2204771,351455,5460513,4796523,1335574,22199074,313097530,692070,630154,6487626,3787288,3657392,30889227,167571,5995166,98773,934888,899437,,3731664,2177667.0,2661033,1357377,159155472.0,4492312,2910814,997508,2650921,3600897,9461932,234766,,1071860,1321961,1093524.0,299409,1902178,3937821,724211,11053007,14230098,4736989,1681791,2382445,80493470,321881,6028146.0,636960
2023-07-27,3905497,1306460,1152986,575847,1568009,2091614,5170367,,3990122,17292307,104746692.0,2699232,,2018477,191564,2352993.0,699248,41621236.0,1358214,38881693,489118,44981878,7010753,534679.0,3026195,6756309.0,133991,1862768.0,313160,419072,2943586,1852288,4319816,359944,908237,548861,28703644.0,15636173,737814,730447,12878981.0,54254940,18324461.0,,1180483,4373196,3714450.0,7497749,634207,62013321,6785753,5295925,11110623,186380226,1072747,1149351,4486455,16864888,9015566,47016890,301651,6433333,170669,2875616,1291838,,4457932,3134848.0,1139759,1966310,51748941.0,7340507,3298163,3988288,2716077,3170070,18449530,500863,,734712,2002837,3189654.0,382431,9319969,21356584,1002433,50147418,19752261,3499153,4759345,2784337,237215489,784936,3298148.0,585462
2023-07-28,3397709,1076968,815704,2295080,789897,1431817,7904295,,6645000,15036025,37756906.0,13358454,,6207444,108964,1637277.0,341443,28998293.0,951455,34769196,412300,46072099,13218513,234976.0,1455093,6127856.0,122302,5098985.0,159270,365535,3042499,3795775,3675492,246675,1232194,6538951,35814852.0,5424219,415174,733446,12982272.0,14606823,53277185.0,,482816,3412848,1019031.0,2111005,354238,6483789,4952484,1935564,10413735,245836995,411578,622818,11492299,2015461,4321630,31878368,262143,1927165,260626,760754,974462,,6225028,7556776.0,1350758,5190400,33138580.0,3304121,2136509,1791153,1065475,6109626,15155389,452556,,855301,1654624,2325554.0,87380,13636077,11918816,446745,13341357,6106658,7262884,1159916,1763668,812501184,519430,1552828.0,567270
2023-07-31,2504771,1058611,488543,624235,782611,2383463,5741924,,1639504,3751764,41439055.0,3010146,,1247799,228120,1301015.0,309716,27480160.0,1277696,21268429,790326,28977818,3148925,314415.0,965797,2818215.0,255710,3472389.0,145604,414251,3219668,1684837,3231137,462818,513402,733587,20044110.0,6335108,623479,615014,14595296.0,17771442,39944844.0,,468961,1875856,1104897.0,2757270,298919,4911202,9219740,1050246,10817701,113386275,549179,961990,3860224,2884317,5809830,16831387,320825,2814019,248636,835596,2698083,,2658780,3163841.0,1266210,2302816,37426411.0,4592473,5247687,3030215,2063409,2216304,10541736,307024,,852061,3268474,1932310.0,130490,5228296,6548117,722709,11290078,20264990,3019100,792803,1653876,72603112,863681,2829131.0,662014
2023-08-01,3064545,1397033,593281,732591,1103723,1512300,5971583,,955804,3041167,41550164.0,1524766,,3892717,143686,1558246.0,434724,41593105.0,1123610,18615275,469341,44994622,4393853,332997.0,1268780,4078721.0,118251,4933905.0,146628,863503,2642328,1802315,3539828,359296,323907,2466501,14178492.0,3594762,839962,971496,11221677.0,24505563,28917100.0,,544472,1416420,1532156.0,3401366,334257,10272670,4734768,926466,20367175,111305751,696020,988983,7228984,10669879,6154301,22121366,506044,2416886,110957,619214,1949248,,2480051,1937828.0,895926,2885473,26376919.0,3216495,3361428,1133167,2207615,4178505,19028458,354105,,891852,1936515,1861079.0,150356,2536830,4139996,377072,9400160,18257701,2083158,1136977,1566420,43545620,1013768,1869100.0,968965
2023-08-02,2950154,953380,965352,818200,698095,2517304,8753710,,1371970,9706733,57040917.0,3674371,,4083706,184317,2380267.0,590885,31237504.0,1203347,50759328,690366,23239938,2399999,343191.0,1703207,18945255.0,187819,3502225.0,204387,924923,3192946,1854636,5167193,589865,392180,1445738,17279159.0,4297793,812067,2001253,16869424.0,22469669,35747476.0,,920430,1056785,3150020.0,2522094,261984,7807982,6489587,1128849,34841926,144873986,579478,2680129,4686711,2843476,7345612,22334023,446963,5743014,177590,2590442,1338035,,3234161,2071968.0,928335,2021431,41885790.0,3564328,2890131,2240904,1586684,1694110,10520783,727638,,896915,2756716,3225391.0,102539,5053817,4024710,1328423,10136162,36771295,3850114,478390,1034323,162238786,865293,4073769.0,707154
2023-08-03,8314325,704390,1426316,585287,794696,1135671,7849862,,4910009,26691849,57132976.0,10492332,,7038991,147426,2422260.0,996934,40240657.0,2511414,155365539,576584,21203440,11077685,357088.0,1527985,34254321.0,125569,11739141.0,306894,408524,4039822,2637488,6024234,433760,628249,1709939,37296287.0,7455991,777477,670656,15439443.0,176906451,34912683.0,,704680,4543676,6146038.0,4413201,284631,9323721,3457613,887786,13464825,409948546,2442654,2770390,3977637,2108020,13790803,21897487,553220,1800520,197044,1284664,2151527,,6313947,6674534.0,3319037,2785860,66560402.0,3086826,6618843,1564841,3249339,2565757,17311576,894849,,1117059,2017960,4816908.0,440302,7775560,2635437,513071,56029681,19090228,5010100,970654,1574150,437653108,617334,3678086.0,964233
2023-08-04,3610793,731624,267880,593917,399985,1285485,5129729,,1506764,5879532,26360950.0,2240897,,2154979,135720,1481719.0,272611,25148934.0,818720,21206304,422308,22236339,1869346,320029.0,901905,6075101.0,168877,1572314.0,159813,262192,1999055,1102492,3039164,489575,261070,1058552,26174224.0,3183572,711737,575617,10187196.0,15511434,15787136.0,,441814,837800,1339676.0,1297454,220632,9065672,5954777,1439731,8237293,119146267,1028934,1637723,3238847,7117969,6737550,11893496,231862,2050409,164456,702757,2119847,,1514136,1760151.0,1259370,1383952,76666153.0,5498197,2974226,1081571,1569721,1516710,9238947,752114,,464504,1917168,3139727.0,69399,2518373,2541684,467178,11959906,16754675,2422339,403123,2301001,104344748,500549,7902267.0,617478
2023-08-07,1743115,484294,358682,478032,501439,1254348,5035447,,853789,5806742,40570055.0,1784127,,2008329,164268,1712615.0,397188,17649617.0,720866,19090570,522319,28806204,1567508,509968.0,1149945,6401324.0,86282,2222880.0,190934,165555,888887,1443103,2497861,593612,1825524,1769235,14093569.0,3069173,1444700,1231261,8421286.0,20496510,9462341.0,,429514,2214554,1594438.0,1930790,232175,5739848,2452192,575803,7789899,107514647,1037677,1369350,2759455,19750847,10936429,16603610,284372,2494546,131741,2594579,1406714,,1591253,1485249.0,889232,1310099,47985425.0,3943644,3853918,1174076,1214513,2677430,7618616,408682,,421592,3252737,2939734.0,69947,2441883,2760395,427569,9702279,9165519,2264597,494057,1588740,74486698,279366,3635633.0,481576
2023-08-08,3792464,966359,577302,1236939,834014,1104923,5888835,,1977417,4801658,40910767.0,6359189,,2908708,707558,2080073.0,808818,30528232.0,3496993,21219565,687064,37117659,3555967,376045.0,1063301,14037604.0,129276,3569595.0,115518,469040,1985546,933152,2932789,473624,282984,623504,46701400.0,9768965,781715,748432,27677353.0,62033025,13699095.0,,897344,2661449,1600829.0,2805519,271329,5951931,5616848,850957,10495420,165406529,941798,1878117,5976203,4345554,16890635,37892598,219284,1461524,121247,1162386,1882574,,2150620,3842105.0,1215953,2390905,56960130.0,2432465,2714726,2573702,1677977,4999422,10392193,726404,,727797,1675528,2839680.0,151356,3941264,5521935,424183,15460017,14019287,5476805,566277,1098828,186422110,911810,3619662.0,552213
2023-08-09,4417024,925122,873500,330238,1214275,1515727,7947266,,2545313,10736360,86031726.0,4836392,,2925969,267624,4969313.0,1297215,26026553.0,3223793,25001407,1492140,68652876,6719138,391735.0,1917204,10695484.0,141714,5189363.0,722436,270185,2373051,2280564,6905764,644416,363411,827115,54603022.0,14448313,535132,865837,11814663.0,78117236,23889138.0,,815530,6463772,1781357.0,2858698,312556,51839290,4495483,1602425,18695929,306523528,1347162,850226,6848741,5813055,16937791,41245182,306226,2397872,302920,1655252,1534601,,2836753,4793537.0,2979102,3086775,74331122.0,4521121,4760100,1471920,3649908,1756813,9603429,332379,,2407555,13982834,3014349.0,236172,4677332,8633078,921510,32815342,18465125,4969642,907710,2242919,260053185,1200346,3274180.0,588696
2023-08-10,9277177,559383,355045,411973,1863778,2264071,6204792,,2848203,4227482,36325951.0,2769914,,3175485,286883,1394549.0,1666346,24406467.0,1294512,14216945,666678,28007300,3406397,188635.0,1635296,3701388.0,118355,3021728.0,142721,277233,4155956,1799015,4561494,340678,195524,991418,29975957.0,4161646,464952,907647,14208105.0,59023405,9400145.0,,753084,1960972,1572724.0,1324197,240999,10830090,2731701,743334,15027023,162978357,766971,1133792,7313497,12673415,8857510,19140847,171214,921526,143320,1664841,1607731,,1594803,2892134.0,1159750,3581758,31587812.0,2601396,3950565,1019253,2962352,1579134,18028615,356490,,486738,1875347,1514905.0,360331,1449966,3979824,470145,13800973,9634035,2453521,780846,1001421,92313517,467322,2174408.0,770331
2023-08-11,4702929,484610,492543,602541,1500641,2057675,10790758,,2243755,8901565,31925648.0,3941579,,4288564,161852,1466805.0,1374167,41378261.0,4393336,18788920,1086094,36875687,2905123,210021.0,1656329,19205053.0,295982,3099157.0,336367,361789,15250740,1525878,1761213,581951,685654,913345,24042643.0,7487995,720324,2002854,15778618.0,48386496,14340597.0,,360911,1773908,1183266.0,2826779,290560,38956293,5732916,1227170,9026221,135777375,1203704,1190378,3129043,2365905,18797001,17992417,685974,1437941,203695,1736693,1185541,,4654848,3877083.0,4704291,12546440,44908028.0,3840012,4293946,866618,7815370,2915858,14382629,752865,,2752735,3291967,2865386.0,421292,4499685,6172788,451656,34160066,26231554,5196039,555594,953576,76705224,2492624,3218871.0,2213876
2023-08-14,3202912,678387,748470,465919,1561418,2669516,15090339,,898615,4936630,39239686.0,3542385,,4980288,207022,3639114.0,548950,19971382.0,1788213,20681376,677800,28247390,5838185,303369.0,1928140,8400016.0,142215,3112571.0,422537,365149,5077759,1628753,3497695,408877,816954,997569,26501515.0,4552074,641234,1283851,19530543.0,61518364,12274691.0,,594082,2808733,2583047.0,4365300,384143,10731205,6616844,2550449,15528938,574256117,464723,800436,5247857,3341655,6134123,17901531,423189,2456368,166434,2106176,824665,,1955130,3005336.0,923743,4881076,51321608.0,3555733,3792402,2213764,1975943,1939490,8181444,281042,,660081,4019628,2269199.0,189223,2646972,21262947,617572,10734134,19675186,1980002,430188,1448493,110340596,1078533,3723128.0,1172918
2023-08-15,2829486,626992,667695,501822,670734,1891708,11936877,,1345290,3264338,28344045.0,2746051,,2260707,262058,3619180.0,377475,20487257.0,850624,13930489,383964,18028205,1874515,184975.0,1999788,6282659.0,176854,1494707.0,475336,637010,1747870,1626858,3253146,680880,327580,1645463,29179181.0,4202504,624429,972154,10330523.0,24642980,8095766.0,,269097,940491,1428181.0,2222352,279246,7006768,6377654,1150155,28028968,98089646,540037,596235,5206065,6125443,4699030,15557096,247937,5007155,172141,1568657,1163554,,1986744,2149268.0,1016060,3150526,18476420.0,3326267,2416636,1313239,1876165,2272625,6966637,310524,,518519,2273977,1957746.0,126579,2944415,5782832,363980,10226197,8884139,2003031,618305,2566368,34353257,818269,2380201.0,663644
2023-08-16,3417561,781189,1298937,610712,1196495,1466192,15152288,,1997373,12712831,50752319.0,2904029,,5736751,139718,4199004.0,561660,32815381.0,2258483,45776612,875892,47999537,4751565,141278.0,1505297,21222446.0,121824,2590126.0,658793,356758,1639121,1163857,3023486,504001,418220,997557,21595476.0,5185700,433107,1883424,13339396.0,37789214,7618074.0,,249219,2338434,1980086.0,7081559,375767,10045121,6906724,2074682,23376418,168642832,648616,822380,3624116,5780304,8361003,24362647,263964,887934,135865,1600418,1473227,,3783035,3114489.0,1064223,2346537,26011484.0,2391853,3803630,866286,2439540,1961962,13878783,366634,,620224,1963362,3411281.0,197316,9308021,12809452,391191,23738896,11850508,3808109,580820,1099400,71544787,738691,3427066.0,341839
2023-08-17,2715375,785897,2047795,474142,888690,1117390,8255472,,1467968,5996673,29310433.0,2460005,,1437115,162686,2677663.0,596272,17517196.0,766394,11831395,678353,17273597,2156446,305707.0,1588845,3268783.0,127263,1880318.0,459854,451603,7224889,1518563,2422100,525733,359350,819575,18592369.0,3544992,1277104,1305233,13784456.0,15492986,15431562.0,,815108,1369058,1813049.0,2215708,252918,10970621,3574940,1541010,16133157,121142791,668535,695970,4306875,3929469,3535305,11087813,234443,1439489,127764,1441349,1268922,,2414186,2499040.0,777891,1723233,18204713.0,3091775,2740986,1199467,2727882,1903231,7103774,354385,,564030,2359922,1845304.0,124653,1683975,6459127,509068,8889920,7533626,2669827,609394,1074461,33523874,571197,2747727.0,549261
2023-08-18,3028609,609949,580883,587768,1434195,1385021,9852071,,1807434,6971169,27512973.0,4410101,,2335791,178133,1739922.0,516521,24016116.0,1173735,13191569,543260,14762792,3463146,225353.0,2259920,4040370.0,167535,2362428.0,496462,1673837,34161880,1553032,3052252,624425,633728,730175,41527415.0,4700148,260125,1274408,16484204.0,20736904,14940681.0,,467015,2387101,2367536.0,2232392,224829,10475308,4228952,1109577,25104154,139696325,752006,975888,4609528,3783992,4739054,12185773,310689,3268760,143972,1697975,2158452,,3316879,2448159.0,1251618,1703746,19426395.0,4985144,4994608,2010381,2764404,2211130,14291269,326267,,436333,2830611,1958227.0,140157,2228962,3869266,359282,19285302,7334617,4704126,593922,1294313,46217281,425640,3080069.0,768648
2023-08-21,5215442,671671,467246,395914,1365622,2398646,7074613,,4598853,5339087,22173472.0,3899735,,3606721,261601,2723664.0,694615,24233966.0,1056041,12556973,706666,23434809,5700395,170193.0,2017526,7663671.0,138148,1919828.0,296463,746326,4447991,1319664,2540795,368408,448868,1964169,17044958.0,3832936,362010,687738,8291332.0,28590940,7199478.0,,657707,1056996,2054020.0,15621145,198323,32127817,3972100,1347878,20095427,114254017,2801193,836955,3117997,2004273,4290176,12590602,156814,1578984,208280,1859646,1664097,,6610549,2057418.0,854598,1861885,24479247.0,3991903,2708220,928632,2468490,1979859,9140400,264417,,499242,2056649,2017359.0,248460,2342249,4727966,306476,22280626,11139783,2750266,519410,1661259,33603267,487180,1939748.0,812365
2023-08-22,12477060,995445,766267,388228,794264,2079693,8160339,,1105121,3507974,34256300.0,2831246,,3785504,263416,1983507.0,846817,14469276.0,1045159,142953412,717417,32784096,3276008,249389.0,2036064,4392196.0,226888,1414650.0,426852,516937,1145099,2162613,1866365,359887,501612,930242,20492825.0,5174516,646375,771227,9738714.0,29208014,7670494.0,,425627,2932491,2369027.0,5224822,395459,68561086,4292632,4728847,18515149,283173044,2186330,2964154,7072183,3313046,5588474,20252277,504734,1459841,243463,1364415,1521729,,2023199,2332881.0,919992,2082171,18772336.0,2910044,2256927,1095010,1626221,1392455,6608153,317180,,664000,2363673,2577621.0,153291,2168740,19973598,283839,10805647,9095205,4904200,1005770,875669,57804599,297391,4435109.0,593361
2023-08-23,8117491,507392,504424,311168,1334205,1743701,5596970,,2181058,4685015,86181183.0,2271799,,1327567,663012,5406448.0,870470,25396149.0,1586315,34688434,341353,120191450,17867562,328127.0,2653068,2726177.0,146718,2515771.0,451900,993541,3467992,1941889,1482604,453931,1200193,904884,36566938.0,10683767,272939,565906,6798594.0,100676534,9227976.0,,321502,1922735,4212128.0,8245162,144196,69947135,7654506,1073844,15454980,137362304,841497,754861,5908739,15329068,10429596,19078869,686002,1085220,169894,1514343,1498805,,9764225,2624969.0,1971141,3550999,16925621.0,4229056,4079325,3355660,6377512,3948905,14352885,473332,,355511,1382668,1768350.0,822798,10417041,7375977,494956,20008201,21321825,2825312,588301,1759539,125036364,276991,2026026.0,1629563
2023-08-24,2184395,436872,855973,184849,575690,1306279,4558294,,674424,2673290,24601950.0,2408510,,4434719,685436,1856297.0,614897,45301426.0,1796783,11157243,209694,30175050,2448794,198533.0,3498672,5361340.0,79591,1590086.0,235229,269833,980460,699260,2681631,411050,629421,622110,17152856.0,2659724,349816,816240,4930839.0,61134863,6721911.0,,261182,508176,1396704.0,1320976,173144,14479877,2258319,2198227,11206250,88778714,337921,500742,2144119,4707045,2927592,6983556,222279,1083679,178113,1564229,918034,,1642577,1847504.0,718907,1276316,15808391.0,1723687,2055637,718341,1357590,1424861,6042374,271754,,385954,1541924,1976871.0,360524,1214999,4026400,688550,10264859,6392621,1209421,367527,1293810,369863558,995016,1169108.0,614075
2023-08-25,2830413,578056,883912,296814,596434,1033078,4424864,,1044943,2405503,20465367.0,1380060,,1412274,778319,2117096.0,573042,17348826.0,828694,9939650,339315,16521182,3568892,154696.0,1951275,4101680.0,116168,2030263.0,255875,398385,1468686,535302,4189112,242967,412789,680510,17813843.0,3144046,469046,845522,9059226.0,9832360,9329130.0,,640420,924120,1287821.0,2150364,271591,8014446,2518539,1656322,23103025,89999773,478539,1003429,2444078,4432028,4891632,12698601,202039,862315,152741,1369670,1015941,,1911843,2395531.0,1020785,1285823,16442558.0,3829121,5423341,856696,3748031,1398215,5839519,258503,,464906,1904110,1864098.0,365325,1063128,4637981,522389,16422434,19000620,1873302,271716,901428,32486657,262361,1270568.0,748666
2023-08-29,12506804,976608,1263250,594183,1769023,5165909,4812681,,2978845,5517322,52760042.0,2429385,,1724476,9308297,5603657.0,4140454,60002080.0,1487226,20954951,3056659,37833467,5602316,630551.0,4575962,9039029.0,283120,8383123.0,256670,2866146,6454321,861372,6109884,341326,1735059,1322001,144806978.0,12359488,559984,950769,13315902.0,138408401,50043097.0,,548940,3130991,1178530.0,4514937,590884,8458944,7341706,3620847,46417828,192034758,1185069,1104820,5687996,5512561,6523262,73016129,255031,1648390,148140,2150771,1651557,,7872012,4336922.0,2231997,4370963,64981719.0,3366314,16382413,2521388,2900169,4245405,12729397,912087,,695184,1985637,4276840.0,715449,4097287,17792734,917560,23229805,25287060,5529493,1221182,7999263,117317969,795016,8483647.0,1304617
2023-08-30,2894796,421256,991227,505590,573754,1339678,6536008,,913945,3396280,29777075.0,1491773,,1172495,211492,2463189.0,557650,24266637.0,624293,25710276,2069104,15784570,10376993,205805.0,1916081,3368733.0,120917,2781497.0,343039,241384,1135169,1342075,3856122,281167,1975922,1598998,25113846.0,4270885,1160298,439577,9250617.0,36565404,7764490.0,,379721,619120,1059269.0,2630369,288118,14803431,5916259,4762240,12988450,110852442,544787,1968012,2455968,5956032,5629509,30267115,204603,1327707,126407,1565549,978496,,3542721,1761453.0,1604472,1840146,49949992.0,2304068,8673653,1024683,2365195,2324606,6195472,291429,,539515,2447812,1697036.0,400976,4228757,4820885,248486,6900357,11323242,1769849,390857,833615,39942113,348257,1518909.0,348045
2023-08-31,7032980,1909609,1251443,1133542,2318987,3465077,9613967,,2367206,9488970,56729612.0,4077565,,2241739,754409,3601125.0,1485029,67483521.0,2224230,69691690,1650669,68613757,4788825,646752.0,3268693,7175983.0,612246,5166567.0,621754,1346731,5495609,3551602,6704752,462663,1612921,853524,59164541.0,7504870,943511,1690569,82536021.0,45532273,18540759.0,,1539535,8793412,1999705.0,7966293,771005,13006238,16287550,5810444,26877512,321802013,1204781,2313707,11372702,109924108,9907986,25441509,581995,4651971,120018,2202282,3135568,,7792367,4339790.0,3461287,1846591,52953144.0,9235565,20378928,8713151,5353829,8925401,26502801,603314,,1571821,2443135,4011231.0,373723,4521083,15632043,1599067,30612243,40161340,3987051,1731244,5230065,96389587,1287219,9031539.0,912421
2023-09-01,5051899,623090,2120754,516068,922431,1092749,2928135,,759392,3413429,27326603.0,1962446,,3037853,128439,2033332.0,311002,51611884.0,729169,11941132,921481,15213217,3108813,399572.0,1199638,4090519.0,122405,2228031.0,282095,288368,3457291,1044645,5038030,349495,279557,950588,32060379.0,3352641,394735,764266,14211201.0,24327245,15624277.0,,1015831,1439083,664981.0,2582780,177903,5340320,4489862,1434073,12899325,313465005,648083,1127260,6160241,13711122,4089406,10542433,228514,1543531,97105,2494897,735458,,3472109,1776741.0,1926686,944807,22086731.0,1821427,4457005,1750834,1084765,1829931,11959563,414886,,667721,847386,1713396.0,483013,1637528,6487922,1526515,11538323,19491542,2065549,364174,3752405,27133996,494943,4621952.0,342066
2023-09-04,1859964,447949,425390,502222,590207,737795,3181692,,510722,1828172,30146626.0,1103302,,852177,610498,1151864.0,307243,33755811.0,548234,8199611,286130,12822256,5297797,428308.0,1322221,3946805.0,176627,1312146.0,222486,171694,1328462,698724,3572809,264451,131173,598172,32228235.0,2743853,505585,396949,7574831.0,36868212,8500845.0,,415985,1309672,807175.0,2958636,241024,14592632,2017402,1254541,9161180,64586808,312014,365220,3628099,3395018,2895638,10703712,119441,1255722,107028,561957,922140,,4396333,1396500.0,469311,841557,31037853.0,3730082,3044106,1301092,771792,1071807,7828227,181296,,361763,938629,1222725.0,457001,1233888,3171894,264679,8317735,4646441,990048,290445,856483,49685383,296714,1435039.0,534797
2023-09-05,3584370,994777,587468,1402720,840491,3939416,5864855,,1302060,2576640,64373046.0,4422681,,1754207,182759,5323883.0,550905,39236536.0,826794,11177510,607410,31795463,3172879,586389.0,2521267,5170309.0,186456,4914958.0,228424,438227,8029240,911703,6194440,252369,247792,696068,34837686.0,7693914,448294,774774,13066203.0,20296700,20388571.0,,1198195,1800344,1238494.0,7328319,304299,4695779,3812592,3031823,9769588,66880505,1022394,1253785,5134011,5172881,3946733,14337076,160115,1408481,168672,1063543,1178309,,2819853,5529869.0,1471907,1415644,19987758.0,2919077,6270824,1864091,919535,1594746,11150441,306829,,616273,1559891,2924024.0,148293,3852432,5198151,520097,34128834,7387518,2556140,674538,1389789,47009762,675496,2182956.0,834647
2023-09-06,2999366,735656,392748,760160,1165335,1590631,5313330,,1283468,3186969,25186830.0,2423599,,1482409,225377,2741138.0,529512,31596122.0,1889235,10481506,579782,24987656,2570063,412709.0,2970639,10212458.0,177847,4232843.0,240469,355359,5522155,864912,4134585,362281,359455,482180,16546328.0,3453524,415176,532066,8492882.0,14699219,18166644.0,,430607,1134044,1456794.0,3397329,429872,5469069,5248999,1456869,11021358,102192028,415921,838720,4085220,6401818,7154403,15388174,188929,1111452,221180,862825,979706,,2700430,2423996.0,1170123,1872931,24156799.0,2438778,2547106,2362270,2016713,4001017,9303742,258446,,334125,1930677,2359767.0,190273,2019390,3170291,522257,13152703,9497735,2146560,1123986,2157416,43730457,508946,2175859.0,411180
2023-09-07,3000452,665566,491221,524187,1834176,2794037,3741417,,1042230,2592825,24059524.0,1890775,,6924916,144659,2134684.0,594015,24270501.0,1837804,12554106,1406357,19026955,4786207,374668.0,2547854,8234023.0,183556,1895303.0,201348,414833,3165846,642716,6338593,425167,419191,875977,18580734.0,2641437,578347,523620,13655055.0,23007461,11231112.0,,411311,1798609,2706665.0,1433951,157440,15110908,4295444,1453122,16237831,75967110,7196204,1593891,15861590,12759028,5197970,9204301,176237,2396951,218043,1598726,884512,,4339614,2609370.0,836381,2811653,25143491.0,2515947,3665906,2224089,3296482,1152871,7117643,2119309,,444658,1965166,4399886.0,309464,3417005,9407683,634421,12107732,5127016,2489946,489452,1300944,36579675,485203,2270050.0,678077
2023-09-08,8837180,1003100,369778,616986,1488571,823531,15423721,,2242376,3544349,92559662.0,12315317,,1862160,437322,1764295.0,1571389,56410630.0,2456248,14230430,851817,42583968,2903072,360779.0,6418817,10741821.0,144449,9393887.0,179707,503628,5209158,901340,4485748,453698,420970,640165,21689152.0,24442075,700133,577953,15469257.0,37302909,9499190.0,,948237,1310417,1423087.0,7488268,261499,12937205,2439755,715064,15201293,147483289,3533302,1243996,4428821,15987693,3429400,36151826,198172,2073950,242336,1132102,1548001,,5512979,5552811.0,2698660,1489047,25045114.0,2417547,2419987,1333811,3107812,1118306,9916163,1266718,,561391,1604569,4460657.0,103781,4220863,5134906,462179,15047732,6750890,7101500,446458,949702,168278902,416403,1843665.0,942076
2023-09-11,2730665,709887,410770,364700,750065,899541,19371492,,2011900,5541993,28151720.0,2231387,,3803348,1951801,1519507.0,588071,27042179.0,1064559,25390320,585206,19942803,4063000,297405.0,4067863,4356369.0,197481,4674260.0,169454,454620,3800354,1148749,3906003,738173,1115913,1577544,35439674.0,7280368,503723,757729,11517507.0,23844895,5905122.0,,479771,4153474,1099794.0,5488765,231961,10016991,4135748,1028174,14636680,156914685,5273081,507030,5275140,12888755,3617107,12258735,221632,1664527,192189,1357096,1123478,,3053787,6110252.0,2033201,2649746,21811781.0,2109464,2489417,1037741,1900168,1195910,8328401,541824,,705869,1402212,1168276.0,182812,1011189,5251954,822487,29456756,10416163,2756813,435514,1642993,44403130,181218,1796961.0,335782
2023-09-12,5074138,2180200,1732864,480875,1818793,822439,15660072,,1423103,30966048,42675861.0,2535199,,10085084,267202,2053686.0,1363483,39010905.0,1086479,25761003,2550850,22988443,22640477,431885.0,7014722,5512355.0,153960,2461214.0,163918,815356,1505589,655263,6571778,385807,304196,1422151,26106018.0,4090042,402048,937982,16517223.0,31541932,12485042.0,,608128,2389781,1585613.0,3798715,292548,78591473,5693484,874985,25466399,165061570,999475,1100190,3876101,5123704,10408826,25686121,896005,2678967,202482,1619116,2082738,,3168949,3126798.0,1265091,1112713,15156040.0,6506969,6202344,1391531,3104424,1260210,6312485,4444579,,4134991,22148146,1598950.0,79003,24201736,7897984,774048,8849291,6763949,2408351,267981,3698541,942323193,530468,2165736.0,879825
2023-09-13,4112794,1004769,398428,422449,1366985,1460652,14586135,,1663183,6516050,45204574.0,2078102,,2072988,510575,2775649.0,466833,63569624.0,2118307,45750662,530259,42857700,2634810,780097.0,3426518,9232571.0,173316,2932127.0,293480,571045,3254175,1163561,3280915,286196,530114,2132345,21433334.0,4317908,455691,795316,9497670.0,23549819,21696877.0,,862656,1860765,3462987.0,5450712,251617,12714310,8892503,1543310,22124483,111797115,3080939,953820,4257860,7189911,12640517,22895513,337283,1829177,160829,1298894,1322660,,3542394,2223192.0,1082276,2135284,24433757.0,3328553,2597514,1594448,2727198,1657545,10397897,1794855,,486949,1354442,2154712.0,131323,1842429,7604541,938167,8481579,11499933,3122584,497830,2280228,97151571,374409,2124468.0,675334
2023-09-14,5575767,843388,566778,758958,1744119,2806348,13426407,,1797197,7393024,46592313.0,3134543,,2480970,292715,2670207.0,1076879,42108759.0,1749773,25421238,652504,26660767,4779317,431925.0,7806099,5278599.0,222611,6114674.0,315999,450606,2738931,1091325,4212082,621853,467124,1813259,67802587.0,6458627,1078467,685927,19403709.0,29081387,16892031.0,,1286669,2215489,983263.0,6411908,264581,15468414,8586536,1485562,18275268,174804740,1086481,1202541,5663337,8820336,10066165,19058237,368682,2649674,228031,877133,2170594,,4088942,4753501.0,2778412,2229465,22979742.0,3606508,3362362,1236654,2654277,2213953,11669030,1911573,,1033039,1729570,3738108.0,133013,2882172,5844075,756095,8880733,13243794,2928266,646706,1575672,111778503,1354115,3199275.0,596180
2023-09-15,9786385,2576629,3236065,1691202,2790379,4383164,21708671,,4715880,14716000,95245108.0,8368837,,4564913,620679,8049434.0,1387296,116246149.0,1920063,123302925,1185246,66832106,10403979,663498.0,36491973,5801117.0,906313,10579778.0,4147836,4783707,7112152,4154530,5543298,849360,1471501,10999569,64254208.0,19682560,5193701,2385730,29225277.0,77881497,20382772.0,,1426529,5840625,4899673.0,8580400,741230,17524113,18125033,4143864,33474750,410881995,7403954,3524544,13482803,11011386,15384556,46681323,626705,7321347,540498,10279614,3017085,,8553829,6118822.0,3186631,3837551,54377972.0,8802545,12161127,7816576,8003593,7750640,37465648,1843147,,1887010,2705470,4346514.0,263804,5219628,14226646,1983822,49860939,31473561,9074970,2228164,4943570,183227964,1008386,6483458.0,1381889
2023-09-18,3599294,675762,595976,417452,532037,1583096,5143497,,1017587,4528079,30159436.0,1566363,,1885531,271601,2479360.0,753996,40471624.0,1094242,77062715,676486,22425636,2555401,230853.0,11771878,6546572.0,188019,5383458.0,213319,422719,6241071,1450394,3213975,246474,440161,801685,18937385.0,5833009,546461,646461,17902960.0,15718615,11948690.0,,288831,994012,1162638.0,1548078,251553,4951870,9875274,2549492,12851935,95176139,1496435,1826637,4660411,2086448,2929967,14180003,223030,2197260,164887,1097964,1075603,,2878806,2087042.0,1449719,1304722,26660129.0,8413977,11155285,2652625,2258711,2067419,9845707,771065,,376503,1667708,1607563.0,210157,1565035,6031030,345012,9517546,11923093,3645192,547603,1717059,74089299,485378,2612032.0,401428
2023-09-19,2914705,1079234,537964,530602,1170823,2299296,6773974,,2034190,7739176,35030804.0,2243148,,2265747,222332,2491690.0,1374475,31257833.0,2120674,23160499,335406,26917200,7478529,365513.0,7587909,11276450.0,178934,4127171.0,135549,424510,2835854,1448875,4775457,339663,711483,676620,36415235.0,6099451,746072,481806,15871380.0,14145170,12236612.0,,604921,2316738,1139971.0,1993032,344775,8251731,17479222,1685022,14135863,192122023,1706585,2688462,4872382,3003604,5439096,14457063,430789,1658113,209801,1619933,1003122,,5164585,5429011.0,3168650,1822060,16138944.0,3700401,4205987,1764713,1545385,1724220,12073801,2086332,,1000284,3009030,1705181.0,161935,4274931,5848981,1189377,17100000,8289493,2719513,371887,995368,29181169,325688,2702649.0,605026
2023-09-20,3506784,545247,349974,460129,736672,2556362,6364680,,1568781,6570202,49443117.0,1950305,,1671813,220360,3045296.0,1214411,50633664.0,2550935,29327051,521367,30111315,2299941,572935.0,6874285,6129743.0,135086,2088340.0,121597,215406,1235075,785604,4893855,256305,450779,1148027,15572310.0,12724370,558817,2134727,11412771.0,18482939,15155989.0,,489091,3531228,806827.0,1596859,383053,14680066,10008441,2892246,12373854,301530724,1658596,1620159,8643168,14181302,5109498,23625246,652842,1878178,130526,2051459,2889172,,3562851,2620756.0,2573840,1606514,30410571.0,3153626,4213522,1649902,1942339,3302924,12343692,1324540,,654930,1550205,4942041.0,614501,3754868,8031245,476139,16208985,15876119,4196172,937347,985562,114769243,879677,4255257.0,366136
2023-09-21,4617419,736774,539988,1209302,1129253,5020033,5743387,,5277686,5058200,101649512.0,2485448,,1557855,705426,2834851.0,956357,37642478.0,1779712,16983169,531639,28498188,7885937,744359.0,12625819,11336653.0,267141,5747393.0,220214,354945,2255013,3925351,4024025,286404,909886,2636738,26335230.0,9284366,443574,1265068,23038925.0,31240282,17555655.0,,536658,3088631,1170286.0,5471873,551621,59656378,10477589,2425699,15481767,228768917,2683486,1119297,6775456,15252030,14913798,32599432,440191,6206356,246513,2061624,2422198,,5705458,6160464.0,1933226,3798395,65237521.0,4168696,6408876,2239706,5539612,9103223,21229058,1303524,,1925356,2403138,3464098.0,292659,4653870,6222983,751702,51629285,22904565,3313371,1124589,1679679,96936922,1315359,2372543.0,1097623
2023-09-22,3921301,947152,886250,1600421,1281695,3186250,7386342,,3547059,7835072,63665727.0,3868934,,2076074,223964,2727542.0,1073938,54784695.0,1967259,37570898,499096,37774221,4516626,637515.0,63533597,8270422.0,207994,4668357.0,461931,510517,4116835,1261722,2484267,1293526,489396,1334345,25356746.0,9824011,575078,1553853,13674040.0,40235747,15531786.0,,893721,2716899,1405755.0,6784919,304136,16052683,8040240,2024322,18593692,341794656,1441768,2161788,7239736,7563033,14143681,29483299,431979,3426416,461274,1875021,1941779,,4328101,5669147.0,1599970,3514583,24871483.0,6282727,7273368,2241505,3082948,3400458,16125296,1366656,,939903,3920098,3213409.0,489611,2802769,6810042,1068521,14749704,14449503,5684860,869427,1816378,100802152,454318,3236722.0,638358
2023-09-25,5707756,1108907,1840469,832292,793111,2851145,5564185,,3471175,12966113,31285690.0,4321427,,7730554,161089,4967048.0,1177638,73361478.0,2547895,24092811,515695,24729305,9916541,468729.0,9041715,7853781.0,547830,2779585.0,268272,235876,12260445,1365381,4846650,359751,440781,1881363,19729174.0,9048411,500922,2545805,8059935.0,75173293,20737449.0,,832678,1458212,5699007.0,6928471,337403,46107039,5184040,1706153,22709294,157412846,1418244,1872466,4871277,2999926,3983465,25920274,193504,3802139,164634,1432224,1986810,,2084043,4212362.0,856990,5161696,26505777.0,5085298,5329493,3727610,1857070,1842225,11106986,881305,,2250486,11860392,4907719.0,147210,12216504,6123759,2206714,19455954,8371771,12234995,1478399,4391009,465617599,815123,1988006.0,1037963
2023-09-26,2020083,836395,689088,616613,851105,3130134,4723018,,1606820,6505213,57010417.0,2296303,,1067395,427663,2993442.0,675243,37341036.0,2152809,13556210,572681,22649769,2779945,462018.0,13458000,5012149.0,166067,3173139.0,656452,412572,6726259,1508112,2538338,314049,238929,676443,17089191.0,5867332,664747,1327870,11327121.0,18876589,13855940.0,,837819,1187384,1744854.0,3410259,216831,19512225,9512851,1516000,18172178,115017094,1779140,1638952,6975493,5312272,6732583,23510513,286962,2666162,138205,1969381,1328899,,3260825,4061485.0,1287302,2255784,14816403.0,4501972,11247540,3114985,3411057,2055471,8339221,856171,,1923836,9041546,3025437.0,262193,1969308,4591202,701018,14034282,12215229,2822892,892170,1617215,52508392,407542,2890325.0,923170
2023-09-27,3073539,1125465,477259,703434,666887,2436569,5439529,,1501177,6626811,44397025.0,4949087,,1720789,213401,3667381.0,753647,32127157.0,1254646,33343931,754578,49209411,4407579,564407.0,6186317,3340678.0,166569,3041011.0,560100,289311,2918623,1949013,2715110,261288,384901,859331,16361961.0,6077411,657609,2189276,11347572.0,48649788,9844896.0,,689359,4352355,3888547.0,4107635,602742,62514081,7554437,3265729,12134921,146505711,974079,967127,6880044,15122469,5454389,15871910,354091,3056309,165273,1097158,1743763,,3078567,2236534.0,1110105,1287785,17513568.0,3448162,11230702,1498420,4402886,2264976,10811865,614526,,1682793,2846985,3378109.0,160816,3245488,14773494,586071,50164310,14836848,4699412,992834,1050061,107285725,1193798,3102632.0,2466480
2023-09-28,3387944,740775,415543,761683,3436755,3131660,8486727,,1491439,7404500,31913112.0,4796112,,1611362,303127,6093635.0,1335989,32567410.0,2204859,21635244,921022,47447577,6326186,1308364.0,4534809,3709791.0,173791,3747289.0,431886,457004,7895513,1747453,5109806,356636,558381,757149,25415052.0,9029045,407171,1556929,18968054.0,45263621,24874056.0,,1226935,2193160,2904610.0,3204104,481929,20417277,6223382,1790704,16738631,194582788,1120183,975137,9017905,6400534,5933350,29660169,619405,4569270,261203,1413981,2880881,,3188172,2298545.0,1956488,1974608,24872362.0,7243402,11839077,3124894,5241301,3606040,11501692,634734,,928133,2742891,7175850.0,190519,3409275,6865929,697206,15639771,23242922,4293631,1168504,6835089,62977706,379444,3741449.0,981699
2023-09-29,2937347,910719,467507,855182,1156628,2297179,5622292,,1752888,5451074,47529159.0,3458168,,2107665,209465,6377379.0,1078069,35035280.0,1925144,19005837,672934,29597664,3458396,989413.0,2286569,4430168.0,179707,3128954.0,438371,1015264,2746877,1725607,4420036,288567,295752,1037019,52441662.0,8075616,960776,1134422,22953063.0,22317823,12005504.0,,753731,3395634,2687358.0,5413097,555137,12979587,8345892,2110215,13327464,93860934,1065882,1044821,9478314,3483496,8772428,14463965,602476,2602070,158751,1025129,1590008,,4004747,2608783.0,1647965,2151712,19556907.0,4574280,9529277,2340178,3831005,3720090,14163458,1216998,,1055255,2380580,5925817.0,191646,2654244,7811021,1994966,21139794,13168774,4802243,1342082,3125011,72917137,621750,4493337.0,790685
2023-10-02,9339672,780059,396745,510116,1459576,2155086,6387305,,3816373,4866428,34149954.0,5033362,,1417545,372033,6416101.0,1470301,36107770.0,1352546,11079989,1102315,38518360,4746931,852503.0,3960106,14339940.0,247354,2404907.0,450885,348606,10338505,1084998,5064833,333876,1575801,1824875,26564853.0,7731897,971865,1444153,21479298.0,31837619,9873329.0,,718891,1448949,3317767.0,15219934,411766,10294419,5855692,1531827,16676966,102276009,1269192,806296,10358849,4113756,9032638,26766414,473480,3752421,230817,1231034,1383003,,3131921,3260227.0,1723926,1735759,13670302.0,5753314,8067663,5463547,3753381,2576175,13744383,2645165,,444983,3670488,3734735.0,115770,2614193,5181197,4779683,17437410,13386129,9857076,1008646,3557483,56203388,477708,2264490.0,721364
2023-10-03,3114634,760532,522294,670290,1946011,1758211,5837091,,1297146,4385748,49422328.0,3337754,,983346,206532,2308859.0,501316,28338046.0,1902838,30225869,550639,35996285,1858990,486704.0,1980623,5049456.0,190780,2250228.0,140462,278247,7461599,2024151,3746529,232624,539523,544419,32344117.0,7493233,918731,1005183,15336538.0,25649014,10830922.0,,374417,1827893,2703015.0,6399371,258691,28722763,7652444,1447254,19391443,77914964,566246,1215682,4201850,5586367,7045107,13855668,394703,2503967,159032,807880,1456469,,3071591,2577621.0,826466,2635191,13955223.0,4967591,7012597,1605134,2554250,2874719,11507140,1410436,,645033,1699076,2259553.0,85468,2521713,5216962,4206153,17798389,9295417,4012449,741299,1953410,59394065,363126,2650508.0,1096787
2023-10-04,5737177,1253376,467550,1253493,1344434,3621656,26322222,,2200732,6749998,47005528.0,5294088,,2653087,526411,5409945.0,838212,65919171.0,2253580,29182535,561828,27674932,12392407,336003.0,1305091,10571577.0,235348,5900395.0,283707,522680,3626623,1129120,5558030,377940,769730,527226,50069987.0,12872501,687196,1688873,26373991.0,35708961,32315773.0,,499403,1956795,4309695.0,7316338,248064,20041931,6789082,2248386,36481779,254168072,707915,1398907,8915024,5145603,15348916,27082789,373939,1547849,144513,2037215,4115541,,3896011,4432219.0,1947475,3452168,62243036.0,8684547,9771323,2332508,2033497,3293891,20058487,1975603,,907894,2627855,2441437.0,115306,9831285,8653121,2336319,46607334,17419567,8063805,1004300,2321447,112324695,627796,1542216.0,1822857
2023-10-05,3419875,867901,583737,764832,1169489,1767473,8814284,,1102217,3213907,40701456.0,5559230,,1183294,188784,2696330.0,737870,29909637.0,1563210,19267457,393538,20987142,3676026,443080.0,2779517,6349825.0,125452,3310834.0,264364,243406,1688553,827877,7129076,274083,565253,935666,21656884.0,4687075,733539,1486990,21877118.0,21812777,29983804.0,,420186,1716835,2650431.0,2304848,264754,36716826,7358783,966422,12672753,121200278,2471395,901221,3571296,3776772,4993557,11558756,210736,1349024,105320,1132111,1790836,,5947415,1821104.0,1740950,2326059,47150283.0,3654715,8281143,1847378,1965593,1804430,18742304,1202274,,726816,1660644,1641218.0,139616,2983182,4630404,723343,26587600,13163766,3088352,849610,1452112,71572881,877499,1629989.0,1491718
2023-10-06,2079441,1449394,556310,1719066,1659412,3118792,28070005,,1250802,3120157,27501875.0,3846411,,1321961,272543,2493261.0,688093,32751712.0,1334437,10791644,1691879,101257172,4459050,523620.0,8630994,4292422.0,106005,4456742.0,268742,215880,5917548,1360901,5464489,367613,386584,1264129,19577714.0,7150331,466057,1966249,49930344.0,37660935,22076085.0,,461310,1809433,2639421.0,5299153,188071,12451446,5732027,1176061,21271618,80179745,733612,888729,4716451,3918229,7265546,13417132,277328,2306338,136198,1054031,1428302,,2774338,5844968.0,1532480,2734520,29942049.0,5057760,7809348,2771984,4718585,1799063,11014604,1322489,,705702,1474225,2986001.0,141795,3348531,7129069,637256,22319226,12123685,14591449,706872,1419359,56888715,938634,1601283.0,1037019
2023-10-09,2393112,1373574,413573,637142,1503970,1906683,26534976,,2558599,7484235,65100536.0,1963162,,1206326,262477,2370373.0,842295,41660240.0,1279569,21297866,594881,20752675,8516882,1160670.0,1398929,4230919.0,153226,3426815.0,201941,214204,3020821,1085459,6988270,427266,791111,589118,20626154.0,4565561,495732,1689225,27924298.0,18973365,38101482.0,,476509,1853725,1910367.0,3294662,436510,8905843,5974409,1059599,20775691,199447444,2802917,943367,3430451,5684416,6072943,16190724,395653,1636319,86454,515274,1937602,,4062276,2443067.0,640295,1090890,22798980.0,3327500,4800724,4540997,2263990,1218560,12749107,1462391,,833811,2439208,2540296.0,193768,2345551,6487528,649114,25074815,16482340,5172128,494810,1955549,89185962,448929,1482932.0,648808
2023-10-10,5003037,1404368,526164,1135953,1654830,6191515,9152235,,1237326,10059896,46151859.0,2231551,,3980532,471636,3008960.0,756311,29229090.0,1242575,35026673,685003,44073303,3900574,743541.0,3473988,6561448.0,167809,9757077.0,409779,290135,3780621,1385687,7339419,349304,313960,832102,27874741.0,5779676,490763,3459199,65212163.0,34573439,18415429.0,,684754,1408978,4011650.0,2733437,603135,22025143,10600288,2190050,27524169,101122156,1519966,1924480,14605854,3645158,13940537,12044735,983305,2457403,154566,642173,2035348,,3784541,3214812.0,1168305,2606115,34769620.0,7597443,9236129,3740989,2341350,3374555,12817695,1223971,,1817253,2800079,1685527.0,417748,2479905,8169836,2710230,42153295,13409209,4753203,639674,2272942,83901550,857544,2540298.0,1289991
2023-10-11,2209921,1105456,1286123,488973,1593648,2095512,4008721,,2745784,4792561,31683307.0,2964760,,1217631,692973,1682716.0,832096,34467712.0,1583260,19678878,949488,21552008,2159579,642740.0,1856870,11778438.0,120949,3367501.0,701484,804391,2621967,794622,4000201,315957,682841,803837,66606739.0,6207415,492060,1492492,28951461.0,17751343,24356338.0,,840015,1509407,1857414.0,1859594,875923,26571861,14585113,1566661,16484735,100458208,1759127,933930,8682996,4111527,6040072,15872277,423765,2213181,202500,873841,1920446,,3238846,2197107.0,1152725,2542651,16525754.0,3368873,5485030,1216506,1998830,9935924,18587051,791209,,471111,1892267,3270788.0,271999,2255934,7650212,541476,11714182,12449970,3585146,1359900,1484825,65984170,512754,2285296.0,541808
2023-10-12,2569843,1296367,442258,522644,1733171,1363093,5927232,,1536321,4754444,70870493.0,2717813,,1850222,232053,2305158.0,546109,44740720.0,2251567,11155667,427793,11351519,2442503,508545.0,7430261,5962197.0,177160,10771301.0,339253,239405,2386061,944261,16537898,357951,263237,1561864,19885144.0,8279234,822048,976340,15893999.0,31737934,16547572.0,,1440178,1283911,1711958.0,2839755,147453,17805574,8343766,1180956,10857859,159233092,1020005,960828,3799544,5561052,5599813,22564220,275407,2041757,160883,819558,1953634,,2981265,2061225.0,1503301,3019722,18043920.0,4177565,6549425,2718737,2164110,2581130,14398149,824464,,832853,2291838,3021929.0,283695,2303739,6098527,645756,16999877,12456724,4850715,486731,2154376,56345617,477888,3278354.0,700838
2023-10-13,2200920,731928,430022,556162,866873,1498364,6656538,,1162288,6875561,48831138.0,5760799,,1562184,206848,1976327.0,1215850,57809715.0,1794170,17537714,393443,17596815,1748547,461146.0,2049076,7702755.0,111303,3592520.0,210379,311057,3438324,1064698,9857760,585446,321890,935071,33325228.0,5934828,497129,1230772,14165831.0,15780448,16042870.0,,756321,1719819,2182985.0,3749182,184659,9575984,10643223,1085724,9115586,166940735,798383,727468,5130437,7283280,4795019,20315005,284867,2311139,130058,1166031,1933303,,2933555,1524828.0,764039,2390209,20979320.0,4093458,4581684,1732125,3487997,2160233,12659237,754808,,1578799,1883873,2956806.0,353441,1704851,6126338,637147,18600329,11769967,3677829,598952,1536705,35555356,359441,2382300.0,536325
2023-10-16,4623394,1753234,307467,774210,803114,1358237,5144577,,1702777,4352549,53256134.0,2353246,,1136120,184841,6360845.0,911022,27537172.0,1154358,23405104,390119,22669253,3216655,372022.0,1956483,8318862.0,104057,5813912.0,290118,296309,2784978,1548382,3965718,248534,458266,659804,51025402.0,7625405,347022,1649949,8288887.0,26351027,14918900.0,,497804,1814567,1941674.0,5384731,179690,13603691,7139016,1059731,12604490,111510390,1205734,608358,2489544,2963120,8290803,9942762,402943,3700397,272513,847154,1599247,,4804794,3198558.0,1236762,1555560,23323983.0,3264117,3386171,1855204,5518680,1930090,15827912,319331,,491273,1711854,3143960.0,360837,3554941,5112468,1111396,25311602,10414476,5389702,473538,2154760,55323496,334781,2211931.0,612896
2023-10-17,2517740,565126,642006,754648,1588037,2182826,7718646,,2225240,5629520,49166082.0,3819936,,4019770,223206,1316677.0,653397,29268291.0,1099673,21412006,658402,19647421,3945226,314300.0,1583076,7900328.0,319746,2773532.0,213745,275838,3385528,2623208,6666870,539479,352320,540281,55521715.0,7456042,1009012,814500,16909461.0,36574818,12427587.0,,807727,1641336,2865411.0,2863032,242187,6080251,5557172,1234181,10468055,141280133,1263952,794970,8545033,6656076,11737888,12352139,267967,3292612,265825,1478439,2415064,,7532328,3284293.0,1477261,2424652,28649784.0,2755514,3421461,3676392,2187392,2874635,10992832,550289,,847963,2459480,7837983.0,226754,2818011,5568206,1446584,17936875,19711268,8317580,533914,2145764,54059882,388207,2030541.0,1073250
2023-10-18,12508193,1034307,737795,765454,1830027,1595263,4438470,,3678685,3897122,32855695.0,5145167,,1592456,175812,2056441.0,736770,41580407.0,893771,116050460,421738,21944214,3665356,801922.0,1964242,11908270.0,158154,2863053.0,604171,371843,9456106,996882,8568726,665922,875901,1282147,30034656.0,6910323,450693,1070581,23571610.0,21094402,23735481.0,,738900,1611716,1331787.0,2621041,188021,7704794,11777484,987054,11063698,91714127,1417435,1220983,12875152,5726819,4747318,16941566,310995,1817675,126072,2517189,1169360,,2879363,3743731.0,1696401,2168703,24478356.0,5656412,5339460,2792106,2223010,9033415,9289491,916605,,694938,1621994,3654964.0,458184,2425294,4163819,898787,24964931,12350916,4760540,772413,1886041,37482191,1048114,1944930.0,3722212
2023-10-19,2638433,674801,1185339,1122407,994297,2246731,6423667,,2131732,4813551,60376953.0,2188879,,1871217,219321,2364435.0,663304,37415124.0,1995811,13040404,643584,14466651,3959266,512455.0,788862,4954905.0,95153,5981885.0,381426,531978,2428610,2383501,5252508,345057,449720,1301891,20366158.0,7149343,467493,1556598,18908706.0,22582692,17913023.0,,1089193,1204779,1369223.0,3231939,508982,8105512,12866978,1199746,13923719,153457095,1962929,3205292,4008194,4675374,3930629,18669997,363080,2014072,125436,1505581,1897464,,3769355,4110956.0,1394857,13924558,21218329.0,33097263,5816399,2050187,2131162,3348065,12239056,1031060,,810383,4158375,1739059.0,273148,1743113,4265457,1153349,14293142,29839933,4043837,1252936,2236175,115617062,687372,7851226.0,1056111
2023-10-20,4855848,1433354,837093,1196116,1490315,2568267,6298204,,2024298,6947700,71027245.0,3400440,,1260148,355885,3862759.0,1049091,38451397.0,4609849,31950930,572230,19865156,3996431,949158.0,1956949,17132560.0,226559,3729771.0,363787,750002,1905565,2214476,4840852,557552,731508,789048,31454692.0,7455546,512315,2284679,15759226.0,38831847,25253832.0,,979596,1823233,2187301.0,2556279,436551,12339031,6918257,7559712,18618395,285516284,2084777,2432422,6811592,4773185,6465935,16164669,596581,1877509,412723,1322623,1572185,,4797980,2521992.0,1623401,8632498,33958895.0,30226382,7419004,4792909,4789135,4945313,14884245,1315158,,1074383,3794315,4055786.0,222575,2327920,7062787,3284875,19800075,17378744,6544230,1374297,7497931,71037016,623539,4322076.0,853973
2023-10-23,3487694,580469,442766,948966,1525084,2737619,4190274,,2181139,4078459,43059578.0,1814776,,1109745,231190,2918985.0,1040058,50972360.0,1277390,19363042,391918,14652401,2289465,555075.0,1160769,4770025.0,196547,2775338.0,167853,754838,1878303,1606018,3431084,396802,591038,844748,21235583.0,3893155,357225,888368,17397678.0,13959110,16503145.0,,951186,1414204,1341300.0,3263364,191845,5744186,7464902,1070277,10121191,122817827,491292,919733,3066707,3507904,4648815,20877483,413930,3332463,170591,1117266,1410907,,2821412,3019541.0,1459962,4706517,21112152.0,11760993,4476212,984672,1976232,3402834,9886448,664988,,766362,3133251,1839705.0,93398,1269364,4012715,1110040,11015780,12187468,5294015,727373,1307614,43604815,985651,2043654.0,667727
2023-10-24,4734677,1299705,1093330,1108011,1245017,3144328,4421933,,2379083,4138553,119659255.0,2075284,,1817546,171066,1731484.0,2156680,28977543.0,1649017,20206310,576340,20907905,2902038,572159.0,1123862,4462394.0,141490,2977924.0,187593,269959,2579397,4942675,2842353,989276,853293,884005,24046698.0,3291400,366823,840666,13023031.0,18211871,10499484.0,,961785,3248240,1672288.0,6009741,295101,5791125,14273457,833889,33784734,154084778,1660752,2095181,9830958,5656134,6034879,32924543,491297,1915095,539437,1207701,1394698,,3084840,4299097.0,1734816,3787881,25476478.0,8753577,3277434,2087866,2793709,6868978,12160050,879537,,637178,3640101,2693101.0,107926,1738457,8130386,1265608,15232402,17478883,4538953,1360634,1565205,61933690,426349,4137848.0,570959
2023-10-25,7503870,1069524,282938,1616047,1489697,3205769,5985903,,2347407,6930484,76612630.0,4041462,,2333220,281304,2489393.0,1309559,29861833.0,1800074,57238434,407842,39467103,6952587,449335.0,1957256,10691269.0,106222,4168414.0,208094,203163,4626213,3047243,4799399,316313,364036,833882,22194143.0,6966170,328422,561888,22940522.0,39620658,17321431.0,,1096365,2748390,2144110.0,4429799,491770,7212612,7722382,1230293,12692518,294434604,2021582,1578973,9045753,4692593,3893111,34158704,542158,2966069,124007,2236883,1733052,,4715342,3990695.0,5489567,2668469,33815208.0,9315452,2357040,1859404,4139441,1785837,7458926,760920,,1480079,2048159,2974019.0,169560,3825120,11234298,635451,29256828,32374138,2957099,600582,1820325,62654015,488526,3571677.0,1082656
2023-10-26,8311426,1719979,1507561,691366,1813223,3158861,3519488,,2652740,8802573,70540765.0,2066071,,2586265,327570,6570344.0,1130622,38413624.0,2490449,15640773,576250,13092031,3386501,911935.0,1549466,6868944.0,99655,4223917.0,180215,339937,4504319,2077410,3499122,389542,436959,1926006,21638494.0,12986589,1250581,756752,16176503.0,75777476,26089686.0,,1122602,3313792,1858470.0,8850271,502076,13658220,5220607,1175776,12454506,195470449,1657523,2271183,9023242,6847565,6057066,22441019,292602,2716065,144191,706727,2276691,,3369383,2998108.0,2795273,2872779,23081608.0,43444286,3805848,3778855,3288942,2693624,17989594,1445791,,622582,1675581,2090562.0,129646,7219977,17279315,1845006,18089673,19604623,5827609,2306219,6975170,55353696,412624,6552919.0,514376
2023-10-27,2470851,499756,312258,634957,1438963,1914948,3538755,,1707716,4192130,98106787.0,2796039,,1160161,231880,5327668.0,1101199,41695925.0,1391304,14062969,727847,9815806,1646575,361877.0,2106213,4392502.0,115091,4106939.0,293975,263283,1656190,3051134,2679533,377218,592805,730851,18320029.0,4502875,394460,948294,15863623.0,35680976,30458926.0,,339427,1913911,1148610.0,1498780,813385,6034108,4549187,1068439,6662329,210222754,588767,1656265,6982422,4832590,5196463,68567068,180776,1166799,116483,615691,1892729,,4014625,1863060.0,3910195,4408074,19721937.0,26439212,5082708,1108885,1958873,1559049,11441885,479892,,1198498,1741853,3776927.0,164259,1146898,10741964,1074379,27989206,13973632,4578004,591964,2234137,46212299,672432,2557332.0,776626
2023-10-30,19667819,791012,378272,849918,1543012,2759391,9082964,,4438387,7907957,60102076.0,14738750,,1813373,411103,4252866.0,746823,121755943.0,1653777,12253634,1335968,14144145,12625196,302000.0,808345,9766864.0,139315,2894172.0,393105,188935,2545458,4152584,6105466,282584,182726,1508504,36050881.0,4033353,212677,512264,16081823.0,169130927,13159451.0,,749721,4147225,2361163.0,15689415,1017380,12056939,2926346,1214489,8741840,128456500,4179105,952213,8516234,4194838,8571640,73154105,595211,1365696,95363,988472,6500522,,5289753,3977677.0,3180327,7705393,55754601.0,13625570,3533519,2312245,3503284,4207430,19398255,735330,,874553,2552316,4616933.0,567157,3509286,10872216,791981,22122222,14116779,4834761,730846,1333717,52784424,1148872,2165320.0,421917
2023-10-31,2761424,1509649,445956,975164,1226726,4994576,3292654,,2913453,9313996,55502586.0,3338927,,1362446,333986,2369269.0,863958,76877717.0,1581254,27951769,1135031,21135610,2782287,478521.0,1098593,5946414.0,221246,3240704.0,216324,222207,7568530,2898595,7014619,489580,455050,1125082,42652394.0,17908155,742725,843324,15551647.0,49522167,16991962.0,,867569,3184532,2238527.0,3537570,903465,14042892,8055064,2302525,11872153,130698761,1374624,1073300,8286196,3075338,5945648,44030391,601844,2688967,122248,980224,4806198,,3951583,3259648.0,3986150,8848229,70932241.0,11424350,4133845,2551997,4663167,3329128,15831943,1578822,,1101928,1535394,3346548.0,202117,7065928,16778490,945440,65229182,16380882,5369472,1223483,2560280,71792267,1310645,3248617.0,670534
2023-11-01,3976365,1327170,479637,1182539,1769806,2801949,6568505,,1837433,7257869,64118027.0,2295964,,3217834,274965,2252485.0,999139,68277080.0,1255205,35930752,728562,37644426,3581781,940339.0,1769327,4403583.0,107676,2143879.0,250018,347363,5414241,1935231,2460152,360172,454846,880866,22011640.0,13712476,819715,748579,19607678.0,29210099,16966684.0,,578268,3046919,1175487.0,6449188,376220,11973905,6642661,1835690,13653966,100469078,1099612,1151589,11325959,7080091,4052022,30844188,1176992,1603941,106162,1027395,1983916,,3852241,3000815.0,1735550,4968632,58604208.0,7902447,4626205,1846862,3300606,5397878,9203612,1602588,,740449,2281214,6038975.0,215453,3837993,10348322,925609,19455338,28211141,2882689,1073195,2853369,85824897,1332348,2530842.0,793288
2023-11-02,4078355,1077916,841406,829227,2258321,3797793,7672944,,1595747,12035190,35920598.0,5309210,,8984831,320388,2622624.0,1533932,45955885.0,1482696,51681052,673927,30220251,1925191,1267977.0,5913051,4475818.0,165743,5522160.0,297582,518642,10607346,2059415,4256321,579229,272097,907234,29064332.0,14384751,1146326,917623,66304767.0,25610068,28945048.0,,592475,2048591,1170881.0,2719462,665034,12146468,4956575,2385262,34539160,312062950,1825664,974923,7976075,3948022,8915678,26293537,982476,2592905,157420,1594426,3105293,,6494869,2312734.0,2478996,5124548,29447330.0,29745141,22818971,1662165,1220459,4334193,18437050,1360668,,567275,3754347,6330600.0,205066,4552051,7426127,1289537,23241164,34275927,3424328,1547583,3169348,67873811,484086,3639327.0,2111354
2023-11-03,4291624,1305496,3263864,823566,1074618,1923617,5072229,,1219573,5909696,35763911.0,2687379,,1525213,165759,3320241.0,656610,42349431.0,933197,36816893,378063,39201167,2990704,794468.0,739438,3506228.0,228390,2524967.0,289866,376289,6664732,1848562,4935291,474348,311836,1009045,15677041.0,5123506,755120,1287273,46807662.0,21517497,20983947.0,,855724,2402394,1090622.0,2075190,467899,11421401,9060554,1983509,24265614,139741423,1180389,2290468,8161102,3677611,17553953,35345219,359466,3263647,241893,1597511,2532536,,2944081,1632259.0,1738690,4072707,57707612.0,12779917,9013287,2031491,2441975,4719291,13235087,1185073,,761703,1750322,4432774.0,178606,2462520,8255835,2193343,13930639,27198744,2460232,1203125,2371119,59947937,691583,2570650.0,1006302
2023-11-06,2322272,3882398,349287,488966,1124179,2224833,5001885,,1893919,5259752,34139210.0,2340223,,1868949,162318,9807815.0,869001,22437947.0,1083973,31674342,807170,37051346,3104177,645288.0,756765,3279098.0,254352,1860314.0,116864,224124,4402189,1261531,4687846,350392,299901,460723,22199923.0,5130722,995467,840510,20809678.0,67681095,12568474.0,,672254,1825101,1382989.0,3392915,625859,24871381,12182560,5399056,17556058,77853902,2864040,905880,6805109,4995664,4964827,26523029,701115,2838631,104393,4983320,2263629,,3621522,1338922.0,1996887,3722526,26537447.0,13904063,9367901,2100308,2481672,3269452,17633972,654175,,1073608,1760514,4728375.0,94212,9259714,5838464,2869641,67131318,25990383,3851120,2269936,2359905,118273992,278692,3618143.0,754976
2023-11-07,5328943,3014438,1241524,499919,1262129,2417588,3884836,,1729632,4560105,26541070.0,3182322,,2102576,279495,7147766.0,533504,45496434.0,1508353,15037845,1396161,34584211,6360298,357102.0,983718,2622369.0,149784,2460312.0,171226,377085,2075754,1446395,2833646,360275,958937,645480,24175620.0,6317797,564908,605457,20405228.0,15816453,7155627.0,,476599,3072953,8484073.0,5792786,537588,6939742,3706125,1165058,13445312,83864994,2225757,789584,6155157,6192406,10199704,62350352,242251,1525113,81843,2143279,10074232,,3212595,1907277.0,1602445,5107569,19678227.0,5778944,6619957,1650790,2696129,3292733,9017796,683420,,509103,1420395,4056303.0,130597,3543827,9479273,583937,22937967,18119687,3064078,936168,1350889,52256419,426842,2586771.0,1014066
2023-11-08,5278894,2911333,1415779,1672087,1340344,6860077,4035319,,4678524,7746112,29514626.0,5115084,,4896807,241097,5278072.0,695827,41605283.0,1167941,16364584,1163501,38776548,6187941,401088.0,1014735,4102132.0,587119,3957761.0,202310,342917,16717183,3782833,2237866,520503,862226,2158655,18726773.0,10204097,473498,961645,16782942.0,41676193,19021649.0,,570994,3819435,3497108.0,10960222,520297,7309157,5955318,1373335,9206628,106611374,2230234,1606455,3723686,4912364,19657558,31296560,519215,1846572,120368,1328010,1203172,,3558178,5729081.0,2059720,15868465,120596445.0,5594664,6612416,3127418,4759194,3904132,21826840,510916,,632628,2305126,4871338.0,241149,4649703,4606331,758212,68801529,18068339,7228370,1646836,1688411,48209587,571959,1915574.0,1014255
2023-11-09,4493368,1614894,1133616,553510,660468,4895269,5466361,,2005703,4528132,57710185.0,6265020,,2511785,241900,8833103.0,554965,57804997.0,1042560,12804336,373235,16187245,2806637,505823.0,1475968,3149547.0,160347,2651029.0,385866,275788,5296709,2696533,8231806,337143,470085,556977,19384886.0,14620481,496159,682775,13104517.0,32529807,14344068.0,,392453,5685903,3185947.0,3428621,349826,38212740,9839067,8228213,10369150,90991161,2448724,1124778,8130500,4744572,11464100,29477111,339394,1035554,100049,1783360,2197628,,3038249,1968638.0,1228827,6610646,22945905.0,9470576,5326396,1616185,1778557,13434000,15839784,675851,,3947166,1686876,3531798.0,152122,2935678,13083266,1759979,10332472,17315785,5482070,814647,1601533,61713304,582078,1782190.0,1217684
2023-11-10,6562172,1349625,2737159,842238,1324570,2992365,4449266,,1775830,4797330,25413757.0,6644203,,1700250,179701,4187611.0,542659,52311069.0,1538513,20177234,850442,18075496,4463557,520342.0,823852,6200020.0,166478,14581989.0,405956,439043,4515509,2096063,4001160,287766,449657,556479,35323970.0,6624707,560354,1029856,16133358.0,42157635,23223144.0,,389285,6880356,2442715.0,2921924,236264,5001079,25151346,1990490,5722546,345691791,1283960,1510400,8541728,1552611,10170031,28053567,352376,3659906,87299,1137820,838030,,2794825,2907440.0,1495968,10372777,21326926.0,11463310,6608700,1375278,2605553,4379283,8032281,535757,,885731,1442461,3013129.0,184025,5335544,4585560,658189,35062144,16468990,3593068,1640236,2865776,68379282,1096654,3635097.0,1284491
2023-11-13,3173305,4520437,408931,755491,1182435,2264701,5873683,,1737947,5583461,31803455.0,6330694,,1996065,367442,9557718.0,1027363,88202438.0,775848,16030290,377674,19613815,5117053,202758.0,1049751,4356676.0,408132,6167671.0,170441,240947,4947153,2066174,6190277,332583,674722,580437,13159098.0,6185143,675951,1376596,8724713.0,57743902,11737190.0,,582598,2052481,2313406.0,6841290,187246,11491241,9875490,13817445,8873576,70595867,4119657,3444241,6507908,7945643,41196370,24492221,379449,1484312,138191,2271319,1817965,,4938927,2937340.0,1024507,4477654,37517924.0,8682347,3210217,1344894,3014619,5622852,13764075,550296,,708884,1874267,2968665.0,126110,4959742,16756701,521818,14927225,12895808,4804742,1902758,1923940,93647300,903201,2517890.0,1100365
2023-11-14,4872560,1655833,731542,1220859,1179341,5302836,4624405,,1464278,5813942,26715991.0,1813829,,1625027,170506,5461944.0,393431,35677953.0,1181240,96331423,699558,15522997,6261649,366315.0,1446334,9216834.0,705997,9485532.0,399491,253234,4785000,2213235,4837958,491157,732746,763700,48972952.0,6485815,412041,1106537,8440319.0,30938808,13555124.0,,446917,2166983,2226231.0,40771423,489043,6327735,8698955,2037241,10126911,139219947,3389961,931483,7060344,3919510,6678825,101073449,345487,3418766,158869,3185151,1259071,,6543198,3220812.0,1384253,24056673,49856814.0,7436298,5224350,1617355,2474077,4847421,10611680,833169,,607622,2820684,3344722.0,249146,3412687,8144192,577813,15571422,37542574,2789443,1213336,2314056,151430464,653027,3672979.0,593248
2023-11-15,4970436,1527596,945912,970634,1569590,2115979,4718041,,1944444,12360246,64647934.0,3114975,,1238740,543454,10106519.0,980635,35501660.0,2032085,24917481,1083458,27290477,4646044,916019.0,1230896,8876778.0,321494,3963100.0,352314,272145,5108856,4305379,5269398,392114,509644,735737,47035434.0,5925795,990611,937739,18906303.0,35330298,24972846.0,,487791,1959257,1563640.0,6911448,382797,14471696,8566897,2865894,12351270,157686991,1397779,1607042,8487925,6880350,5559948,23554183,397553,4091561,167685,1515550,2642726,,2977754,4709055.0,3400311,4651862,25027311.0,4883634,5254373,1478917,3548169,5895756,5990952,592984,,554843,4056200,2399049.0,245793,4396310,6893516,621538,31655259,27617876,3675386,971062,2096141,95027598,526579,4997283.0,1154546
2023-11-16,2059208,871507,516933,962380,730748,1821785,8123132,,2120644,11829304,40382923.0,3631401,,1399156,132776,2259581.0,355890,53854850.0,5476258,28756961,875299,17641375,2948183,487331.0,1563143,19262477.0,291267,6877043.0,301986,277263,3594381,2549000,4857315,215544,227948,609856,35406320.0,5832671,553139,1834511,14062149.0,34804039,11773967.0,,395034,8036612,1140789.0,4444386,792295,6923897,5108197,1970952,10303454,262838706,1108940,928086,3981751,8641216,13834626,13622128,523400,2754351,218336,1126684,1726849,,3881828,3592007.0,1767727,7934149,98375507.0,5453748,4359722,1659765,2226066,2015095,15779889,552104,,2393746,2162269,2291478.0,415511,3618121,9500334,540209,15566466,11964597,5582565,1043520,3118377,58130131,1327152,3496126.0,1524823
2023-11-17,3056718,1810707,476079,723754,972849,3032728,11032817,,1631489,9120862,39566527.0,2786129,,1020021,195883,4969689.0,517628,31396118.0,1801082,17849813,616831,35171534,3281565,393366.0,1182066,6046307.0,367007,6860597.0,451069,219046,5224846,2224550,5367526,373626,767432,612265,28159519.0,10472074,699071,2685329,26024888.0,34504146,26867441.0,,526537,1872970,2306244.0,3377229,266927,13189864,10625510,2866497,16487842,131097373,1742364,2084948,6252055,8222298,6399432,18368929,243832,4688896,256433,1286619,2183687,,5056040,2513930.0,2836255,5115697,28448797.0,7139775,5165732,1330762,3472465,5162497,22086241,476945,,906531,1711042,2956354.0,160492,2415019,10609950,459226,19057313,32185975,4206961,1118741,2157131,62468704,606981,2521519.0,1879211
2023-11-20,1656080,1195151,516865,3422253,1120074,1995285,5471362,,1727350,6301812,39490867.0,1873967,,1041263,145207,2144638.0,642008,25351952.0,1278330,10398523,494546,17431364,6507605,399361.0,1574253,1968088.0,242136,2623852.0,930102,209978,1831964,1112093,3330975,225933,188030,433382,24376884.0,4270560,528700,1402781,9567653.0,44783216,14116179.0,,372304,1910560,1652202.0,2756642,331591,6020109,6252032,1984521,7635972,68951425,809741,779003,3114809,3629140,6319789,12480560,164961,2641847,154730,595700,1221465,,2959143,3009473.0,2055554,3697985,18772819.0,3872053,3206855,1234035,2757229,3843319,7589286,1180258,,416155,1411871,1531352.0,217656,2935626,7533637,788810,7271301,12221683,3769678,1325508,1605979,62577723,327768,1897209.0,284735
2023-11-21,2235085,964043,891034,1544004,1107636,1610228,2816159,,858427,5863070,20885928.0,1243044,,672615,172228,1678809.0,581344,28546512.0,1117095,13464602,772316,17336792,3360629,578884.0,2037588,5616253.0,249274,2240643.0,369510,189406,4817544,2318517,5954570,286654,223613,413793,23533480.0,4982291,440732,1061105,12758949.0,14585612,28779758.0,,508781,837003,1344102.0,2537527,282936,11843051,9024217,1571024,7541946,97882442,941409,692430,3080125,5737482,27565899,11381894,141406,2421601,166444,1391763,2463483,,2194061,3204079.0,2454151,2313912,16148826.0,6339726,4607682,1940218,3148227,3110841,7115652,1525165,,883424,1395555,3400695.0,172647,2014160,4758436,660927,7246304,24915738,5866399,679347,1232070,140918130,550339,2439027.0,561109
2023-11-22,4452049,1114430,677783,2021039,1140962,2086820,4272238,,1785560,3466942,33759659.0,2012166,,1557706,217917,2193258.0,700095,47631831.0,1324411,28292893,594325,30456224,2305938,334595.0,1220271,7159814.0,156765,3027423.0,322995,201346,6128525,1375895,4019565,327238,268149,508466,26506645.0,10825051,520788,1528790,13645173.0,29910210,20953753.0,,547377,1416348,3376552.0,1817105,342860,15003290,18519751,1406303,10312863,71422387,1543741,1114360,7035950,3540008,8056282,21697243,234580,1086821,146359,1382011,1275218,,3864363,3593566.0,1650419,5141567,22481527.0,12343688,4408610,3237608,9876666,4312903,15192138,1386556,,485836,1770045,2934227.0,116219,2194042,8448575,841448,22545723,28787750,7937858,511260,1630818,71224872,287731,2370395.0,1879731
2023-11-23,4268931,1387700,420849,499848,1182079,3628484,12863240,,735970,2113737,44680451.0,2771250,,700570,94106,2056412.0,341957,30356397.0,3557956,27883577,391436,19937827,3498479,162186.0,308601,2488391.0,249421,1610843.0,158305,138530,3450811,2336036,10724810,385904,228455,416329,34006957.0,4771854,176881,1350665,14732301.0,29132362,38843651.0,,247687,666442,1324989.0,2223292,570962,8445578,5886897,1257848,17193695,109460887,684272,784598,2006890,2105726,10770118,14102707,159817,844030,146776,751010,934695,,1903519,1293214.0,4970972,7920597,11131070.0,4362609,2581240,3330193,2422883,13840083,7041114,1154429,,665268,3381295,1635716.0,83871,1426183,21596680,480459,6923259,4588381,6068868,384219,1050355,128204320,1489919,747036.0,968811
2023-11-24,1564330,595348,789180,417031,752667,1493328,3570092,,1108994,2471069,21281303.0,1569419,,380277,143748,1544834.0,288761,28715999.0,750506,46337436,1604873,9894089,1234097,273857.0,594357,4087076.0,242901,4433343.0,154506,192995,5808033,979791,4072407,233050,330424,415181,13132755.0,4716874,185912,917563,14100929.0,18442241,13118567.0,,209156,2790269,1058810.0,1582593,460586,7042893,7712713,984456,14663203,123445468,2117513,568397,2738970,2521732,9279394,6490814,178242,940723,278946,575419,1389883,,1895554,3170951.0,1270749,4395869,34291781.0,4202686,6964834,2601513,3242581,9881712,7393629,1770462,,725834,1785738,2526149.0,83873,4810521,2546900,481708,28355398,4808321,2578812,740050,843067,67101941,370203,1086387.0,661899
2023-11-27,1728787,1689445,777785,524687,1336198,2101498,6347591,,1447262,6395098,16277027.0,1950198,,472244,137145,2225328.0,466031,26852117.0,1365058,15661703,554614,17187004,1553462,266802.0,732905,3019581.0,430102,3389016.0,228698,245090,2862239,1319921,8158947,267671,301710,874083,12262549.0,2685047,210010,1027107,12429650.0,12741786,16953187.0,,194228,923219,2087575.0,1497839,328296,5023040,5207028,820897,7642007,113174343,526596,764151,2676811,1557033,6659820,8922613,214992,1157058,259561,496888,1545373,,2787371,2556927.0,778755,6703320,25582909.0,11460514,5833121,1918483,4883424,2594510,8217620,712311,,469210,1473228,1553400.0,94514,3211870,6609543,989804,17818362,8388683,2296862,379275,1300218,70708908,428963,1630219.0,627536
2023-11-28,2221120,1058386,636838,647015,1338486,4017711,4333931,,3203391,5972403,37092272.0,3849445,,2567893,245678,2946914.0,730427,31685115.0,2387243,18090905,992554,20852270,3270388,439130.0,1842901,4076014.0,311063,2727088.0,257179,326316,2761346,1849642,7863791,293810,697694,636988,20490707.0,5168417,367070,861752,16107261.0,16148874,13153467.0,,306761,1780243,1496564.0,2506652,536816,7792035,4804778,2122313,12286121,121684970,641383,1657422,5485936,4373081,27616794,13402556,357368,1697636,200617,1212739,3157185,,4267450,3185663.0,1163171,5773787,71038102.0,11834001,7497841,1651158,3521699,2066929,7861727,1693026,,820882,2379554,3555214.0,199990,2431020,7665899,1149165,13319402,12645129,5140264,537962,1903990,102309526,1986523,1723270.0,1257656
2023-11-29,3893573,1238939,702977,895412,1169609,2637282,5058013,,1725710,3569044,37260280.0,1518848,,1940285,148620,5057649.0,708651,25614563.0,1632605,13244184,427168,13976955,1464659,388771.0,760571,2628722.0,326551,2731106.0,211510,378654,2188171,1441244,8647182,195305,421747,1479117,13598520.0,2873204,331747,973968,15445175.0,18710486,22211791.0,,198697,1124484,1223970.0,1741809,278429,12530753,4988258,1216150,11441984,111953267,522480,1180798,6273893,2433699,6291131,16644118,247529,2145658,142456,817124,1884976,,2941101,3258029.0,1297130,7049371,34078641.0,14761767,9399463,1215353,3779732,2436887,8147694,995705,,476468,1839231,2571470.0,112213,2292762,4621958,592579,10785256,15317583,2590774,552629,2529221,57811535,707329,3613571.0,986441
2023-11-30,5765992,1703344,8165226,1524187,2842408,6971052,17860430,,9359776,18534771,88216617.0,6108651,,3733572,585469,6476809.0,2822684,108153194.0,4832344,36943048,1810223,48408886,6308734,1487083.0,6728358,5910742.0,948741,9053605.0,571891,1090239,7518851,5271738,8515163,564378,669847,993179,57364064.0,12531218,2331418,1792388,41380219.0,72256545,15126490.0,,849464,6255124,4192943.0,11782620,853160,22023780,21783459,5816303,23550081,290285051,1875302,4074022,10046825,6361020,18648918,39254605,798524,3742581,179391,2276666,6123573,,7669736,3806685.0,2656883,7782739,59612146.0,23781767,22435603,11052983,9281017,11054647,24157147,2860318,,2998091,3320630,5403513.0,386459,8476961,18539447,3008191,37135974,38146396,14435517,2662830,5777298,158760917,1066843,4603833.0,2509148
2023-12-01,5182127,944642,1651216,835497,1244527,2078989,4098223,,1154807,4079147,34100824.0,2301279,,1859077,197568,3171916.0,408344,27229904.0,1570090,14584908,912784,14712117,1711654,787457.0,970170,1495717.0,194270,4400218.0,385607,392344,1587806,1172416,6691544,312447,387392,597413,70112246.0,5240718,519031,1024039,11492001.0,17159018,17976422.0,,528384,1070997,1110864.0,1461104,423714,8500490,4297422,1618975,10005530,160245655,1271919,1216050,3176443,2729264,6545030,13824861,470507,1701538,215550,762810,4027233,,2976695,2626643.0,1032159,6931777,30882610.0,8269745,8920013,2812329,3577064,3627105,8271247,952865,,560635,1246204,2062490.0,131995,2769128,5970483,624451,17236158,8776772,2503409,522621,2214584,44745539,689774,1242059.0,861823
2023-12-04,3766497,907970,506943,1128032,811290,2128783,5205642,,1170647,3247221,58569218.0,3854292,,1663216,353744,3211485.0,410620,32172134.0,2473745,17700722,469395,11690860,3853667,265155.0,1435848,3116196.0,205096,3800358.0,359752,626952,4705367,1270606,4727287,416924,411348,685280,31318594.0,4952435,504307,971658,20600176.0,21937520,12770332.0,,626355,1615800,1503935.0,2569940,251885,14714781,3557996,3942846,8898347,187178392,1606499,1647929,6224922,3694028,5387531,20587197,270381,2051701,218582,784744,2028436,,3363529,5835999.0,1104671,2841858,97363333.0,6975526,4357671,2503608,5284305,5545819,23212596,561809,,674958,2238433,2720874.0,148730,8111902,5464144,725335,14230323,12049654,2606967,2394691,2340435,79680062,385240,2187538.0,827746
2023-12-05,2889467,592756,682217,1392748,2103073,1468062,9087958,,1325441,3957236,117463540.0,3017476,,2339396,242078,2841239.0,666793,24907516.0,1461024,32669149,491538,15434928,2637773,265132.0,1002049,8085753.0,178423,2789052.0,267141,607829,3558048,930561,3577417,491925,656029,701348,22461527.0,4490492,727940,783904,13468046.0,34731522,15309688.0,,543601,2050102,1223131.0,2297417,276084,13080009,3214007,2347276,8145190,103673064,853380,1014190,5181370,3158479,6939634,17883757,299706,1251469,142499,2575238,1403074,,2200689,2071769.0,1304710,3398406,26563900.0,6357506,5032620,3125931,2743445,1853823,15868046,1051599,,559411,6970031,2672237.0,152326,3036998,3758236,537161,9756311,8514624,2708093,960148,1853188,41409416,854161,1948069.0,657573
2023-12-06,10226049,798443,1184106,3065469,1510218,2549435,8170412,,2642947,4610683,309071142.0,13012687,,4139265,239348,3207642.0,775690,41030519.0,2732300,60538860,1049290,19033933,17330002,564474.0,1101795,16281767.0,194447,4622653.0,247944,358762,2916378,1794859,5582622,419263,333319,426117,19833746.0,8779045,507411,931877,16018329.0,22067387,22860719.0,,446926,2244546,7437959.0,2280292,370294,8909030,41887691,10877634,22023539,171340246,1376011,1613225,14163945,32601142,35209694,27174829,352548,2079770,159609,2370316,1799716,,3578949,2572415.0,3567841,5345661,17585068.0,8742499,3883440,1537115,12489191,4576888,35924846,1864377,,675688,17684682,2044866.0,132606,3307697,4313222,615960,41670769,10166789,7378569,1359770,3116802,246059062,1185044,2053927.0,842804
2023-12-07,2397071,1089382,712856,1062194,996248,2490901,3343400,,1517762,3884523,44771743.0,7647203,,1450320,223521,2864089.0,1543135,55747706.0,2550795,39295603,1147187,18885854,3296814,340084.0,2405735,3862658.0,210444,3865406.0,328560,323282,2112055,1430125,4166222,322996,510841,499983,33628019.0,10555610,723000,453376,29676615.0,31326168,16148415.0,,545018,1762518,4006131.0,4287762,369663,14967687,2860078,1834483,17739866,121355246,716874,1655349,3955781,5137220,13758285,24781731,217045,1053289,205319,1029991,1778159,,2177324,2255752.0,1286563,3079957,25948973.0,14710130,5484611,1024301,3570115,2466571,11443038,1801374,,402246,1239195,3363320.0,163782,3833128,6862912,2640883,13043859,15484922,5496820,969985,1933503,99047605,451574,2147297.0,981420
2023-12-08,17412439,1381908,724075,1006692,2248854,2793456,10532568,,1060358,4759840,58692654.0,6258203,,2623289,398432,2873853.0,797090,24167396.0,1735334,26388416,1056843,45993052,4581233,506105.0,601549,3451660.0,155244,4698872.0,245710,360775,3252214,1862389,3701680,543813,468760,1152723,33454735.0,4526489,661004,729183,15154840.0,16787704,22551598.0,,1419281,977664,3191995.0,6569510,246215,10126881,3608697,1892193,16342185,218162800,826968,1661660,4190294,3611137,13073459,28410434,340447,5732537,262596,1302586,1633387,,2314811,3879503.0,1364840,9985462,39410991.0,12637270,9172354,3475917,2981004,2197407,9165537,1336003,,508400,3751809,6262805.0,102474,2454949,2700115,1320402,10337405,13885517,3307553,965447,3086565,60701801,536428,2435799.0,726702
2023-12-11,10610724,1072017,594548,4129633,2033670,4310141,8407679,,1756079,3615505,59341287.0,5733843,,1442927,293648,3843899.0,598191,35796728.0,1355152,43768714,526865,33205079,2356070,269996.0,1103079,2695445.0,245285,3739471.0,176706,370463,1798248,1582200,2857202,438767,391732,504167,44269138.0,6758332,877347,981126,10305443.0,38937769,11483517.0,,552626,2027595,4188310.0,3376246,167595,24189319,4386337,1314451,9668377,102125509,2302981,1250737,6277479,4010708,16799009,22493244,249220,2236180,215635,603129,1518688,,2930722,2881577.0,1173859,3892169,57882602.0,7220321,5969945,1481059,3107979,2430490,16355109,1222813,,1030250,2065951,1745681.0,95343,2298159,4860420,1204023,12077470,10159311,3523709,1569129,2103065,121398813,230626,1841302.0,653420
2023-12-12,12347636,1166846,897280,737385,1832895,3780448,7140641,,2707895,8974926,36126207.0,4972595,,2114125,480117,4835909.0,2009799,38314237.0,3826694,41163508,554743,19684961,3067559,379050.0,1427780,4055704.0,185429,3461689.0,204144,304108,2576180,1411586,3012980,566969,377404,724443,27182875.0,9586970,797267,711535,27228473.0,34760601,14116335.0,,702805,2292623,2629135.0,5713676,285147,10886586,4079495,2056153,14036413,153936602,954036,1763000,6510860,4691153,8273400,17489986,313229,2157327,246133,810171,1950222,,2265424,4072332.0,1376286,11194848,32217327.0,8260191,5821037,1815789,2389770,2639240,10775615,2021507,,934979,2252449,2105237.0,135705,3071554,4579966,1294159,13214626,13285774,6364318,849949,1841828,79483408,440583,2306509.0,679378
2023-12-13,9301271,1367210,889783,916464,1804188,3334651,4661471,,2683892,11685982,59678930.0,5146397,,1930185,203386,11454817.0,486331,69403048.0,1195328,72763329,664062,27785035,3925272,971112.0,5171881,3947705.0,295706,3070069.0,227970,636904,6105382,3129791,3581739,532290,558555,552746,26446023.0,12762550,476841,539104,33594312.0,18329694,20165586.0,,724018,1433625,2013392.0,5415629,254052,15893798,7533929,2354670,15002116,162422114,1179836,1165711,16843913,3017643,14284874,23509064,470898,1312268,207671,1802793,1589806,,3145905,3489695.0,3114938,5040473,38724348.0,11332346,7433098,1539589,2716800,2016706,18312047,1177539,,673119,1973917,1721177.0,86330,2783266,4972513,897829,30133362,12601248,3591473,1136284,2353638,107060174,1952795,2544152.0,786075
2023-12-14,8106661,1942502,1887561,1189686,2466869,3452724,18061411,,5495627,7623012,176673102.0,6566690,,6497472,685104,10764634.0,1393889,52321651.0,2185185,36693606,780924,26805816,5503229,949178.0,2107761,6280780.0,282283,4159050.0,848314,400669,7422974,3907409,6391738,951441,1334079,1608668,52778866.0,19653352,1359680,765610,18102253.0,45633145,24663673.0,,602784,4486358,1678914.0,3596014,345512,21654405,9287111,9004200,17358495,267269452,1507470,1513196,16044281,7670470,31786154,42890819,661684,3901663,328595,1395783,2027978,,4875660,5397696.0,3016974,9274098,33300455.0,19580661,6175646,3034949,3975771,13021178,28363345,1371302,,822902,2634796,3560916.0,197912,3438739,14799994,1143872,55064488,25810411,6288100,2745083,1489164,230273128,1208967,3653220.0,2307312
2023-12-15,8289604,2294441,1783562,2279623,3088170,7130190,10545531,,5082046,11119690,103975982.0,21222849,,2869579,460336,7059133.0,1598923,96522587.0,6287297,35535720,1258059,60631336,8847831,882661.0,2731372,7715710.0,473085,8947577.0,635998,1843655,6420325,3231789,5403804,969155,802635,1125600,69181090.0,16498679,953725,1454522,29331650.0,66718603,33048421.0,,988530,4067934,6642185.0,7637534,727735,14910798,12163664,7030595,24939723,256590061,1802838,2416848,15375641,10956249,25836188,33363222,913815,5175521,367580,1922111,4525190,,8815663,7014360.0,5243402,7381778,56628890.0,25912187,14189770,4249865,8466544,9013144,25836004,1235490,,1229710,4141292,4149634.0,464657,10339500,26064689,4436806,36110457,25463045,8792567,2550453,3952429,165211418,1364593,8273125.0,1807398
2023-12-18,4391546,1082774,475185,543380,762602,3263918,3001940,,1600437,3734811,22514276.0,5637829,,946533,208233,3291916.0,538865,33098312.0,2310026,36762909,375484,23254610,1699286,885789.0,1035601,3600295.0,212533,1924692.0,176001,336695,3743274,1169643,3148519,350871,586461,2575330,25064424.0,5535474,779689,545476,13188914.0,17678793,9953603.0,,888483,1318921,1046243.0,3209810,298146,4851218,10654905,1416794,8860788,102858584,788693,1099445,3815804,3176439,5317920,17777598,583975,1095636,236561,645141,1601705,,4320658,2024155.0,1043813,4367494,24958286.0,5791797,8614864,1407325,2707193,5617308,7274796,1018183,,547559,1746552,2930741.0,154874,1852575,4954497,1296745,12033304,13128660,4761714,565567,2059910,155872388,799641,2049020.0,1000755
2023-12-19,7366100,695720,618640,890425,2252385,1364935,3861905,,2158756,3875640,42444436.0,8253708,,1398263,222844,8982039.0,2247805,53598202.0,6574114,32331862,934529,17994690,3158460,401309.0,4112629,3181455.0,198938,4926490.0,1145230,348073,5460463,1536117,3467929,441361,322139,1127754,35895846.0,6353472,617295,650314,8532629.0,29300414,21395687.0,,728929,2903760,4822093.0,5302546,441046,19823877,3672136,1184057,7359757,71350424,885410,4254297,3654984,2342373,10834728,37993552,332617,1944574,215401,3942354,2590461,,6593462,3601459.0,4047160,3092449,35670293.0,17806223,4215185,2757286,4648859,2815069,23359137,1276420,,285063,1674642,3308670.0,478442,2657225,3320057,2431006,79752994,15529926,6048556,779292,1817727,195547478,450255,2661789.0,610199
2023-12-20,6013842,1394920,988072,577713,1284787,5062077,5620522,,3950260,14353792,75955329.0,3878549,,1209180,308309,2466872.0,743017,42991600.0,4208827,17309858,2100315,18744363,2789447,908837.0,1079503,4258360.0,253933,5568460.0,150292,400463,6860942,2139930,18234925,515599,699102,588389,19622028.0,9411480,505428,1054578,39098181.0,62285389,23320837.0,,473220,2509953,1369506.0,1923936,362656,11997858,6553360,2095710,20398080,152355344,1161112,2114004,5007217,4253110,23753459,39888568,365778,3443713,328258,1206972,3286199,,3270755,3125019.0,2216314,2979994,14521313.0,24129592,5898677,1566486,2719204,3795875,15147039,1010402,,589536,2213678,4566622.0,859200,3506010,3899822,370756,16327513,24828785,11030023,1052272,2279990,85862367,479764,2512484.0,1444763
2023-12-21,3431562,527181,1138548,370077,918265,1087691,4337441,,2224399,2967263,55268216.0,5521953,,950141,174039,2190970.0,424398,33563181.0,1650361,17080028,364220,10339289,2069277,240062.0,705343,5629416.0,99278,2255096.0,172860,266598,1141954,696278,8382604,387855,207644,362402,34690491.0,8395369,320538,654295,11918295.0,21034187,11439913.0,,322175,1511193,2741232.0,2773002,141935,7344775,3328906,1021224,9322364,78173737,397754,918729,3528880,3414371,8610868,24758121,208568,1612847,212354,676142,1721424,,3972056,2860890.0,1161180,2232959,10475283.0,3649939,3102975,1123930,2135813,1927227,13029100,709317,,289090,1325206,6444915.0,87743,991755,2042605,659882,8433921,15689848,4689376,589570,2690425,93686699,409023,1629252.0,697265
2023-12-22,1075560,378763,478999,1258759,370996,749307,1540589,,651734,1328279,13070297.0,1559034,,528026,49722,731006.0,214760,13038240.0,1766618,5724211,105628,17646751,704151,60691.0,334197,2078202.0,135973,1305038.0,57611,176613,808483,241892,1023127,136595,211777,173408,12112393.0,1853367,168415,266240,2671150.0,10833490,8759988.0,,222394,703349,636737.0,800142,75593,5621435,2374876,321523,3608197,84428889,159037,556560,1477506,1208526,2103000,15800558,123669,706970,156440,448510,1013016,,1189874,1155736.0,769480,861115,7838525.0,2403536,3034390,305429,749577,707309,3698032,391975,,154623,508627,1085790.0,25025,2101834,1294609,570699,5946555,7327764,939491,184024,775440,46800209,159623,1497416.0,379257
2023-12-27,3210431,608069,349751,361754,741076,1001524,3044681,,1044256,2383529,26184336.0,2648295,,1066489,146906,2664179.0,348832,28098605.0,986835,12992115,295873,8800586,1625228,172919.0,505857,1562894.0,99255,4063729.0,125624,186015,3114620,589141,1685878,426441,307572,696637,17585124.0,2222034,247649,396694,5914193.0,16151929,9338530.0,,249342,1541032,1129444.0,1314953,169477,7112227,3296972,779013,6433254,69861559,332477,1412747,2736966,1562278,3628076,10429491,297202,918464,160246,1260231,1473732,,1881643,2262738.0,781130,3235849,13605506.0,5583195,3072682,1148356,1230876,1538022,5772822,455096,,299084,1097795,799401.0,82112,876793,2056508,465321,11591504,16865306,1517415,451492,1041431,56994764,265818,2597330.0,444509
2023-12-28,2187346,418982,319383,261275,689375,921105,3424190,,708410,2606395,21442794.0,1826434,,750122,118941,1713919.0,370493,20417183.0,598648,9117362,241030,6815197,1508090,87834.0,258750,1199202.0,133013,1914154.0,106006,167779,1017319,472631,1257336,454404,220934,911914,16698371.0,2535777,143978,366719,3269044.0,9952106,6837741.0,,340835,515670,1278877.0,1407745,115118,4108242,2307291,839271,4811948,61253154,365599,466976,2066624,2041600,2457586,9626184,131969,649098,176054,411716,1174145,,1349756,1061380.0,543380,1783088,10884819.0,3624307,2144387,3037137,975723,2553679,5805909,472825,,440072,1754862,1135886.0,69087,7251589,1668163,277758,8324366,6347155,1538803,296603,508225,27587950,340941,1409386.0,502719
2023-12-29,1381903,229960,166925,285820,815116,840267,1452982,,455940,2024128,10578303.0,773815,,368867,157040,847271.0,244776,7867412.0,486618,8037532,163619,6704305,900864,71568.0,286690,1163513.0,60130,1266433.0,85938,154266,368358,408169,1012068,276422,85546,208686,8801158.0,1660073,224602,367619,4071197.0,5844099,3953243.0,,163629,483316,926652.0,928975,98790,2903283,1196479,541505,4512036,63185526,414223,404987,2624700,1884310,1744489,8047826,167275,300235,95289,247091,485114,,907810,462081.0,379922,732936,9303473.0,1907203,2209687,1023284,1153731,1315179,3288599,246960,,136523,999520,626856.0,41873,559599,2065622,317283,7756037,10058315,1028067,215778,510883,14624574,153039,847362.0,164073
2024-01-02,3637365,680562,312536,2454308,1749302,2372930,3215655,,1688733,4781214,94542523.0,10500029,,1218408,235265,6059424.0,320876,33328827.0,1063294,11708109,448972,17840443,2046982,284227.0,783195,2764251.0,160833,2976379.0,199745,502763,7660542,5870840,3335220,395278,346720,827199,17342921.0,10462801,339648,615979,12626491.0,39992864,17285064.0,,413660,1518998,1731853.0,5409812,262390,12448352,4457868,1353781,7541483,104802741,744898,998306,4430041,4014484,4496011,11449770,209353,1409119,151354,617147,1223936,,2040258,1715146.0,1164069,1759927,23479714.0,6158329,3865657,1692364,2046095,2236617,8129974,575180,,413474,2323410,1318161.0,245365,10757537,2524196,497677,16797049,9654217,4739761,540591,1220155,62468660,550256,2011971.0,886771
2024-01-03,5911008,682178,264405,1181386,1748208,1651129,4198547,,2972338,4973585,60606163.0,11090238,,2629539,217857,2419732.0,376735,45614156.0,1313822,62191897,420495,34603432,6126051,477998.0,1083349,2508610.0,209779,2701164.0,464588,426866,3408402,1266461,5627714,377884,388279,813055,26163491.0,9308004,597774,1446235,10191835.0,26407890,31885145.0,,460071,1851814,1505459.0,2474186,244287,10591734,4121285,1559605,11044902,101964262,1089620,831583,5781847,1792474,23222468,23258675,444053,1063235,197100,936109,1552567,,2657433,3050277.0,3358410,3545982,45508725.0,8596013,5021914,1261185,2756906,1957720,13649356,785484,,386232,1640332,1770579.0,133666,16572144,2266635,422924,17204236,10953564,7013271,495726,1300381,90161664,3798590,3401176.0,884712
2024-01-04,6359177,862158,423256,2717880,1740636,1045060,11623356,,1896074,6488481,108657862.0,2871513,,2093284,261218,2257558.0,596230,42735951.0,1383815,23616665,945112,15170708,2182865,968799.0,857687,3941982.0,170289,3743393.0,562484,230275,2750768,1236969,3442805,378889,1339129,722594,29427798.0,6947561,358569,697932,12324720.0,26385924,12156342.0,,354447,2246140,1591121.0,23542634,427614,136535449,7700363,1352173,6999415,103495456,2428754,1361756,9317486,2533640,11483505,11259352,748482,950877,232965,859503,1028837,,2667598,5818851.0,2807092,1691042,103963159.0,5981147,6231212,1873138,3680080,2146636,11815892,656414,,418605,1593341,1268426.0,103179,12700114,6173016,483906,37883022,7751856,10421744,604739,1250868,37454241,623539,3198094.0,649436
2024-01-05,5494838,1728092,338199,836429,1315479,1997221,5250128,,1161094,4282192,37399562.0,2167078,,1212699,246923,2580711.0,353392,24320784.0,3097145,14651847,392300,37395415,2986969,685630.0,654233,3933329.0,159080,8724478.0,204279,1958199,2581369,3387880,2493158,365801,736361,738319,14168292.0,6314510,454070,886393,13918843.0,56358956,13098566.0,,408169,1606657,990964.0,3402627,282965,29907638,5500414,1028846,10915918,103322339,1580095,1291330,4026629,2270149,5213113,9408883,580213,1129731,211001,1191354,835118,,2437337,3085773.0,1246220,5039554,29036198.0,9989819,5330057,1356382,4125049,2115968,20044598,530039,,400001,1295875,1231439.0,97091,2565194,5946164,522783,17897323,11999572,4491496,1293162,1320723,78330404,361336,3978226.0,595880
2024-01-08,9659183,828150,455168,856641,1126215,1403279,3611690,,1921363,4583019,103418887.0,2860271,,6848626,312539,16223293.0,833844,55325731.0,1137493,13187142,368216,18979522,8565029,311052.0,840400,2466640.0,164786,2839241.0,266792,502814,7607263,1245184,2571630,375517,381039,392008,21219277.0,7772803,246859,670491,13374568.0,21200929,16750776.0,,410800,1368504,10465914.0,1454207,170417,16635244,4928232,795090,14576413,85029299,1746583,903890,3960393,47463672,16136431,10019582,291118,911869,239348,1387645,614804,,2578078,3777067.0,2783675,1329774,79642068.0,23987855,4767642,1522119,16910568,1176036,23073449,359390,,457250,20726529,1760338.0,68897,2005013,13643752,570174,52286331,12551266,11418811,573475,1044066,173500261,2684803,2138187.0,472353
2024-01-09,4295997,681874,1425674,944773,1020157,1826902,3114402,,3005457,6917546,18430452.0,7642638,,3719574,255855,7758152.0,369146,40706060.0,3871253,28660960,1107006,44475021,3749496,277020.0,1354584,3709307.0,352824,4444410.0,134566,389787,6748412,763946,4444489,253628,484818,1741673,44588532.0,9926867,936670,595603,11352232.0,48042479,20072535.0,,843484,3681954,1426048.0,8194043,210801,26401013,6128638,786821,14823587,54516475,2744427,891171,6565533,3436271,5605728,20016928,480934,991897,227256,1562752,1375056,,3406002,4310948.0,1556219,5021895,20612899.0,11662950,9184764,1846940,4478203,1128176,20183458,577643,,806060,1101735,2274671.0,180701,2346471,4648797,1549449,13630120,23016989,3082504,1134204,2241307,61329132,847975,2771108.0,1245206
2024-01-10,3767747,1029650,1051527,659838,630503,1377450,4119218,,1411866,5950265,69093738.0,2921851,,5600930,183154,5368738.0,327778,37881695.0,2249232,36145632,434839,16599005,3491015,258696.0,1202830,4001917.0,294723,5106045.0,175911,523615,6366723,875699,5142228,238827,262983,2256017,22171169.0,4041183,392671,377005,7158499.0,19739089,20811465.0,,450082,4262384,1373370.0,2444880,417273,12625504,7623864,953504,16283359,62875455,1437432,1372517,4312043,4155176,8530704,23135756,354867,1373883,158478,1545771,1454987,,2216791,2633101.0,2393056,5334640,12525260.0,6495777,14275566,2166116,2810195,1811787,14059415,579400,,453254,1225013,1637744.0,81222,1696735,5938496,1191455,41901591,13651698,4342233,539082,1919121,42843860,482588,2809352.0,1540598
2024-01-11,13199456,1868486,517022,506691,1229675,2433983,13555581,,2156932,8494436,91243689.0,7996311,,4544088,462070,1806648.0,494020,58744356.0,1455070,30664480,757792,68768232,4316284,409129.0,909489,8654032.0,227847,8751565.0,180854,502349,4235155,6559528,10985505,334411,755152,639977,23302814.0,11024129,909359,521753,7818791.0,69070482,10958657.0,,510456,3333700,5607669.0,10372244,986070,66059993,5903783,1392978,11802208,225123886,1996082,1388879,8643881,2347980,8761489,59050240,723570,1994744,306315,1309748,1765845,,4950846,9460678.0,3110392,3324545,124449440.0,12084039,8968175,1349467,6649006,3155549,17775114,411896,,2914758,1617477,1698936.0,181281,2682010,9749664,713549,38982889,17103158,3708616,435041,1963787,111673362,1603786,5224770.0,3427441
2024-01-12,5390247,1702227,311068,1095034,2216409,1618979,7059441,,1212597,12538645,50953321.0,3442806,,2538341,191737,10833747.0,696582,52003173.0,7047209,24424759,591552,29367719,2140869,418088.0,988831,13506356.0,222132,4875823.0,235312,583482,1374278,1841376,5452195,371855,367741,699357,22414596.0,5260876,809789,848273,6843622.0,22011630,28405260.0,,535914,1993201,3863028.0,3682092,267741,13509532,3396701,2026450,16902427,103407389,1186814,1283407,14595062,5101909,13809545,27315913,388940,2043303,168487,703455,1353340,,2256783,2917092.0,2376447,2552064,19828855.0,11132502,7564274,1016801,2081354,2164832,10776134,422468,,430706,1533138,2801301.0,168822,5219591,7169795,539861,31744984,15161627,5520959,418873,1157802,64351744,228482,2271014.0,772737
2024-01-15,5516222,1023747,1149376,876636,2407175,1211674,3472453,,2283608,5493723,133986526.0,2232514,,1181598,217814,3709188.0,1033936,18140591.0,4673974,38179007,387824,19990697,3760646,570306.0,480357,12912111.0,112926,5157897.0,147636,265259,834106,1334306,2336121,469338,405367,437029,13918555.0,9835429,332480,301078,7761771.0,32884376,19425898.0,,364788,845106,858897.0,4985589,307976,21753389,13915032,878964,10394880,158625054,611310,1138108,3543205,1596430,3360031,18616959,184029,8571917,213971,8300349,1022300,,1565483,1526898.0,1228606,3857380,11570563.0,7445473,4337851,1500874,3216764,1667771,5304073,191146,,1080508,1379465,6700821.0,79136,2762648,5282617,1569956,22434800,10257261,2854763,426328,1018858,45796802,613027,3293292.0,685357
2024-01-16,3967644,1046611,926282,1503908,1452710,5894842,5932425,,2913853,6771354,35953235.0,4098676,,1411770,393415,3471812.0,911918,59228159.0,2653895,142474487,724471,32726699,7556980,1025451.0,772560,12425977.0,137444,5195145.0,275012,369879,5721017,2210146,3887540,275696,563140,1096714,50703264.0,9469587,1018260,341246,12054319.0,25433948,32016518.0,,794335,1896276,3610122.0,8892739,242644,17397658,5047657,1667486,44448887,115578446,1008797,11579411,6677559,3610265,13625229,30329036,319270,4606098,226810,3704791,2272263,,4063142,3396095.0,2751808,6149440,39936346.0,8364071,5276362,1010582,14068209,2317903,11502636,381815,,938850,1736837,4068294.0,248080,6919649,9546753,1882667,54394310,8331773,3249309,873677,1990260,131360972,689455,2402544.0,543433
2024-01-17,4127027,1131257,710737,783514,1349872,2261774,4026262,,2279952,5129319,45080070.0,3635856,,2024751,231356,3011613.0,619244,31448085.0,3098552,65689479,844323,26860967,2046148,753392.0,1222240,5589536.0,388565,3760707.0,354812,611231,1846037,1546672,3271143,315905,497306,1274049,34849476.0,7758321,996574,765355,40508238.0,24131792,17895992.0,,344195,1830322,1215452.0,4073908,337940,27772653,4960379,2096293,13424079,150656184,1888141,1788423,6075161,2350251,6955178,20424961,285464,2119800,168101,1615743,2514054,,3946826,2724765.0,1211196,2828668,22886471.0,8367394,4137023,1616327,3105702,2773641,12812338,630901,,495226,2644029,3400111.0,197234,7311557,7453541,661727,24082825,14137209,3393168,1089057,1747437,65346869,512398,2703078.0,1011727
2024-01-18,3213906,726873,681919,1023172,1041774,1968669,3228634,,4541622,7118786,42768637.0,3353585,,1394437,142650,6767202.0,492985,41131760.0,2813155,18338555,383803,22271353,8442374,460835.0,5830992,6096702.0,182604,3612780.0,205588,351890,2888259,1310793,2448844,311468,675918,720896,25685796.0,7677731,517855,563973,64710977.0,56327281,15723249.0,,471392,2855790,1271613.0,4708601,251158,16875903,7780105,2707850,11344155,162393003,780010,1768050,5219828,3431217,26751025,20033820,353923,1569024,165689,1104868,1803892,,2991021,3318032.0,879253,2794580,30253440.0,8872294,3555776,1321665,2869356,2448741,14093640,778859,,506153,1467324,4275020.0,184321,3073887,7193632,691837,14761773,8900254,10565488,850216,1555220,85599507,472926,1959428.0,550545
2024-01-19,13636364,1754245,563299,1729137,1741729,3502452,10590389,,2568801,3638054,113629727.0,3513310,,15609365,299751,4691156.0,713084,37796850.0,2676890,13893243,469683,139248711,4717673,635830.0,2898857,4124219.0,199519,5141092.0,1173382,483957,2198860,5577842,1922709,388233,518418,1677079,39660834.0,12590707,554096,586679,69180947.0,24400575,16125926.0,,634974,5776258,2990488.0,7721855,295561,11893963,5194924,2795364,14824849,215285260,1060668,1267615,4847062,9754749,26203591,29318467,391794,2615039,180674,1396183,1391540,,4181821,11379556.0,2389603,1635820,74175588.0,14961583,4220244,2232059,4606627,1822399,20216636,589675,,1078872,1483187,9281457.0,98549,7089439,8621624,1120496,29823297,9437426,6792560,1269789,3277635,150358122,899315,2600050.0,1605073
2024-01-22,3021718,1815705,399014,1195319,1802186,1897802,5339260,,4529556,6206440,36259223.0,5094859,,1710400,269553,4537702.0,330371,49223741.0,2859598,17598767,498094,20458431,3242697,568332.0,1073765,,314334,5882408.0,278400,904170,2656627,1620906,46267029,693918,342936,1168583,45647283.0,6704340,368185,760819,18053588.0,61548584,8140942.0,,350910,2020204,2894304.0,2993572,216205,14710386,10129187,2267941,14079128,92429369,763658,1062425,2570213,4651662,8763025,16108287,398878,1507596,205704,1127725,1300639,,3912469,3748888.0,838669,2005101,70953961.0,7083566,3077989,1367942,2588054,2211874,14480930,731466,,494374,2519804,6435990.0,110975,2817209,6928516,385157,18313358,13222292,5313905,1004715,1431182,68748063,410646,2306723.0,675044
2024-01-23,3302616,2002310,769953,567824,1639086,2352605,5781009,,3506309,6039079,27395162.0,3214092,,3142477,330625,5500170.0,618092,73316873.0,3613015,33003985,591328,17988149,2970431,563101.0,1574623,7574923.0,259366,5281439.0,445252,733255,3315937,1277867,6204107,453098,861987,3544057,86857166.0,11751890,434487,604937,35194431.0,65414910,31518812.0,,555973,1115706,1432811.0,4230220,289375,15322808,6391285,1460222,11708476,163007851,2761678,1684345,5139327,2570247,9044183,27552727,579826,1615346,225848,1646371,1380843,,1980309,5023839.0,1216857,3529751,94018336.0,5814080,5025347,6480056,3744035,1224939,23836598,501153,,951158,1560177,3489559.0,125351,9963632,10143313,536957,20268686,14303569,10841444,932081,1625751,66912678,522757,4405032.0,685078
2024-01-24,6117178,1066462,485163,579727,1529981,2201526,3270450,,1801745,4006382,84852530.0,3441537,,2375799,610702,2307803.0,611220,32364493.0,3092715,15552852,453750,34684054,4261904,667869.0,825800,4660096.0,151517,3316269.0,264073,1032397,4488649,999995,13647669,319197,390133,585304,37962628.0,8998900,270666,566249,20878943.0,27986792,19273156.0,,409289,2475315,4473149.0,4316126,172588,23963585,4394574,1889813,8562692,232089944,1189100,1917310,3658369,2564320,6392361,26169284,592358,922934,185941,839701,2704163,,4740022,4348313.0,2613260,4228457,21546198.0,24334332,3629054,1711805,4517244,2226190,13059828,773068,,570961,3595022,7735630.0,128789,4715462,9377612,553378,14405901,9634932,5370059,655408,953674,63097766,847812,2779689.0,3764634
2024-01-25,4723687,773730,676572,1109139,1424124,2103048,12530096,,1237869,6280639,47524415.0,2749018,,1442098,164311,2146297.0,961708,35277281.0,1354677,15666666,293383,17915245,2504283,890094.0,902455,12170358.0,175855,2737368.0,380732,613670,1964658,1665807,7745882,348461,364450,639669,25546929.0,6789568,372660,587965,22711188.0,16358428,20534990.0,,702469,2235501,1164663.0,2221224,238975,14027740,5425281,1644195,10034953,180477468,763141,1822770,3880215,1901938,6779100,22726539,213456,980288,229540,1313113,1374558,,2680597,3220555.0,1514902,3133482,9809833.0,11669347,3287935,1399604,2565661,4107822,18481662,1530121,,404891,1080963,2887300.0,326640,1635514,4883759,710146,29401444,9262636,3375867,821433,1121328,49468727,578057,1954286.0,2195412
2024-01-26,5150635,1375018,505417,1131737,1158729,4123574,5776906,,2343648,4085588,29055466.0,4514759,,2637757,155632,2981692.0,506838,62851396.0,4013541,18546010,587065,37463711,2578837,844238.0,1353635,7014274.0,242914,4715618.0,608089,381043,3710699,1212274,4293050,496132,806622,477204,24790458.0,7066032,480272,1093362,50259994.0,49109073,11051416.0,,490186,1780498,1272138.0,13967668,584463,15158715,12014581,1140213,11485518,227073805,2397164,1374077,5106915,2561564,8479771,33158439,167690,1628161,240073,902851,1462604,,2620315,1779935.0,1789086,2220179,102268161.0,18887409,7239729,1702859,2535608,1804319,19249757,1299156,,561610,1743450,2950645.0,429184,5284064,5154051,910671,49114438,9811837,5051668,802505,1735285,85909747,2284782,2065993.0,730535
2024-01-29,3099000,695395,367777,563827,749943,8153727,6758392,,1795640,4037142,31299311.0,6163864,,883849,417353,2522791.0,593956,41911027.0,1677121,18868869,526285,21263072,3624231,312013.0,1722272,4771491.0,130630,5095664.0,375450,516796,1760581,1372081,13094261,433336,310494,1713974,36148971.0,5988660,292312,740334,12015460.0,22053588,11079865.0,,313736,3257739,1336327.0,2168124,229744,10628720,3927833,972025,11414815,89192868,836160,911990,4059543,2562417,6291339,17317858,181605,1656940,159655,1832826,1444827,,3882983,2595153.0,2929358,1260705,22285752.0,18562490,7203415,2395722,1853681,1330223,17512786,1088062,,440523,986967,1888342.0,143332,6301407,3422944,669080,28189066,8132382,4273546,672254,940892,47500196,920821,3581270.0,933904
2024-01-30,3580139,1813372,432698,742997,1034727,2340611,7340182,,1999073,7849362,21202090.0,3268265,,1571490,256917,3850642.0,429083,37940033.0,1917707,17605836,702458,29061523,5353348,535490.0,1857222,7978783.0,230109,9529443.0,612459,438580,2215341,1751855,6839491,445593,356026,2095518,23237088.0,7302953,585292,724948,15721281.0,18308073,21394042.0,,409323,2453880,2144858.0,3534503,329145,15553613,3171813,1908930,21404994,144582087,1535642,1588637,6588358,2421505,7814055,24493158,489338,1496863,314286,869823,1586916,,2584991,3183516.0,2409535,3415676,24447949.0,11603615,6085496,2045321,2238872,1183313,8929539,827878,,617792,5221116,2576843.0,148677,3529934,9743625,691147,20629925,15251462,4470885,551671,1368098,50901740,521482,4713032.0,872244
2024-01-31,3027614,1258459,536359,1435133,1590289,2650833,7228079,,2715037,6370946,67089613.0,5780559,,1399891,251880,3084445.0,1018673,47790959.0,1417762,27825493,859628,80009974,3898797,1237721.0,1615081,4542734.0,629443,5841282.0,831363,430951,1681816,1351968,6158229,411010,491600,1500119,26787780.0,15583461,563698,1016383,22605470.0,41490462,12399807.0,,382211,3064916,2438209.0,4196008,383594,21126177,4362340,1962648,12171897,142008721,1318841,1993352,8503225,2608475,8547008,34533248,358145,1896758,212621,832043,1495936,,4336810,2311690.0,1571785,4056897,20469758.0,7588402,9747624,3100383,2648303,2485011,13688507,1307048,,1015959,2192793,5015681.0,182922,2952440,6128128,780520,23820605,14548052,4351042,670865,3155538,112544669,727246,4562481.0,577516
2024-02-01,3479612,2064729,479226,1186382,1793818,3831337,5324238,,2269904,4747961,30614570.0,3311431,,4226970,139037,1967030.0,438976,61323779.0,871972,34871062,469179,22662060,6017930,710689.0,1331986,3121254.0,234068,4696016.0,567370,851364,5228306,1157701,7748883,325048,606959,857324,47106298.0,22807519,336167,647518,27668691.0,52940246,9691102.0,,419588,3165826,1301756.0,22817656,216124,11648895,5631402,1829140,10854614,168984386,1974778,3422452,5325508,2819622,6833639,25286335,471602,2269138,154210,1193296,901825,,4007711,3169322.0,953101,3729849,55868176.0,12726603,7185264,1410854,2958142,2143394,28001858,1186095,,880061,1147771,1783970.0,126376,5903972,11775554,1424854,24091596,10765649,4115355,764845,3699376,53186968,531078,2911503.0,967214
2024-02-02,1811044,995584,556946,1038312,1500588,1260644,5237718,,2943228,4392369,31830750.0,4018080,,2645098,177557,3879810.0,396177,49932383.0,1213344,29190956,552274,17772500,2899685,513834.0,1441883,6959688.0,271388,4684361.0,265814,482247,4128880,1432527,6384180,496309,801820,1449751,38502040.0,13838549,437156,754828,30252960.0,48044233,8599173.0,,309297,1884292,1650288.0,10795693,212618,16034960,3694596,1476407,13608096,89965838,3966180,1929318,3283282,1543428,4788848,13570502,261480,2040111,168917,849188,1608350,,2693677,1878438.0,1290579,2012301,97473550.0,8801630,6317374,1390487,1337082,1846359,21342874,1968949,,465230,2656215,1857705.0,95630,2988688,4181617,1111354,47106808,9421234,5156877,592320,4199479,97733838,1004798,1982039.0,1372215
2024-02-05,2513705,2198079,793209,1260898,1039532,1731718,4789526,,1682816,3442213,66340122.0,4673529,,2088575,158712,2319583.0,573892,80116015.0,1199675,18648054,654339,23454572,5286832,665880.0,1206201,8152550.0,231481,3930514.0,1040639,604738,1889462,979191,3992429,440633,872249,3212307,34792983.0,12160208,489363,569047,14834871.0,99168504,8397463.0,,429705,1761400,1414745.0,3399619,145123,20377334,6410948,2091228,19093886,364068881,2803345,1445740,8913454,1964234,22418602,30880004,757995,1986584,129307,905795,2079088,,2645819,6329195.0,1847163,2270334,66935821.0,38028779,3514598,1432890,1820467,1868481,56024537,1533144,,503039,1724786,4654453.0,204732,8622023,4400482,1011080,27142587,6776909,5546178,835100,2437992,163655182,635125,1769170.0,743902
2024-02-06,2402321,859523,799409,1610076,1149687,1341073,3571810,,1552211,6824582,48838185.0,2923332,,4132672,133672,4664418.0,343835,82162539.0,1474398,46739273,2019607,32346021,5880882,495242.0,1078288,5999363.0,296821,3406369.0,706738,485429,2939960,2267940,2799355,312489,387070,778260,22025123.0,5042092,436667,793673,46993535.0,38617671,7453560.0,,272379,3756031,1255043.0,7037860,334412,19909889,5489766,1583631,22425691,666773634,4328217,1812012,12009789,2497797,9318375,30013778,1045093,2006832,160944,636055,2478172,,5898499,5104072.0,1178179,3936779,61617483.0,35832784,4073575,1488855,3282843,1456560,21017786,1437175,,406760,1529941,1630513.0,79522,2785368,12577560,551024,10955424,12391164,6987888,587218,2032299,81281350,759394,1226885.0,453508
2024-02-07,5345316,1020691,957754,489270,1781525,2713762,5489293,,2075810,4364194,77270341.0,4883519,,1176679,216920,3283971.0,1860880,38147418.0,1411888,25493088,892122,24451693,5404230,574159.0,1510578,4173783.0,377634,3666011.0,546097,331220,1869754,1402780,3533212,249691,262347,2125241,32675464.0,7619689,454152,615900,15556791.0,19790120,12179317.0,,358212,1996534,3176317.0,8308425,326917,19846878,4667487,2040995,33029294,131726564,1174417,1886856,6076316,3571068,23959757,18660869,301940,1345398,156796,1866036,3067332,,5423250,2220209.0,2360069,9314251,46811691.0,5815224,10733190,2022911,4896102,5611981,22136288,1516208,,391616,1362412,3809788.0,91591,1874320,4113869,435247,20561150,18131103,8231322,1280070,3653853,116786286,2055150,5199105.0,539881
2024-02-08,4369785,2101732,868687,818779,2264880,4034123,7167865,,6500972,6792438,21760942.0,8876516,,1247411,150831,2733347.0,827461,56004480.0,2238737,30693409,1151295,16632907,4692342,570793.0,1190160,7575671.0,193757,2679693.0,388918,473431,1336273,1671048,2125553,623673,439100,778246,22432239.0,7529989,922379,593989,21033747.0,22450255,34306808.0,,300906,1683075,2327306.0,4394849,349771,17038642,5283137,10828616,13794618,69825516,1803759,4414419,2924917,3148103,5753578,13857193,206480,1987814,180439,1604067,1626605,,3315352,3349957.0,1870926,3281775,17678731.0,8203481,7703226,1153971,3350648,3029353,11570355,3041862,,531694,2189420,2817840.0,109767,14647121,3813534,519082,14538147,9468084,8264682,2287926,1816118,77253371,1143135,1550506.0,1336947
2024-02-09,2818054,1210403,668967,718479,3559641,3035344,9901324,,5562493,4194958,28838646.0,4401503,,1885175,168005,3889027.0,548097,36801010.0,3046524,21425113,1344293,31129035,5732247,871948.0,2385175,12641423.0,120863,2666350.0,220213,614773,1866522,1929170,3460915,257416,864797,2405132,78351494.0,15711890,254118,571751,16951403.0,20501792,6876632.0,,375717,5042049,2725891.0,4757018,430236,13925118,4551200,2805729,38103765,233075851,3137608,2241935,8533057,6490728,7969281,39006580,676154,1942708,188587,1471956,2476985,,6551297,1642245.0,1989916,7626265,47548097.0,12418422,7658538,5679243,5437136,3483050,12166053,1957096,,236622,3199640,2923977.0,85747,6776075,4764853,327833,14468326,7725017,5440825,393796,2037341,172010728,579998,1780807.0,1461082
2024-02-12,1888972,1420422,1262877,1518448,3198447,3621576,5676138,,4460371,5000524,22934953.0,4617579,,1121924,252189,10645607.0,562645,34478010.0,2718235,27938245,712872,17226522,2451243,297718.0,1421279,14921760.0,205707,4625812.0,167366,3706186,728590,1191089,2496194,435713,350399,879362,37551815.0,11953062,395307,415041,16301914.0,24285482,12391394.0,,798249,2858923,1178956.0,4602415,309598,26095436,13940321,2408285,24964661,163174147,1907358,1602914,4483374,2374653,10982049,34178352,411095,1807863,211943,542011,1271927,,3201203,3056810.0,1450735,3357575,22754811.0,6112452,4068685,2147225,4631060,2575869,6934746,1819029,,295142,1941817,2193911.0,110034,5122001,5770542,489268,13404103,8945618,5479827,874929,2295763,110166084,318512,2204838.0,378137
2024-02-13,3391735,817588,434546,1162506,738868,1879296,3864962,,2232817,5182328,91445142.0,3379387,,1810739,167199,1891298.0,999792,64524012.0,1482150,277542819,2414115,25007533,3620585,317334.0,1143591,3013756.0,300180,1903369.0,299577,650678,2095156,1851585,3375425,392004,432025,1147924,30138922.0,15292856,331109,583398,12420281.0,20597163,18143895.0,,458898,1144227,967526.0,4044637,263728,18757448,4033411,1531156,13350131,141459585,906789,1971842,3420789,2586191,5839840,27942681,737166,1274909,148777,1487247,1373476,,5320468,1877728.0,1363786,3540202,40313498.0,5417683,6221939,1205096,3490957,2957912,13188617,693458,,262975,2070046,2806826.0,115663,2049649,7207331,1108396,24051116,13238062,6732661,1092968,1876768,152201740,1364676,2000271.0,907832
2024-02-14,4516694,794448,678232,675487,764221,5254276,13152563,,6274728,14007418,17014136.0,9844921,,913789,197330,12491582.0,493110,83053311.0,4832078,46267081,1342015,69004496,2518293,561566.0,906994,4979490.0,162266,2862946.0,152096,597945,2703095,757616,2312245,299047,512224,1037496,66183260.0,6152989,521981,485558,11539255.0,23022225,9748597.0,,451527,773309,1468683.0,12866244,336424,6759839,4699146,1452305,19100739,207374101,1832170,1664698,5073349,3134803,4022206,16901436,363563,5130863,92957,966871,2494575,,12988266,4831633.0,979570,2892933,68582004.0,22094774,13325130,2881014,7217634,1934696,18969613,467839,,964993,1405635,2282152.0,111816,3345786,5442303,744385,17059908,11691559,2420814,896551,3058310,240413492,475730,3656112.0,985948
2024-02-15,2485893,690256,392976,744552,971650,3547477,7040825,,2047764,8292308,55601953.0,3863298,,3812063,267496,6600746.0,495740,47956226.0,973907,44693846,990871,50704725,2496629,1355193.0,1740936,3725651.0,160504,4576498.0,228406,750618,2574387,1346607,2192630,339934,1001016,832317,22151485.0,4310792,353003,487508,16713895.0,24051853,11045677.0,,342913,1587692,2017851.0,3755056,317395,9087568,5219273,1274094,8833325,139218909,638307,2541902,3809181,3340673,5628169,24897424,458761,4056261,170092,673042,1773800,,4640137,1330625.0,1398401,6818850,34094423.0,11596934,6353009,1152821,3224314,2903161,10042426,382090,,425425,1408968,3095845.0,58152,3225336,5942044,584143,22333755,18009073,3698426,955707,1461379,114632050,462778,1904806.0,1217476
2024-02-16,3975679,642793,371961,1192828,1991997,3901065,9728396,,2703767,9143526,38348527.0,3845246,,1267074,131274,4721429.0,600410,68994296.0,1777805,23862732,1489083,31781801,2476066,259386.0,864958,4599617.0,172005,4566559.0,260320,461596,1596785,2278089,1818314,512173,222735,620263,47195576.0,11116560,446870,649567,24005968.0,29084164,9566851.0,,314701,2552878,3249314.0,11571041,981670,11764105,8624655,1282616,12117472,249754009,1164789,1297385,4796794,2910044,9921124,60514750,466381,1390502,155461,804376,3259500,,7313829,3508892.0,1769747,2975933,36623592.0,13122125,6563522,3320462,3331035,3805580,27305002,328653,,996815,2118280,2796348.0,105590,4008165,9426254,445744,40962745,18160391,5528764,480066,1048112,90637292,980004,2300083.0,1335221
2024-02-19,1364973,498809,557645,309524,703051,3623222,2141747,,1881311,2510368,38658012.0,10649357,,1584933,91997,1916562.0,383730,42919187.0,1505106,23263178,507753,23982802,1301601,289648.0,447573,2512260.0,91599,3214504.0,187191,220522,1451793,669926,2056345,277626,222484,743364,19213606.0,9619953,206467,542551,14907936.0,21133312,8730879.0,,367401,1250613,2387508.0,1319350,210945,8408264,2957447,941634,9780555,74502420,563696,590077,1577568,1844937,3428465,43425427,209711,2430200,84968,806025,1263208,,3017430,1271424.0,453494,2226175,40775011.0,15791323,2800526,2024920,7035169,1924678,17068719,1128171,,500824,1362377,1359747.0,79061,4366585,3655401,459352,27436672,7129068,6085938,303658,929929,71085904,301256,2412165.0,2050089
2024-02-20,3374781,807289,1580269,441074,2073721,1577678,7264225,,2386943,6010268,143877464.0,4598112,,2946306,166147,2396829.0,496318,74569340.0,654519,15916378,661692,32131189,2258234,626135.0,913462,3698821.0,181696,4824893.0,177157,342769,1412672,777647,2533270,460790,141500,901644,39945073.0,7854112,496385,821012,17835255.0,34980834,11735604.0,,1099620,1153288,2033704.0,9164605,164135,17082896,5319863,1257351,9931904,138030229,1164989,1625948,3501909,2686658,9013811,34604468,252422,1255173,137510,715042,2029824,,5947799,4366383.0,1059349,3951335,27598299.0,4341170,5090055,1253792,2754425,2131959,17859865,389854,,530368,2048093,3514444.0,109809,2478730,4488872,2700630,11066121,15095638,2608043,399606,2182360,55627578,566565,1749363.0,467648
2024-02-21,8030856,648062,372223,475616,1248395,2524475,9612680,,1580412,15158113,163049918.0,8184188,,1417459,139571,5037565.0,779819,21160072.0,1262099,30952687,629128,100863388,1878583,848541.0,879336,5243419.0,320849,2701440.0,95027,438111,1724597,1001545,2056990,332791,398387,1860782,78213840.0,5008158,446158,948167,11003441.0,88244747,13021126.0,,538897,1904852,13157778.0,2669192,183341,6696438,6871369,1709572,26206556,202506236,1044786,1310898,9051150,2181312,7972893,22234295,156830,1662479,332716,551703,1949540,,4824780,2921323.0,1607149,4944454,135509509.0,6032863,6086762,1042984,3077625,3443620,10394137,648936,,515442,5182510,1780923.0,91765,10201630,4894849,901887,18231402,8648350,2344971,521745,910915,90071279,356869,4850418.0,2698919
2024-02-22,4804959,866467,541380,752189,1216599,3591636,5366760,,8891048,6390567,53761544.0,7993247,,2646309,240811,6540442.0,835897,28685711.0,1424761,27276055,543530,23760549,2340843,323471.0,1109862,3366023.0,201771,2438793.0,130222,545893,2497735,4622142,2732381,892934,160218,496114,51500067.0,11409135,1252638,1218977,15397743.0,77946571,25781409.0,,551222,1638557,2654473.0,3115262,748228,14466425,5136826,1556784,17682489,565618186,1052718,3579319,4153602,3479345,5376659,38369893,183704,2955205,116479,1549458,2717035,,7237201,2567901.0,1127480,6356329,78233390.0,28082147,9389482,2005196,4584946,2621536,13411266,1121873,,620650,4096531,2308246.0,117104,6326044,17167362,1772421,20826795,9928631,13543802,495162,1485252,64148320,647679,5936817.0,1252094
2024-02-23,5244559,803156,857445,1288396,621811,5395485,8315359,,4911338,11372471,55444497.0,4253486,,1782075,209674,3470988.0,823909,38609321.0,2335609,27717121,489768,34333776,2340894,648787.0,656271,6355425.0,181453,2573370.0,165991,602436,2380272,1828478,5756764,831597,105006,584932,61659051.0,14948226,681908,1218497,12997992.0,47054556,13690100.0,,539797,1746091,4803949.0,5368962,535123,8476116,8504463,2852109,19380919,208409892,1633392,1043258,6207798,4455463,18020945,36593418,178565,3949266,158050,1465727,1353335,,4342346,2000633.0,1708948,5623680,53206040.0,8079229,3643169,2686349,3097295,6077662,16289375,800342,,1107046,4373986,3229461.0,68908,2608872,12027287,675119,15990333,14154771,5817931,663333,1538323,179766802,1270811,4881357.0,1085521
2024-02-26,4663224,1218035,646212,2131035,768079,1692415,5305249,,5309043,4742433,59511408.0,5496797,,1337087,307368,2205767.0,1431212,51036423.0,1452770,19732746,367586,30417409,4923225,649109.0,1447606,7777312.0,168090,2657220.0,195671,555395,2219442,4035993,7674643,413442,185844,1324215,35974253.0,7089800,1237777,1021405,17137727.0,89084463,32501452.0,,677246,1961096,8267931.0,2623017,279991,11746992,5093550,8025099,20318817,269141007,1662516,1083708,4180044,3666139,16971112,20918731,482873,3392234,618376,1774966,1054559,,8012524,12448763.0,2358387,2794391,57698221.0,23154567,4216150,3021983,2689543,13121551,38889651,376119,,614547,1765703,3208565.0,170561,20477984,10390508,758792,14325758,21547507,4871679,2675506,1779715,144670237,1679271,2412175.0,950070
2024-02-27,3076952,823464,529252,498430,687187,2955701,6180410,,6762881,3812473,38751376.0,4357661,,1453407,181367,5276965.0,1485923,26874287.0,2203616,47806790,1839941,96453853,4794438,1145677.0,1087149,3004839.0,156469,3353191.0,219880,620194,1508521,1058825,3239202,280012,257323,674565,50218466.0,6051074,711563,1622234,14396957.0,60013567,15148430.0,,509659,1631637,3807521.0,3965945,284019,12270713,13719487,10472182,13765376,205541890,914458,1644928,2822166,4831763,5112380,80186311,1023538,4310612,137080,1400401,1229588,,4290750,2121772.0,1560204,7287883,58529642.0,5476861,3791305,2075914,2311222,7900395,15943347,432481,,515504,2007793,7377250.0,103964,3458126,12070678,2721214,12826350,22675810,4259263,796859,1201414,116774382,252775,2303209.0,1585196
2024-02-28,3425388,607223,1265900,705043,1090702,2594537,22848021,,2604518,9670285,56183655.0,5003337,,4640863,234495,2679457.0,1018983,44063707.0,1501162,20468223,2718788,40395650,4710749,804814.0,1915742,6135163.0,187277,2838919.0,1193221,732514,1319359,1693929,4207520,274602,192976,1294193,34034514.0,18095433,1624051,878098,18448252.0,52420210,27375560.0,,646315,1208203,2798168.0,6397144,226386,37269021,4357646,9034284,18858455,229599208,1404791,1543415,3186499,2175923,8405816,47421560,306809,3340264,114103,2554398,1580167,,4603069,2483574.0,8414478,2353911,48769003.0,18532258,13516199,2368685,7993157,8214167,14404397,583613,,2329006,1680363,4805666.0,491964,4163455,13183599,458099,23160314,42797047,4031247,4133341,1570438,141140495,2506657,1840105.0,1228134
2024-02-29,8314231,2641564,1697193,2534953,3244400,5498861,15879919,,4557961,12566949,110800848.0,16021178,,2784308,439561,5450895.0,1788943,82613316.0,2989810,47470893,1104461,65309130,8169428,1213258.0,7951628,7006143.0,431967,6014510.0,816981,966025,7010824,3021211,3157368,490055,589800,1590178,36513673.0,13427236,946529,1421239,109078114.0,56956110,50285876.0,,1875232,3829337,3073621.0,36341479,635596,24575036,10504284,6325657,13493716,467442708,1882889,2454756,8116619,5839119,14474781,102182187,887251,6396146,170541,2444257,5618562,,6259435,6378214.0,6679208,3846005,60796416.0,22868499,18191256,6337841,8810847,7783496,26817847,1000389,,2530518,2451634,5055290.0,698606,6197040,16518489,2246273,21705224,38493277,7333369,1774199,6003329,297363295,2161353,6313244.0,3650451
2024-03-01,7309619,932781,863471,1240533,1358056,2050847,21264951,,2743747,7319538,187325677.0,3459310,,3190088,295574,2705818.0,959612,28020852.0,1153748,25471727,502711,19016883,5844027,317429.0,1741291,10667422.0,189146,2749828.0,243996,675366,3504745,2288833,3445519,327369,313330,3108497,29571049.0,9285033,699726,700838,38424333.0,25741180,25277061.0,,680655,2089244,2328087.0,9991114,465637,7332651,6723587,2818924,14730941,207501949,1410329,814734,3430071,3181596,5248711,30613231,339155,5546878,244552,948761,2896253,,3919195,1940985.0,4000344,5204593,45020674.0,43701885,9428348,2537242,3331549,25015769,18744276,356274,,595085,2687750,2063519.0,365909,2761160,22446272,750454,20408217,16770549,3044766,1017390,2689163,206153196,1184945,3183926.0,1687768
2024-03-04,9847223,2557375,573439,1255263,1336266,1755179,4932891,,2098271,4122762,73813990.0,4650106,,1169661,170867,3713804.0,829094,28926170.0,1418264,29011757,606253,24576029,2946494,291689.0,1424419,7575458.0,220161,3752437.0,190850,1241778,2933375,1429669,4145504,566710,311609,2907416,19757111.0,5099927,433647,624062,10252503.0,29293343,28083720.0,,329940,1873691,4024496.0,3419164,459182,13136679,5096582,1598135,12976868,344381130,877056,1523529,5955890,5381128,5901461,37779767,252928,10734164,304800,881349,1947318,,3106351,2154073.0,3220049,3708806,18910904.0,9535479,5499538,3163557,2551175,5277139,21115815,477690,,461092,2831351,3667997.0,156152,2114708,12975615,443190,15338005,10022970,2591115,823101,1494714,126878764,538784,2624347.0,949931
2024-03-05,9790823,941155,445871,3455704,2324949,1369353,8545164,,1476068,5958124,55762395.0,5085627,,1583753,143238,4727928.0,514226,38759663.0,1005239,18542573,1454940,50098079,2368269,453747.0,3938536,6902145.0,293220,4344776.0,179693,924444,2365387,1179484,2123351,533602,350938,2184854,40961378.0,5081612,552793,700390,13963404.0,50278186,28840203.0,,402302,1476129,1961606.0,2999283,717858,8687311,10620673,2962996,16725442,148437130,459406,1172252,3596322,6140504,6161623,42945159,312780,3914084,185926,566163,1885295,,2880702,3723091.0,4574254,4950593,21703407.0,6977361,4137846,3789007,3076833,3592035,17048578,578146,,338483,2508786,3657596.0,78683,2557694,19782712,914771,25660600,9299916,2919975,893460,1203411,75620422,972660,1816893.0,828177
2024-03-06,7884738,847502,620000,1345743,1820313,2459405,10639736,,1953799,4688928,87938434.0,7243616,,3297658,334166,6865038.0,552250,60267530.0,1578326,19839782,1042764,121541736,3687058,591140.0,1187424,24924192.0,529187,3850807.0,394828,801286,3365855,1516529,5306516,240325,696948,1955265,43003141.0,6060100,972479,572104,18646282.0,45095839,20027788.0,,1156676,1771414,2092636.0,11418202,649355,18126237,10116917,2710851,29411950,311140311,6288162,1432740,3284330,6191687,12563505,52027977,607031,2537658,168578,1805754,3082082,,4102587,7266462.0,4145198,4150527,37638626.0,16997458,6380616,2391117,4448680,2600312,28106873,936432,,1371881,4098195,5916649.0,132833,3503250,17181924,628580,34515370,14204964,5473350,592016,3339734,139336377,1701850,2647999.0,1313090
2024-03-07,11078287,1329412,971337,1925847,3002594,9338624,26768973,,2649188,5727460,111717909.0,4386639,,5266846,876879,3578474.0,573099,45702232.0,3267311,26160205,972682,64254200,5968039,360485.0,1014566,16912107.0,299438,5067799.0,220795,1005012,6978909,2703175,1652796,588056,1140665,1924100,62867102.0,10180509,1170550,992447,14336652.0,43620401,26084441.0,,1060448,2134069,2643459.0,16563455,667560,23653880,7646013,2465020,21751181,225634715,5567789,2768490,12209538,20641402,24195430,46470600,901252,4257472,162720,1001438,3857550,,9385054,4679071.0,3895165,5948806,43446051.0,71396757,5937400,4347312,4887562,7593783,16960453,977672,,352134,2278918,5965776.0,841410,4232756,30196834,770448,46615901,14100480,3840420,1615972,2805000,144116109,931193,1891979.0,2857949
2024-03-08,6767678,1157197,585648,1160281,955026,2125336,14666594,,1607116,5668057,59143288.0,3685121,,4070373,674101,1967806.0,855982,28931120.0,1092423,33999340,707604,30202413,3499693,814196.0,654885,12129742.0,171487,2136879.0,223217,538924,6221998,1319059,2589498,434823,365519,1953905,42848279.0,6540303,2042644,631815,12106842.0,43793152,21296018.0,,468255,965730,967942.0,4274540,260277,21135368,4160302,1398528,23321417,149173020,3687404,14096066,3902939,9007387,8542339,21611230,250455,1995889,190608,1892605,2417006,,4129973,8543431.0,2102126,2780878,27144601.0,15593976,5590943,4139469,2255088,2868659,14830911,761218,,482011,3122643,4197466.0,345111,1903558,9632646,545946,10986946,17149766,2743561,872483,1431125,79766151,784532,2107495.0,1544862
2024-03-11,8484961,1206482,615365,537930,904817,2630580,28578659,,8877859,6358919,137094836.0,5707150,,6237465,119582,4760170.0,393272,35867890.0,1213086,22239955,1072400,37531228,3873508,378252.0,1260826,19010619.0,110366,4414467.0,513704,360557,9120827,4724259,2228291,438239,184166,1727439,21774900.0,16453603,975837,1309279,14794581.0,51557214,12055718.0,,317697,2522204,2180905.0,14964061,273381,11187529,3815432,3478703,18319427,154132465,2029246,7200403,9101846,6378672,16318227,90593615,736661,2624694,160148,957204,1741012,,6777781,12250809.0,2034420,9347708,32245967.0,14923617,6243866,3656825,4926652,9722328,9689786,1140399,,333942,3017791,4632736.0,382520,3389869,23166179,661440,33775456,11074844,4019729,1301311,880200,116012286,450027,2036385.0,631584
2024-03-12,23393114,832229,726981,1392412,1107461,1804073,12968125,,3246477,8623482,63898102.0,10271709,,5536291,143440,3170454.0,513881,31190073.0,2093872,22041689,1151991,29779254,4570753,389377.0,814770,7340208.0,217796,3515375.0,160542,520613,7281314,1857310,3223099,421401,478284,1675921,50222798.0,4862779,482500,1002362,17923764.0,55525865,23045660.0,,564939,1993930,2403786.0,7167569,333207,24867097,4990813,4092714,12251517,212228896,3958688,4266071,11076111,11583750,9009717,26935045,1005183,2485056,173867,2502772,3885256,,4225873,10703341.0,2366228,3384361,50549442.0,9738635,7175852,3621978,1942149,3258761,12187000,852391,,574576,2455842,2608117.0,168823,3722286,27759440,1319104,24801547,11913903,4484623,1106216,2563694,132144328,704969,2339517.0,437679
2024-03-13,12020536,1174524,1555277,971048,2571958,5038172,22631623,,4183231,5082459,79857591.0,7604042,,1980274,245843,2911564.0,872804,42579563.0,1095197,24549770,2020693,57659809,4151441,685157.0,1354648,7411629.0,196528,2422623.0,637566,394126,12990691,4036711,3191445,414186,284928,2189849,103279556.0,9359088,1048271,844004,24092834.0,35428913,17275504.0,,872695,2742788,1749029.0,13369375,243564,25373935,4976174,1925198,23469470,246059054,4029652,4777833,5765259,20519011,15880301,45181813,488859,7757344,121740,1966316,3287749,,8807750,5897695.0,3229503,4571460,30055940.0,15524834,5045669,3233776,2925263,2626410,18555468,675148,,480313,1989488,3338120.0,248814,4842793,22773023,1530291,17848967,22390443,4575261,848203,2831981,155344448,1063575,2236241.0,2053733
2024-03-14,6303620,864242,928093,920175,1323366,2033884,20521001,,2846632,5791975,42841599.0,3650538,,2080539,269181,14271222.0,689014,35567441.0,1311879,27455966,681618,20848740,4667779,677388.0,984713,12655116.0,218833,4465978.0,411477,354756,2458040,1267048,5592645,527867,412822,1840903,45797211.0,5252450,383545,848280,9859716.0,44407570,20631930.0,,955541,1733536,2215216.0,9819744,561343,21758890,4324747,2305491,13255918,145097694,3698917,3955087,5207158,6496539,9201400,58629019,303670,1754738,140837,2301976,2451153,,2669853,3074529.0,1903628,7460342,39388584.0,6008082,3979969,2983030,3089642,2914873,21882474,863715,,639172,2124751,1847849.0,187986,3003402,15518597,464651,11658373,12558486,6492714,825339,1323749,124498677,1501031,2764678.0,898199
2024-03-15,13395940,1764615,2132362,1815507,2417723,7879282,38092785,,5253583,14529753,117586336.0,40520113,,3190483,678382,19735379.0,1728965,90759376.0,2813882,105259596,1893020,46798235,12869234,844064.0,2104190,16942750.0,512385,9483688.0,268488,4513529,3847883,4170472,20807069,999202,622536,2561390,95872842.0,19016987,1151054,2289874,37022486.0,144608653,86039952.0,,1558472,4416652,10283252.0,8788322,986001,29260385,11274637,5215663,46862130,350528629,4237493,5604934,10994794,12797947,28934963,126100754,831282,5577557,510744,9176111,5440814,,8090027,7353990.0,17042973,8957265,92456627.0,12928779,10467202,8139097,8442946,6153493,33727529,1799800,,3392569,8000290,5042744.0,337514,6813259,28802363,1481387,36549631,49479811,10810073,2118653,6636751,688428852,1912192,6389776.0,1628098
2024-03-18,11153983,616864,1516819,1184013,1296949,2009694,6590443,,3885042,3453297,43582971.0,10741231,,1794785,346513,2462207.0,586069,25477960.0,1642320,31279322,720410,60925194,11908911,214304.0,1587107,6285398.0,151119,2319948.0,101654,388002,3444557,1224681,2765495,435179,507078,1193368,27246352.0,9509166,498395,533356,22146029.0,37891932,26599741.0,,376521,1562018,5117492.0,4591695,284889,14464099,4475532,1705944,20008480,119224181,1774612,3875326,5211041,4648707,17505439,43080209,182196,1791096,222562,1393139,3884776,,3229001,3424609.0,7410411,5796683,63149087.0,4189114,4985620,2476636,4468850,2183065,16264114,1010844,,413445,3280442,2538803.0,96313,5559860,8243595,414619,9211811,8033319,10018728,964933,1987994,211404691,948302,1565088.0,338612
2024-03-19,12477287,1067036,609936,919676,1237118,2979600,11527580,,1773910,6335510,38894707.0,6008554,,7477833,252930,2316257.0,1351674,41509699.0,2083144,27332558,859143,21959732,4560184,217083.0,1671329,15398880.0,353490,8238407.0,145116,358505,1755426,4087876,2916084,395061,1178492,3332313,63550905.0,11400832,993937,786873,102516897.0,23063736,16793909.0,,354834,2823272,2126979.0,3730640,518342,20295383,10666860,1184178,13056559,126334621,1837713,3333922,11525726,5413090,4827109,26434028,334252,3050320,134253,5107525,1430402,,2791392,5455687.0,3834869,5756396,66330810.0,11277526,4211276,2132512,1579601,3087842,11083889,1016348,,859408,7989220,3860388.0,167131,2494633,12873333,1019742,41664330,13402834,8335448,1884543,1377511,145460343,2083691,3447383.0,828319
2024-03-20,11718166,639571,498808,1039245,871150,2187076,18117780,,1102531,9873916,88814638.0,11036138,,2146314,932821,8717930.0,726231,38050619.0,3504818,26414869,606591,28279171,6257065,338372.0,3110211,6587648.0,275033,3255416.0,169025,255017,6349009,3299609,11979874,401411,540513,955361,30724187.0,5685655,604121,1503607,42360183.0,34999580,20301965.0,,479889,3425955,7054132.0,3246738,374036,7911460,6011916,1691163,7642146,134881078,1887077,3147322,4793638,9525711,6014417,25960540,329031,1273653,110396,1023414,1538078,,3925599,1780473.0,5182893,3326595,106653225.0,5416267,9793937,1607869,1682461,2526907,25023460,523032,,453320,2734680,4515830.0,226023,1600668,12779835,663167,12123864,12740534,4321493,507250,1603190,84805202,631391,2028586.0,1605342
2024-03-21,7072010,611302,446790,1148612,1763878,1687491,20412713,,1835813,5128668,81665407.0,5092338,,2255445,447093,3175644.0,578000,51406366.0,1907729,27058385,499396,105685665,6386569,762231.0,1592751,9526000.0,273621,3591042.0,200109,604483,3575572,3837491,5963966,554892,397373,3600423,70078436.0,5122293,871058,712980,32253948.0,46221272,34704043.0,,600975,3218171,12528437.0,3068982,1133462,30474275,5975314,1920423,16516063,184094142,996601,4524829,12859583,12346056,10351368,57791909,548677,2493764,191548,1564132,3328410,,7468942,2472239.0,3765687,5064617,60052616.0,6427194,5402444,3797677,3858669,4600949,27803191,872010,,921234,2640927,6046310.0,123257,11202249,7328321,756680,17952465,24154259,5820512,822682,2345629,159569417,883803,3146144.0,3103061
2024-03-22,5282059,760003,407365,528499,2536106,2902870,7417882,,1243838,4181990,34353481.0,4919211,,3095401,147442,2868297.0,548372,30594894.0,1368917,24854733,450167,32386514,5533693,673937.0,833447,5849599.0,170089,3108895.0,130164,317407,3417706,966319,8241923,768290,352810,2743992,34744551.0,10423834,677774,541368,115709629.0,31173104,16621738.0,,750095,1799769,2430255.0,2256553,528958,24088820,5377757,1110288,20187405,162388748,1011496,3127588,9642061,6539573,5798192,68959021,649905,1858190,164700,1254734,1688754,,4892082,2528922.0,2928463,4485564,22107144.0,5029567,11637181,1193227,1676879,5619445,10605796,439336,,575750,2621824,3340464.0,102644,3958665,6386224,732118,21654732,8724529,11423811,812632,1437279,144481665,907774,3946978.0,390834
2024-03-25,4173176,482718,403497,961156,2201409,1681327,5725703,,1557853,5847219,82797106.0,6941062,,1671491,176266,2541537.0,553945,33098744.0,1525935,24494667,984671,38527916,3533640,321305.0,648376,4875689.0,188956,6693942.0,94149,359870,1468274,1942786,5363954,658413,242406,2017017,29544306.0,6432415,876861,527070,107580957.0,20581329,10670560.0,,503726,2428568,6990693.0,9166577,516946,22566504,12368472,1505484,9667623,237240308,3419351,2722486,12025373,3505885,7052975,30669324,460976,3636035,174474,2685385,1478224,,2977771,5496059.0,2999810,2887572,72280480.0,5132795,11574979,2593067,2829824,3458304,10622000,970724,,983269,3052334,2136420.0,248523,4814373,15229119,528330,11545048,11643410,3301289,1166724,1056440,73850007,1797259,2288450.0,248362
2024-03-26,4390464,1130882,467104,504833,1047234,4020190,10611145,,1745893,5669024,128129984.0,16497916,,3041347,208789,4276663.0,774301,76471060.0,2170176,95616089,599690,20022388,2559548,293439.0,622591,4133778.0,181227,4417089.0,176485,563293,1707660,1409530,3783235,624873,254894,1619806,18083084.0,7986785,431871,541925,27936888.0,19146886,16489997.0,,495264,2720280,1778949.0,3767923,369239,10989684,7462990,2184990,12392835,260161808,1432973,2261636,13742819,15485189,6865935,46259612,263167,5035138,116775,1365151,1524254,,3429439,3593545.0,4561912,4972904,32450634.0,36438942,13094529,1848291,1846857,1823605,13828709,811168,,1766194,3152378,4278595.0,612972,3791243,18656161,485765,11464741,17742131,6152546,704793,1933757,123886382,927979,1693512.0,427476
2024-03-27,3518719,1685381,276674,662918,1038263,2467706,7059085,,2607662,4186592,85794046.0,8579397,,3620265,168052,3110995.0,476282,36217347.0,2789445,35369296,777014,18976794,2193444,371044.0,466655,5646304.0,139093,9080191.0,778181,544223,3444049,1101746,2987110,510477,141155,3298380,18265442.0,4757689,300688,671028,22138720.0,21079290,30741966.0,,485467,1692960,2516991.0,1868174,268225,10543365,10401238,846119,8272274,211685995,1849871,11691263,7707403,3683528,9191037,33357569,177423,3805709,153388,1140165,1500708,,3289756,4464670.0,3090605,2624271,25435732.0,5861591,8586793,2394798,2569149,4654203,6453579,853425,,644987,3305718,2367189.0,95456,2238910,10355795,744836,10287004,8186858,5847297,554450,3516107,95841752,1112036,3622067.0,795511
2024-03-28,9894811,1254462,361383,1063973,1080315,2718578,10711460,,1759110,6976596,54858025.0,3985602,,2369434,334393,2608533.0,668386,36119907.0,1728566,19024205,796656,38415458,3724880,405637.0,1179444,11504302.0,201283,3451083.0,607837,686998,2064747,1751961,5401080,689069,1238695,2372419,30171017.0,9621623,504022,1232707,17237719.0,31683472,37973354.0,,611403,2413267,3840319.0,5674609,649238,73449933,7210746,3697075,16374815,248468932,1134821,3203159,15589082,5150856,9508663,25164728,314666,2259684,154434,919415,2784467,,4554709,3148055.0,3657882,1864571,20613164.0,12240712,5324813,2241249,2194696,3082021,11721252,817777,,1066654,14701666,6662404.0,195770,2306206,8098508,817379,18348123,26278733,3456269,904507,1751577,81354327,637606,3103226.0,652166
2024-04-02,7036544,983710,497575,1185943,1506499,2427538,24134249,,1901480,7158300,95958125.0,5179073,,3346978,213755,5348495.0,1541879,87644567.0,2447998,20617252,965559,21001658,4687565,356775.0,1290420,9197174.0,179374,5593083.0,506915,694978,3043600,1552541,3991284,647812,1172074,4458771,41349309.0,7111465,737412,754410,33366195.0,25424009,35025689.0,,560021,1838854,1477210.0,4552811,620670,33487917,9128028,20480896,14328960,174801073,1348567,3661544,15571481,8861806,7147811,31032477,462931,3165899,161574,1885150,1688856,,3467361,4723497.0,2714944,3380254,47006397.0,6423063,7438204,2781136,3246666,19933086,19834937,1354088,,1114911,3155097,3303335.0,135958,2089164,11660937,1033361,14076530,17269896,4329133,1104958,2068034,84550584,1078318,2818094.0,828505
2024-04-03,5322041,1190556,879869,888232,1729895,3743482,7480982,,2136096,9447110,73013964.0,11090968,,2033082,281537,5413592.0,970347,66997272.0,3441722,45698481,2354007,49957933,5579541,645734.0,907765,4346004.0,266392,5041850.0,215683,486620,3389768,1617277,3278217,923371,280308,2890365,68835890.0,7984399,388349,690332,18182072.0,28446283,14443260.0,,402076,4218235,3351184.0,10074780,391760,39762790,6367358,2127274,19255210,145222987,943311,3786516,13006101,5488107,5831290,34901617,262214,2397940,210014,2319499,1662999,,3665943,3779632.0,4055988,6176011,72925214.0,6642810,6615911,4277218,5289354,2379852,23986290,1515621,,1092078,3897419,4854050.0,451339,1926366,10888272,782498,22271657,11807081,6405458,611443,1913977,83882081,1143872,1819888.0,478047
2024-04-04,6398687,1298135,1348417,743467,2607912,2801595,6168927,,2019893,5379241,101520061.0,5821846,,1442190,143701,7234838.0,1237687,46518238.0,1569268,30321232,3223033,24204978,5962486,378862.0,774343,5660482.0,272923,4737715.0,143096,540428,2413895,1657094,5175860,862190,298383,2221042,29108298.0,11770745,475228,599494,24305285.0,30442640,20321708.0,,332549,2194554,2424056.0,2135787,433560,29017615,7559827,18469255,19816697,177550360,842392,6678827,5968232,9577417,5567116,49149789,323589,2926062,155517,1270325,1510430,,4465657,4923587.0,3785299,3986623,20652385.0,7579497,4624175,1892428,4642249,2280809,18581660,675150,,1310178,4624038,5477682.0,353585,1978923,12566480,1847244,15753043,16359388,3772321,4375817,2870505,177948161,634155,6729283.0,755164
2024-04-05,5946643,1096882,666829,837782,1560183,1913200,14206073,,2609662,8904552,45929447.0,15122460,,1908813,199436,2732047.0,720846,66027941.0,3681938,26721052,588122,22891301,4406528,527638.0,1779138,4930884.0,372025,3361282.0,254363,559453,4288498,2396146,5948705,688183,407177,1359200,22811254.0,7466898,443993,626577,35605546.0,57354782,25553614.0,,520324,3037951,5039177.0,7602864,566047,12672106,6527773,1095239,12729205,121464585,2933895,2958783,7271785,5218907,8384438,20411707,460524,5945285,248193,1057299,3232236,,4022374,5006298.0,4280885,3877610,26479716.0,17322577,6792614,2048239,4305315,2447735,16453629,758060,,922209,2519777,3928801.0,125847,4146708,17517025,812079,14723698,30190539,4794368,922918,2176430,73872047,2343303,3010628.0,1188779
2024-04-08,6015897,798369,361351,587813,1132854,4325622,20913393,,1444515,6514543,42259039.0,6457362,,2937620,389518,3901522.0,633717,59384259.0,1244139,19046000,429145,19552969,3128498,363006.0,576227,2919994.0,349821,2573745.0,458470,614884,4151054,1514520,6765502,676757,331086,1733224,35053075.0,4647859,267658,718836,18695197.0,17801945,16987711.0,,893220,1852113,2753949.0,1973697,289699,23203333,4755255,1251440,14287211,162777728,1058179,2845368,8212517,14713992,5940417,20389975,461654,5580266,259733,1219089,3322921,,3720029,2889042.0,3552357,3696162,21856074.0,11006111,6569263,1379121,2345660,2956946,19999951,725008,,1259152,3267427,8923353.0,146176,1485753,7004624,874972,17711285,6248461,3638938,1819719,2725576,54412098,683922,3002340.0,1055678
2024-04-09,7116186,925642,526144,774063,1765971,2663119,12040066,,1716381,12537763,50866409.0,17350537,,2559646,189661,3586876.0,752244,57845460.0,2684068,22370679,541715,34325521,2800123,662355.0,1047801,7635878.0,251991,3058231.0,254681,873103,2287019,1692316,6137034,657422,253794,10122974,76475216.0,7799267,368436,824902,10735874.0,56964110,32793046.0,,1150561,2934604,10060194.0,5067558,446097,16565642,5003855,1797681,12709431,131247089,1943308,2921810,10503061,8139593,5579078,23965950,227997,7648927,223396,948606,1840220,,3978668,6040073.0,1933743,3834871,46463280.0,13796679,4818021,2492297,3763909,1934900,20725997,489918,,1562942,3288082,3681388.0,339205,2832551,18223287,512647,22460366,10513559,5461471,965867,1566193,61377024,1615942,3937166.0,872591
2024-04-10,9202640,954973,704583,983713,2673615,1265460,9045943,,1500522,7280720,51917164.0,17753114,,2273153,247406,3677893.0,1209463,34307836.0,2604327,27498630,2029661,173947677,4325910,1042317.0,929294,5424117.0,515092,7435365.0,1053872,2235541,6045637,2431370,6499491,435368,1140612,2529610,73895449.0,6449550,447185,937098,10757735.0,53216145,35320030.0,,858749,3736908,3426218.0,4518046,330910,11424633,10766987,8459218,19104057,148196613,1388239,2915286,10345258,5904611,22506655,38848320,411200,5839701,206787,1865032,1386371,,3249722,4446054.0,2195254,3661008,36949462.0,6206127,7354913,2660059,5934849,2446501,21922895,906456,,3204674,2975439,4885462.0,122497,1973007,10896831,620200,32244705,15744911,11467486,1044837,7805516,61639860,717258,4330736.0,1332722
2024-04-11,3718120,1108638,691141,776441,2152883,2963877,19513074,,2698526,7308710,80275550.0,4953865,,1861005,200925,4209997.0,1123398,36072573.0,1268432,49657019,434975,51914889,7597669,424754.0,835063,8206838.0,247046,5747919.0,298803,491185,2316262,1773943,17399678,635596,346239,1315979,27370826.0,8322643,453676,701635,13877272.0,39103496,30447389.0,,686251,1868059,3667886.0,2482768,321926,10287769,5635436,2445297,15029575,276328543,746959,3164013,9213028,5363428,10517279,46759559,284122,9273687,293730,1212733,1938255,,4740249,2727253.0,4194916,2889117,51801862.0,7234495,5475797,2279163,4053182,5001746,15046402,770646,,1433485,2736629,2608203.0,176404,3028900,13110525,672290,59610125,19738482,4730813,1931919,2281602,69904902,1578815,4566328.0,1342004
2024-04-12,4732608,699527,420013,1165753,1939262,2437115,7762218,,2603424,7439051,67912255.0,5738210,,1452875,327447,7105818.0,827089,57022457.0,1298593,22495663,812829,23208297,2785732,558990.0,885362,2463152.0,238130,3794850.0,160852,938412,4960080,1228681,7884052,591443,278039,2356038,51549012.0,6715126,350351,660587,20718615.0,31007911,33173784.0,,797792,1785858,2542306.0,3347499,419766,12429703,8384959,1380511,9867108,180436946,678956,4983330,13730676,3605142,9675718,15761217,544833,12731146,150535,1505058,1604747,,3622851,6238461.0,1932265,4045337,22520556.0,3993953,11210858,2387553,2090848,2055769,10735186,683601,,710747,2640863,4082042.0,134687,3537871,19696183,669958,25554004,16344931,4863226,706762,1523284,57204193,2525916,4401154.0,1045116
2024-04-15,4333106,940986,386870,1159282,1618963,2546797,6122183,,1392029,6369833,41143593.0,5249113,,2115353,194702,3607872.0,717779,45839250.0,928993,48969815,543735,18312106,2937449,527323.0,789090,6578921.0,273191,4099314.0,194718,902405,2101784,1396456,5426975,591306,196498,4517373,30057399.0,5188791,299802,617941,25868057.0,24347647,24584689.0,,525450,1466498,1993688.0,2585250,349311,19187394,5266169,1384559,12022309,160595956,737058,1705274,13522897,3969877,7239159,23374274,288180,6631529,153338,1125310,2032148,,2450393,5656133.0,1952365,3127702,28695150.0,5278872,7034064,1288342,1778443,2382994,17809474,928586,,593158,2360791,2903863.0,120109,2413201,13528950,492403,15873246,7616645,4999425,1050376,861325,60995585,969646,3148257.0,445634
2024-04-16,4265339,1046716,674885,893276,2156707,2562300,8150291,,1318970,5906056,144230906.0,7963773,,2511936,380579,6779255.0,1004251,40501558.0,2712671,23816703,847292,23560794,3074940,757507.0,1065843,4022505.0,201543,6506490.0,306488,810810,2759883,1296611,5592366,696429,388248,1297680,40152207.0,8908709,799100,548111,12362735.0,27235255,16817792.0,,557049,1139706,2334846.0,2809432,587792,26220661,6177760,2641470,17557965,190548937,3220580,5810497,10107183,3966387,6615137,31061155,351995,6702730,274002,1232361,1479728,,2634806,3120140.0,9406171,3113174,22240134.0,22252765,4424238,3312005,2733967,2852831,12566764,989920,,778942,2301494,4653030.0,125533,5213695,8928458,1141408,58037065,8604769,4916404,1233525,1952923,60671927,769285,3586795.0,690271
2024-04-17,6554194,1660097,680470,652666,1312799,2716098,7364363,,2243525,4574640,58349174.0,6988255,,2166091,479232,5118665.0,753180,41516392.0,2248964,25559366,479727,48572393,5653434,468803.0,1068015,4030806.0,177446,6265853.0,186149,470876,3256689,2007987,6604420,492560,276775,1395291,38033271.0,7387601,386939,800181,17433236.0,19309290,26709565.0,,346800,3419757,7327410.0,3048817,385908,13921811,7062219,2096460,17347074,154369436,586739,3182764,12201407,4484490,7719064,11269812,541508,4237226,212415,1476231,1658196,,2832007,5836634.0,2387411,4272029,90815558.0,9659211,4667435,981789,4495409,4557513,15235252,1546908,,594645,1932969,2567633.0,98301,3893507,13176619,726615,13408288,12623084,9414019,3043699,1231975,43512470,607994,2929252.0,1534822
2024-04-18,5507781,921690,360175,1496573,2485997,2376802,18893756,,2446630,12725109,72982970.0,3803904,,1981683,274944,5017131.0,1090906,38651074.0,1128408,18237435,2041566,136439084,8084431,909261.0,1406826,4539271.0,86766,6800720.0,1355273,404203,7192380,6383481,15645322,448402,522782,1542347,70400214.0,5914111,1087265,1339406,14944586.0,56508011,42196144.0,,541340,2074506,5780597.0,2691760,598870,30719658,4544314,9519946,14482568,102401053,1407077,3502153,11670985,4007730,24824183,32713225,269339,3845500,128045,1076369,1700312,,6021283,4063340.0,3308589,2016764,35276400.0,33763267,5018824,1845287,6467503,4972154,19792990,896243,,3219536,1844293,6772325.0,488972,2188626,8140629,1167883,13120964,24153019,6720755,1658964,2385639,82198762,3026741,5188381.0,1630199
2024-04-19,5725191,796565,404693,1629591,1446221,1941369,5850886,,1407714,7977550,59013824.0,14031357,,1672151,309621,3111706.0,592524,50577770.0,1945618,18146375,1623316,25557191,3976388,516794.0,1346482,4198442.0,145654,4795030.0,497337,298343,4812743,3660190,3989491,469418,326490,772528,84938901.0,5148976,466727,495805,11836166.0,42777852,32887785.0,,511321,1528912,2050312.0,3015847,397237,17650667,4507767,3513158,25626645,139824478,2906369,12810599,5195357,3165718,8708294,25990611,242181,3608389,128680,1062238,1712897,,3553174,2221703.0,6791146,2381880,43758567.0,13899598,4384279,1556283,3230435,2351823,9858971,752835,,1975057,2479265,2007779.0,159345,2593481,12432100,1835573,10187880,9578147,6644460,837612,4518806,69142766,3388919,4739458.0,635127
2024-04-22,6017150,1122539,330553,1474386,2147053,2674358,12052762,,3448159,6523038,42043695.0,4672734,,1225784,137715,2285904.0,924644,37823225.0,2293265,219978400,703746,29384608,2584291,527693.0,1154015,5888555.0,173293,3343916.0,215509,453423,2372283,1976057,4825097,605272,314356,4690894,49296256.0,7020161,420962,490728,16067924.0,25523717,32121315.0,,488003,1743874,6424871.0,2058172,360236,8723855,6736126,1937552,15813430,167919394,1009649,10481384,6976532,4260201,20667085,24833895,388495,4296333,209918,2059491,2613629,,3314577,4068696.0,1761802,5243787,25401886.0,19314438,4164520,1391771,2769637,2263517,13320741,1110606,,795432,2131488,2108582.0,121658,2764539,10036226,1256924,13901835,11896376,3430855,1082130,2453915,81105726,899696,5636897.0,630291
2024-04-23,7973212,2721358,1072912,1722677,2782451,1881752,7157057,,3561073,10480005,81046062.0,8443655,,4601531,199467,3406927.0,803624,56993159.0,1171938,20213168,639768,32809611,2021036,549732.0,838389,8710255.0,297420,4542165.0,171244,442501,7070368,1436475,9603511,491669,210910,4678659,25885803.0,4662620,396909,595316,35979960.0,32647963,27402569.0,,461346,2020282,1612945.0,5399560,798247,22177543,13857014,2034076,19640698,199643448,2378794,2989619,7268892,4608069,9498099,27743088,688804,3867373,140003,1314448,1592660,,6096606,4956924.0,1804518,3225385,64561423.0,10385190,4643297,1411905,4758822,11410745,11082204,1659639,,662951,1933635,1929462.0,151521,3378987,7753854,472736,55430141,11455684,4713832,1601075,1039226,150967378,530042,3238307.0,1158055
2024-04-24,8579287,1758138,524213,689526,1460299,1857688,6399625,,3596131,10276431,159914286.0,4867784,,4212105,218507,4582096.0,1324691,59957431.0,2377997,24121922,858634,15565004,2174721,1025476.0,735195,4854983.0,142155,2474211.0,662551,375621,2353950,1344157,2638620,290913,464256,1099834,91615218.0,4326760,365955,541057,19132238.0,21390323,17211334.0,,551282,1194375,1251353.0,17752731,461466,18681925,10068163,3405415,34969237,309563793,1338682,4227824,12373248,6116740,5796207,79759421,316617,3535098,91057,1011677,3550453,,8232217,3747275.0,3927051,3826830,144490375.0,6167842,6211294,2069793,3883843,4049130,22456375,1261753,,689419,3225349,2111695.0,123725,3587715,5764707,635069,11929766,9230297,5097172,787442,1746839,89375938,441573,2792222.0,909569
2024-04-25,21859413,1355339,754114,1068487,1929159,2377723,15025711,,4952967,9041658,174179117.0,8465160,,5534089,241290,3196264.0,1516305,65563155.0,1599130,29936979,1276409,14132304,3625006,751793.0,858213,13402843.0,165015,5532411.0,220031,627310,1799806,2067905,14255103,475655,664536,4433902,46643686.0,5919718,760985,888746,22088612.0,26470399,20364808.0,,556976,1763828,10842036.0,11591327,399578,10902647,7946300,1708219,37033349,133826433,2030183,3749934,6724231,2793997,5284838,48741809,351404,15005923,272661,1556792,1682524,,8117904,3845550.0,2471399,3680145,96112155.0,14125069,12827740,3797467,4606447,4592939,11961757,1674236,,692904,3278123,4362122.0,175324,3627533,6216070,467154,22889283,9630718,12063434,842166,1254026,63535891,1052454,4602137.0,1509925
2024-04-26,13070302,1308957,327491,890627,2649455,1420255,5381734,,2360260,6745364,107959690.0,3107068,,2763484,157676,4365242.0,628478,26337593.0,1240086,23300187,923433,17224906,2044943,401368.0,806839,21875349.0,159989,3750174.0,232305,493671,1673713,897966,2280930,516841,353732,2293069,23930228.0,3990452,522492,951776,23216111.0,15520886,13531669.0,,378424,1360542,1216783.0,1780904,294999,20473240,5954029,1450324,18767864,196220536,998691,4451645,5590134,3787265,5238886,57160251,301032,5374627,208325,1387611,2860182,,2370724,2257634.0,1654774,2921713,36051385.0,14654698,7742642,2277075,2322491,2691875,8894321,1370860,,633427,1807735,4932608.0,262041,3216885,6863410,472471,11207401,9958550,4883989,880440,979141,55256533,1128385,6863090.0,799216
2024-04-29,6907462,1050040,388534,608570,896487,1604690,5235146,,3704143,6166791,41778612.0,4146654,,4268261,274262,3110035.0,388402,22279994.0,632214,20692052,561925,14607981,2456221,716966.0,830761,12200095.0,248046,3279602.0,333447,1529920,2250231,1730045,2553726,319060,513385,748558,17953900.0,5911044,344261,432048,20890905.0,20180940,15155761.0,,287189,749747,1178089.0,1878140,335805,10069043,4161891,3901464,12616850,174654445,841798,1481774,19710378,2605120,5464830,25077684,200301,2191060,101863,1587619,3873615,,2230147,2587978.0,1531015,4317783,43510772.0,7027902,3903075,1483528,1489650,2663957,4789618,343404,,500409,1671002,2736963.0,168939,3140887,4870388,1284171,16779176,5963260,3401710,525228,2290658,44071559,912627,5298285.0,677232
2024-04-30,1441766,1340642,403895,1085487,2559522,2290598,4931840,,2553342,6910708,46614733.0,397624,,1644273,233991,3043911.0,636188,28971121.0,873375,31179913,788578,23717560,2996834,690301.0,71548,11111967.0,196940,3385694.0,243007,31594,1475176,1177266,3336026,490163,399844,1019368,36605263.0,7034492,384704,445064,28105383.0,44382642,9225192.0,,403460,1281473,1506987.0,4014517,401103,9422272,7825045,1836840,13650453,128009937,813243,216791,7992743,3098826,7901497,28958448,294557,2261958,120098,903106,3316001,,2984761,1429719.0,2180273,1880090,54038891.0,5985734,17746136,1981105,3271276,3948819,1679663,895112,,715165,1799805,2266159.0,256234,3235046,5882720,506622,21836963,14701963,247140,902673,1576912,85178283,599970,3548196.0,1626635
2024-05-01,276796,346373,159885,78834,25121,3189256,465268,,264606,2463722,67105158.0,112407,,97229,103996,1136794.0,597663,4659383.0,416052,10025432,996571,1905075,1408496,374125.0,33588,2474950.0,189617,273810.0,45348,224998,584540,1802278,433209,323870,200318,763016,2058475.0,5852296,230275,420043,28259913.0,1752322,1785477.0,,217083,83071,1044543.0,4970062,80913,2194743,2852138,2575108,5971327,32667879,690329,597666,2872901,3933011,379505,27320465,707507,463651,40471,1358396,1960317,,2361963,96765.0,1258950,1017302,10108551.0,2888289,14636043,942211,1010233,934070,3437262,175207,,291312,666732,3782796.0,299629,1905385,244193,464445,2186459,33754211,3167328,526084,770514,5709970,1153542,924383.0,1066787
2024-05-02,3705983,1221821,472616,1032659,1618663,1836855,6696073,,1961686,4075293,22410988.0,4846270,,5513582,206363,5764835.0,537331,31294101.0,1493707,18329276,2278751,24528366,5205192,401160.0,674935,8721257.0,218368,3104419.0,419758,389070,1089821,1148238,1946273,341765,266843,853787,46263484.0,6275082,300009,421920,18133381.0,7966770,32624342.0,,486754,1675037,10262701.0,6047648,272626,9732994,5652620,2503587,19846539,106053192,1064369,1720035,6675832,971841,6015663,60342241,708592,9274228,112766,1038700,2248822,,5126169,3878695.0,2585979,5195001,47513511.0,11884734,9925045,3591286,1690016,3475119,1095027,532376,,546982,3006235,5727605.0,160814,4525691,23789322,1751186,24214238,7850959,3978204,635731,1325696,40057624,884895,4266921.0,1381672
2024-05-03,5306128,1558995,244954,673056,843236,1246627,3857389,,1642783,4436848,47827113.0,4176106,,2854486,254199,2545691.0,635662,26147916.0,1029392,17449153,495825,13725678,1831595,243815.0,992426,5611695.0,192263,2429053.0,227707,347788,633352,887108,1878476,371485,293962,696240,25914850.0,4237169,299386,270150,31717298.0,16832563,14934760.0,,844597,1407052,1548392.0,5004767,251558,6589667,7065880,1908672,9557857,86284744,738452,1879981,22879277,4184200,5704615,11320341,132925,3430560,183495,1280123,1824346,,3143641,1971474.0,3319917,2665986,13155809.0,6521634,5275570,5153505,1271580,4951939,5653859,883727,,388580,3335543,2555393.0,201944,2357839,9254690,539011,11224819,12251329,2337576,580595,1584582,88284265,298966,2246930.0,1456871
2024-05-07,3420436,1106958,513160,823886,2401494,2317391,4937271,,2562233,4581163,95337526.0,7443536,,2691509,307478,1923953.0,527598,57493548.0,1362844,16961998,1098203,13703008,2531411,287653.0,875349,3596311.0,298478,4562505.0,200706,246130,1456359,2433210,11390292,616577,510321,1583817,28078420.0,14302772,330344,542184,28731227.0,55817425,36196503.0,,660961,1963419,1921807.0,3839039,278635,9338057,14812256,3558907,22336594,376963776,1321140,4317999,21576673,12857283,6539000,58607016,293653,3112800,200177,2586214,1448996,,6889448,4626979.0,4614850,4267096,29887433.0,8865201,9576313,4253099,1969860,7287279,13614305,640421,,705412,2599773,5800567.0,151912,3645577,8150783,1235604,16121251,17307370,4161118,560707,1395241,68169245,829958,2536534.0,824923
2024-05-08,3816124,837425,876909,684799,1628630,1971083,8179303,,2091841,6547258,54664931.0,4695037,,1331386,564324,1573063.0,897078,101765120.0,1817045,22400679,957253,23941302,3120259,273928.0,680193,5714109.0,128056,4128111.0,368767,384318,3367134,1026592,7071697,337871,226140,428167,69032654.0,6684170,385812,532860,19490340.0,31193174,24177755.0,,627464,2112613,6489666.0,3728849,311379,6589555,6342259,2379960,12545232,369327358,879488,1812763,25745326,5781295,8029535,24102798,198582,4026598,204337,1059931,1850647,,2834270,3725520.0,1862594,2899433,32806207.0,6029794,7606916,3768896,1677467,1851959,31072062,362442,,2604445,72114183,3198860.0,569281,4704506,11889106,860561,10785317,12050614,2952512,498872,1055514,69453545,1761979,1495250.0,1334602
2024-05-09,5180594,1645747,324415,420447,622244,2100351,4433340,,1329957,5508549,32434866.0,9954842,,1010700,339715,2947946.0,563788,88510542.0,1505927,30798238,1737161,110013749,4681651,374440.0,627534,4659327.0,672662,1898415.0,184839,227948,922188,727218,2493335,421057,217750,609021,44413332.0,6397742,427675,449901,9544213.0,24832537,34776995.0,,428405,3889291,2290325.0,8872708,359916,6859041,5272903,2242652,13518876,236469110,566597,1255449,9254139,3597937,5744053,27610156,212032,3456512,170869,1358908,873428,,2230157,4805033.0,4443748,3988990,100297087.0,8821964,5516826,2313264,2433289,5071881,22289547,343440,,528368,1415291,1764795.0,564337,1930064,10207466,251336,36581337,13448139,4518686,581060,866790,49816322,823195,1095102.0,666154
2024-05-10,2338484,771640,594835,1194456,1090399,1354716,5777734,,1408187,3484305,44867099.0,5574236,,941641,189757,1693559.0,326925,45039104.0,1708347,29623035,696166,18073447,2251969,197205.0,1056915,2424560.0,105913,2205007.0,180991,303035,4235387,778479,7412914,434812,284909,853254,36393268.0,9331037,215581,272095,11537031.0,21429600,37077525.0,,491838,2151338,1783633.0,2229865,835753,10986080,8271987,3368467,9647859,87842052,927322,1080438,17306835,3666490,5088915,13326847,180546,3629671,189309,719857,954513,,5984048,2756514.0,1870940,5088511,16823465.0,3464634,4956411,2052781,1662050,1417378,13034943,250168,,435480,1935364,1966596.0,281952,2829466,9400768,754041,10747938,15650045,3136828,924182,2461127,62668607,428778,3430704.0,645016
2024-05-13,3802194,690159,509762,583220,737541,1109148,3443357,,4031899,4174288,34622487.0,2995655,,916461,140994,1474195.0,449838,25990894.0,2321509,124099375,408243,17315781,6465740,496934.0,857657,1856280.0,164744,1762601.0,503571,219573,1028461,986980,11373461,330861,285906,4150758,33670670.0,4236368,306738,406707,15806721.0,18083633,24353739.0,,409153,2094027,1204131.0,1788940,383882,5650639,7863559,1101181,11546880,274070760,1140882,637458,6788695,1944665,5148505,34849038,109898,6320950,98799,1044309,1377978,,1814752,2114592.0,1065651,5077761,19215359.0,5042994,3667802,4421243,1475978,1370545,7536239,222845,,834548,1199468,1376439.0,111033,1650327,9522617,478646,23690751,17390407,3571098,970783,1366568,90443261,206142,1702544.0,931476
2024-05-14,10604057,787781,402589,667560,1032123,1346542,10755095,,6023670,8759233,36942402.0,13880656,,1345217,200688,2788239.0,417069,65513117.0,1474333,41727291,467419,46537583,2288150,197112.0,838347,2999657.0,264669,2438853.0,355350,351198,1540978,1766561,6823208,306920,293352,594737,81765755.0,4739266,178228,386175,23662436.0,80125072,25849433.0,,389764,2064440,2488354.0,1694867,693773,5032310,5713137,1217540,10077263,141611290,1710521,1239017,5284674,3553789,6891476,56855688,233180,9572705,105745,725891,1752103,,2475775,6411373.0,7550148,1779330,49667501.0,12360606,5708567,1823222,2112840,1873336,41316273,1031429,,750612,2089931,1875428.0,130295,4161001,7006006,624144,29503599,20519498,6916048,953285,1423474,187540061,440610,1563643.0,605038
2024-05-15,4546159,1024514,450851,608714,842939,1728855,7571661,,1473536,6430377,39563337.0,5595607,,1680871,147797,3172241.0,522276,28251819.0,4030120,47010372,579027,65581862,12264226,,1961088,4239133.0,238552,2145610.0,289409,243862,1101767,1976300,14759109,302313,302302,1024800,25352094.0,4861329,238648,358867,25923087.0,15971090,20531295.0,,295005,843050,2491036.0,1803424,413345,7942154,3874202,1736945,19058166,267073545,4377718,841978,5127653,2707650,12102681,30683236,149149,6606555,139868,940918,1496474,,2331296,1741318.0,10579553,1819312,25430594.0,9916083,5709687,3775453,2740355,3472090,7637008,749145,,434045,1873923,2323465.0,250457,2257075,6120342,499770,46749274,16643859,2736033,906308,1618271,164000076,447752,1949183.0,674605
2024-05-16,3114321,1034197,321071,777837,809287,5357026,3994152,,1649252,3187392,45743448.0,4008299,,1812719,128749,2011677.0,693473,31637236.0,4281410,126021917,522544,17210238,2852236,278758.0,1431056,10916724.0,204125,2565215.0,243681,246366,1948788,1698127,20732536,381292,158584,875639,27703343.0,5275161,233264,341928,11804857.0,35516089,25549110.0,,241307,1512213,2066159.0,1940580,245562,14082608,6560090,2241159,16921170,128477030,1323454,833453,6998795,2843776,6835689,12596870,189838,2719518,145418,699094,3633387,,3075739,3009633.0,1097775,2284114,15321857.0,6449206,5279773,1362891,8253448,7564171,31351272,640233,,384525,1542237,1647106.0,181763,2119104,7906736,579799,14737096,11781442,2661381,653895,1947709,96063526,379608,3100452.0,453779
2024-05-17,7144855,660823,697548,885255,1377932,2742542,4403110,,1676789,17262820,38843437.0,8293019,,3531254,126415,2790311.0,987202,66722822.0,3898413,72045745,1431133,21210076,2494421,425547.0,1077111,12796141.0,247968,2994878.0,206289,347453,2238963,1367983,8895680,304974,156809,1645799,43470926.0,9685470,219724,770077,39617996.0,27895752,16525921.0,,741658,1619993,6252298.0,4050397,193940,6882411,9609802,2054763,10936408,207520212,2568314,910911,5666614,2578718,28739968,21676972,178408,3573739,157310,572029,2979001,,3928851,3948659.0,4484022,2872323,18659793.0,5601873,5137811,1602611,9120878,1630006,25245178,236356,,539694,1499358,2425623.0,123406,2089085,5813735,740719,19448547,8781065,5291309,551537,1185645,120483812,390797,1974488.0,600094
2024-05-20,2449362,748936,224614,326547,1117677,1759811,4088938,,1582383,2500856,24874213.0,4311279,,1090467,139262,1230111.0,727811,74139583.0,1533135,29942036,349732,12631985,1556242,197009.0,612823,3143214.0,252529,2347154.0,160325,321054,1222109,1093070,8633256,189842,205625,2240141,25420083.0,2848470,116700,369647,24594141.0,15407264,8031341.0,,409569,632514,2586821.0,1854289,147177,5202283,5158178,1158444,7457041,188240464,1168224,888694,5208621,4935599,4323422,30674417,143703,3078997,103576,545220,1875273,,2236730,2167409.0,767655,2211970,70841281.0,4820860,5210436,910062,3772327,1436765,9161063,342376,,565987,1874710,1723876.0,93882,6180342,4709892,501361,13207980,6008948,2891369,497945,1258470,44509089,578267,1614257.0,1181292
2024-05-21,2922177,674614,222243,937427,659894,1918670,8234256,,2178866,3514840,34485145.0,8303522,,1288858,141175,1725183.0,695733,74516350.0,5296598,91075277,1532256,17505738,3930043,194253.0,749760,4353027.0,129227,2969054.0,144882,260115,2455786,4524710,6226630,388836,220279,1054546,23073023.0,8286400,281094,510689,71444473.0,16019405,16695454.0,,290578,1330177,1757384.0,2137242,500270,6449630,32367183,1307739,10983767,221100062,1049375,1024744,11062484,2319313,7667844,28788000,154414,4440073,94492,914377,3133818,,3278213,3017434.0,1958208,1824706,28192923.0,15008564,8293857,3061854,2680076,1418887,17215410,267197,,427209,1940474,1540881.0,128600,2159905,8116315,1374299,15756447,8116887,3582750,1039261,2642016,89503994,393580,1487863.0,841488
2024-05-22,9532795,758488,707744,1116618,2236436,4812621,6055913,,1953010,7363439,76075814.0,4349319,,2645737,583186,1601543.0,775178,48069299.0,1599742,22740833,1446784,27896673,4744406,234746.0,804445,2792154.0,188751,8827545.0,302483,374078,1578113,2155686,11072516,266271,168091,1936598,56767166.0,10458116,602872,1097684,49591045.0,19973504,28972072.0,,497187,2348041,2280243.0,10448213,324042,10588412,11878526,3660867,18841176,280264588,533403,1056140,12024557,8880192,20828859,55220401,457460,5468537,130940,2057731,2717578,,5874563,3541170.0,2773295,1796459,63080461.0,17728326,5484180,2757893,3064189,4048998,24840671,474195,,656640,4211094,2238314.0,171047,6561091,12034478,2104889,43157821,17988109,6103720,509244,4604016,149589227,1074189,3042262.0,960186
2024-05-23,11221034,804182,422711,500464,855454,1578837,11796096,,1440381,5422989,59978110.0,10983314,,2162822,280310,2409573.0,643889,35339546.0,1221625,35181391,342958,21252701,4360533,574483.0,697539,2177305.0,226414,4268289.0,290969,247380,2203269,848106,5623242,248782,246210,1581299,20298470.0,6820675,259476,486744,9564818.0,16675622,15955392.0,,740661,1934306,4377388.0,2205198,349881,6278541,4275479,1904380,34112551,345190110,1490320,785541,6664085,2396689,58567926,49535285,399984,5093272,80973,1176723,2289751,,4226494,2078933.0,1363726,3013031,136516651.0,8895098,6390252,2237288,1557787,1666238,17073225,200843,,453939,2342966,3374716.0,86624,5732153,6166878,1630356,33723969,9411505,6592881,908082,5501718,68463336,434352,5205561.0,796334
2024-05-24,5838366,671225,313114,446463,978652,1471279,8633894,,919468,3996196,42916160.0,3038194,,1670622,187561,1835087.0,734212,30736913.0,2111119,17372991,400117,18748632,1543191,707299.0,790694,3137526.0,121959,3584422.0,373203,251253,2222860,569511,3195752,306187,196444,1081148,10405517.0,4163301,159271,336714,14185256.0,15148768,8153412.0,,388282,860368,3563707.0,1806530,717250,6414071,3160876,1311491,11430338,210793024,462960,3071931,4879026,3183860,25451919,24403146,171291,6650376,104736,614833,1341465,,2282891,1689164.0,1633513,1916654,25762447.0,4025362,3940048,2209493,2267980,1011225,5380752,356551,,384368,1793017,3084126.0,123755,2838042,4951142,974813,34574474,6249793,4196591,699253,2215484,100442854,527263,941910.0,1518190
2024-05-28,6143707,1195933,289090,944167,878617,1359163,14590969,,2196897,4151610,97926592.0,3860230,,1269983,158508,2531708.0,739271,96467106.0,1280094,22627003,491485,15698378,11811350,299101.0,1030503,4777130.0,163699,3345223.0,261929,465941,2763503,1602942,3720004,400305,658069,4045986,60968576.0,4684441,253040,704022,30423871.0,20359945,10905803.0,,458443,1463334,6671097.0,4014648,388992,13244248,5817844,2331827,17967941,327523091,1897882,1441565,8393632,17917948,29869062,36468989,199213,6644384,113878,1251934,1712134,,3596021,2030429.0,2855981,4714854,138754576.0,3237804,4673804,2284443,3188462,1918821,7716088,310843,,773281,1931419,2332723.0,153565,3401406,6435503,1407228,19263403,7452478,2714049,746936,3504366,71226714,260653,1847136.0,1762067
2024-05-29,13228005,1344678,1721529,731100,1416724,2003761,20810505,,2028914,9234043,81883936.0,3133945,,2297389,287219,5201842.0,1332251,33714893.0,1584612,21414189,471028,79851027,8327568,444226.0,1077556,10400962.0,284090,3696832.0,311962,377523,2884045,1559740,5558421,434105,587185,5383605,20500012.0,10002359,442776,1094289,43432516.0,16614446,27058409.0,,576328,877791,1311141.0,2188709,449427,14105891,4530152,4502007,19961636,167372186,1799290,957440,8362750,4171582,31235302,61372760,327633,6634399,110445,1191295,1144309,,2225915,4261070.0,5890459,5338784,50721872.0,3887435,6303740,3115818,2178824,4171781,11146569,349357,,728820,2472414,2682759.0,608318,3482651,24275204,1202258,15463419,20050086,5682346,505177,3373427,86773955,764262,5034789.0,3486019
2024-05-30,7794987,659511,1189170,607889,1441939,5659477,7138514,,1694793,4422681,47795152.0,3572246,,1590981,217148,3236134.0,600520,59508416.0,1360355,85824770,2687254,22305852,2644291,410473.0,1429596,2376110.0,163041,5413109.0,373810,382153,7803590,1951277,3142836,450090,641625,1001341,43793528.0,8017940,325326,893125,37319476.0,23090714,12301472.0,,1535434,1723263,1385472.0,2399041,1519119,15651698,3874207,2366432,11349216,166530625,706261,1127101,5535194,3904533,37307889,27123404,309041,11242180,199710,786415,1998608,,3889309,7081675.0,1938569,3797457,19315320.0,4084858,4178139,2923051,2902964,5053759,21291111,795084,,1234882,2429465,1998978.0,383700,8982543,8993791,713637,19908640,8771125,5362742,2501061,2264579,72121909,665647,1903681.0,1009900
2024-05-31,15345596,5375753,2092107,1264874,6292457,13492495,26977542,,4183291,9214812,82218581.0,7423571,,2528043,1561665,5090602.0,5576486,49747460.0,4975383,64357315,2407215,84857981,8422154,1946981.0,65092178,6452857.0,745926,6766307.0,401982,1626013,5870049,2999231,4644092,425500,804748,1019086,84060796.0,17477217,1597912,1919967,51827682.0,53598148,15675387.0,,1945503,8212273,3419055.0,11948056,1189619,42642660,12582548,11959981,46285092,352448889,5545966,5409280,46204250,15709353,65268120,108537458,1078846,45889218,258684,2381117,5891996,,5500366,6090319.0,10320471,3482201,44051067.0,21586341,13742365,10283288,11687618,9076083,24113173,440896,,3875903,1731857,9707275.0,553083,11629262,20740006,3543597,39358570,38560227,8910563,1999125,10527273,337266732,676954,8492517.0,3402372
2024-06-03,9174943,3828433,1259824,573313,781590,6553255,23275183,,2147969,6750189,47887792.0,6217147,,1070175,222979,1789977.0,1146728,51535949.0,1360045,20683080,2616816,101977320,8660037,311745.0,6044878,4327872.0,179387,2674707.0,125960,262775,9506982,2118275,3965987,603223,359888,3642254,17135011.0,24107699,281937,656917,13342487.0,16041403,12946937.0,,395355,2195181,1219420.0,1992332,1192729,24596587,3551281,3030011,39446998,137984236,4236774,1191225,11694826,15209264,32928592,21067564,1260781,4679846,179771,789251,4137568,,5024001,6578287.0,6128639,1974672,51917083.0,10542582,5493512,1838687,8055903,3543805,14688170,316621,,927242,1635292,3230187.0,520837,2081726,13128203,453390,17352594,7226643,4421622,3121128,1591423,153683368,639100,1592148.0,740514
2024-06-04,10808866,3315009,323971,865446,1843910,3148733,16130085,,1646266,5536266,96266689.0,7667528,,1570103,385956,2589318.0,436746,59374020.0,1261023,25234329,1364714,36647274,4786313,616414.0,2581762,6901814.0,391018,2823474.0,152547,451986,2607419,1073085,4662843,773978,220580,4783587,33131643.0,18355030,277847,515952,16289637.0,22633804,20761709.0,,471910,3067380,896556.0,6924644,636307,30960343,4160695,6058862,10471967,262438113,1020240,799011,10987038,19824252,21335483,13692693,258860,18425334,125301,788025,1703339,,3321626,3286475.0,1524577,1512298,31952810.0,10551353,4061030,2056519,2584760,5441471,15059526,1121366,,1301724,3832100,2065337.0,105598,4776308,28198183,709707,18812057,6745671,5371115,588452,1286672,69280619,839361,1660219.0,864181
2024-06-05,6708853,2328728,380733,1190269,3040508,2714859,9265743,,1815206,8196965,54732210.0,4964372,,1399447,259243,9306219.0,573870,37366840.0,1270034,17627524,877761,35393812,2771041,483199.0,1247884,3543538.0,204712,3719018.0,174620,1066254,5266388,963434,6785018,1303964,206029,1365295,26654418.0,8609959,320447,484941,12742961.0,23768135,10831531.0,,279584,1494890,3189463.0,10793101,306664,18454612,17381275,6956633,10958299,147742816,1008456,1347857,7043107,1998253,19915174,11465503,438756,3628560,141767,767361,2856759,,3306784,4063267.0,2527151,5763844,19116764.0,6948131,8987137,6064614,1794202,2685115,10454373,581156,,448431,1769492,6031762.0,110531,3488471,9334075,782743,18343435,9493724,3512240,654311,1432964,90001063,282373,1578373.0,729840
2024-06-06,1792351,642423,2167160,371977,1008747,5374423,3786400,,1326464,3097352,78914345.0,4904974,,3130355,162234,6085697.0,533267,24191464.0,852294,14398641,1606216,56068442,2361976,384875.0,1822056,2322843.0,194635,4834359.0,654116,422072,1503792,4960994,4908527,912828,172742,3783423,22808747.0,6693411,213548,453419,10436125.0,13066947,13361625.0,,262696,1571886,732714.0,7183981,1086618,34611620,5694996,9406802,14909368,135516703,1363769,768969,3735262,4955926,18955644,11283013,171103,3210545,114797,617509,2369249,,1969723,2027575.0,1940662,2119324,19410821.0,13822481,5922602,1547188,1841582,1447931,8822394,420660,,1509782,2117619,2163396.0,77575,1408836,5181812,387025,27497442,8997966,5130037,356928,1261200,119686391,211734,2146628.0,577521
2024-06-07,8255628,759646,1826612,831811,1025336,6678014,9681918,,2907425,3301533,96238708.0,2396694,,3315796,368500,4132321.0,501779,28556083.0,3403569,11623569,294947,43027011,2999387,238272.0,2702006,3070382.0,119689,2776412.0,226762,449980,1359006,1474549,6676769,1100712,204455,4665661,26382699.0,6977567,236597,883020,10097479.0,17531587,8252946.0,,476653,1913556,1651766.0,4081096,573038,9877037,4889664,3360286,29005354,116265881,2321054,807645,7493181,2192546,14067063,18510630,652057,4117338,119401,1026299,1753439,,1634216,1741737.0,1763013,1906336,15420780.0,9933172,5417540,1816029,1363676,1605154,12774048,293436,,452850,1258056,1818222.0,81508,2539266,16341938,668026,45977011,6723036,3959767,1381553,1666412,71954137,317186,1548558.0,829694
2024-06-10,3705194,578446,731513,565604,944774,2274159,10231742,,1555931,5144757,41892783.0,3026316,,1472661,118534,3495521.0,986658,31405955.0,1097363,17885585,338207,18680228,3033235,611548.0,1873329,5306655.0,109531,2883871.0,250707,363611,1011601,4709579,2633911,2411315,235747,675707,12245909.0,4498322,175673,359738,14788234.0,19224837,9798301.0,,293503,1067523,,2757075,222741,7935785,3760427,1293938,22073530,157631432,946145,1371055,10137991,2749172,11406808,25612036,266574,2800457,139353,1023771,1331989,,2749842,1215322.0,1810931,1265451,29278150.0,6221633,5525771,1188209,1787792,3447192,12221002,308421,,617900,2146203,1638265.0,97837,1592916,6531328,715561,16720602,8977206,3522972,2111945,963157,110889294,339933,1327768.0,598024
2024-06-11,5493727,3663191,513751,1228682,1438394,8664427,7991651,,1720592,4358625,62590795.0,6334505,,1684923,232278,5499379.0,525228,36666931.0,1375370,14547610,656415,19421512,31034834,352366.0,1669402,4746249.0,156776,3090763.0,169993,265033,1308742,987294,9456142,535470,208228,3574438,47231218.0,20843358,360418,843977,18583512.0,22207081,9531709.0,,439557,2239751,2285065.0,3195164,346739,7892055,8562806,3912265,23604619,166452852,828934,1250497,9850999,21402827,14340470,54090329,277850,31088146,107150,1023861,1599906,,3029317,3411502.0,1639960,2448394,72423922.0,15124094,17653831,1101147,1934984,2807130,12985012,448412,,759734,1914461,2076558.0,453479,2917457,19591275,509502,50239548,8545493,3483159,1313928,1392237,91297027,424827,2414820.0,1098361
2024-06-12,5159133,1577318,456260,798314,1462369,19065630,16237589,,3288083,4021575,130991228.0,10329499,,2114616,417030,4932237.0,448017,24703041.0,2661604,19569965,1484260,15394905,4609175,370150.0,1049270,6509232.0,210476,3896280.0,253021,226326,6021350,2755691,2783221,707132,192320,780930,39054281.0,10253396,304405,784530,36720091.0,18165743,9860216.0,,785685,2220962,1757202.0,13386582,1101314,5187743,4988225,2964846,82239835,254086293,967695,1086383,6398426,3767288,26673886,46970669,555549,41536163,189850,988027,1816228,,2757351,2748881.0,1295947,3266029,31182621.0,24608437,7335387,1176093,2609725,2405261,16206847,418340,,2329253,2218207,2762673.0,189885,2445616,9789689,662945,26601314,17460633,4569192,1180276,2052282,152874144,454532,2119649.0,634418
2024-06-13,2802773,1456630,625676,669231,1049658,6508036,7141904,,2266844,7481512,91990995.0,2978887,,1397010,367936,3374456.0,418476,34613400.0,2303726,31727698,492331,68398553,2220571,337724.0,2513463,5826906.0,180142,3275804.0,148465,273667,1104634,2134672,2587977,470691,302820,903053,21127391.0,3808061,179333,1698684,10422293.0,18065040,12265913.0,,322187,2534520,1086714.0,5254363,294547,6290015,3319951,1602301,57892300,94191527,1155082,1367847,6520823,2872598,25778208,25639536,420112,3271486,157772,1410002,1156912,,2686896,2108497.0,1373494,2673142,25356193.0,5049656,5520228,1215559,6036946,2690694,6430750,1271565,,1084726,2864700,1853498.0,136714,1256962,7249818,973098,12990470,8940665,2755460,772610,2231734,125883045,429053,2248998.0,811477
2024-06-14,2274510,764561,392939,960270,1037762,4637105,5214314,,853710,4871535,77082657.0,2678196,,1503335,292283,10923076.0,640891,24629988.0,2535999,53401620,497274,30138355,1920182,348572.0,1033161,7218029.0,103739,2763551.0,191339,171118,1227773,1095648,3409995,524145,214402,930148,15876698.0,4229887,199146,1067873,15521597.0,25618242,18430929.0,,367104,1434406,1210097.0,2365817,245558,9240266,4359638,1170882,28942641,162745999,599618,944328,4411568,3391702,13881314,15037419,338100,3268976,214174,906530,1957472,,2455864,1545429.0,1493679,2616917,19594181.0,8753664,9259957,1246139,3345759,1377785,6821729,596982,,553682,1652299,1719055.0,157938,1976738,5632866,1046699,27354671,9975350,5058630,745077,2408088,71066044,549386,2930707.0,1062153
2024-06-17,1949448,660126,574340,894850,1468074,2767315,19656519,,1122267,5146827,79510265.0,2870033,,4061332,341830,7904440.0,355008,21606961.0,1673167,40023568,384395,39938703,9497166,458867.0,1233297,6287719.0,77870,2788747.0,281494,261637,932099,2668203,2353078,545291,379377,463036,29378344.0,3788234,164551,819030,7849729.0,14710012,18012889.0,,237896,998291,993945.0,2393987,238727,3401506,6102395,10343056,40111637,99062882,1095379,364528,15665999,4635622,39446231,14622992,165911,8430100,124826,539088,1693117,,2411144,2237360.0,1062395,1422724,31122367.0,7382930,12203259,961798,4774373,2680198,5825941,495417,,693957,2569114,2291655.0,165905,3841482,14518579,993869,26880350,8041137,2534808,705100,1892019,98602229,832411,1840555.0,795413
2024-06-18,3606011,1180411,1037975,1338183,680642,2336364,6019926,,1604675,5679351,58351028.0,3688030,,3697955,381671,3179785.0,1280732,32364208.0,1248466,33635567,979307,18966470,3445185,810586.0,892734,6169287.0,496745,3229309.0,195760,316404,2156004,3363317,2358148,745198,184848,807935,25518018.0,4665533,492173,810009,10800650.0,25427180,11765092.0,,362332,3112038,2704190.0,5581459,335350,6985036,7749870,1694210,23095743,102463660,936422,1513579,12079996,5341588,33498664,18621242,420421,3241642,158838,695612,2456205,,2619688,4006972.0,946866,1399980,15613502.0,8359850,5705184,1174258,3096758,1065142,13056799,657566,,1182864,2395093,2502590.0,235104,3254207,5504169,1135632,18125671,13002720,4372594,554576,3594654,67323052,799267,2244520.0,1511793
2024-06-19,4913855,702378,441467,500401,1341080,1350797,4006201,,943032,3875665,34889006.0,3212276,,1421620,597621,1998836.0,425284,22876709.0,951306,24088070,634575,28345517,2517575,287335.0,375093,2384500.0,76175,3955921.0,301075,411857,1026446,1350351,2088094,519274,146603,515059,30792941.0,3034402,256668,564759,10119962.0,15842521,13331988.0,,175418,1608060,2020056.0,2143964,361986,6196896,3315381,1641608,26847788,184600116,536869,1125723,8103388,2560097,25074140,8694300,180885,2177997,94266,1303886,1709212,,2245587,4478414.0,1213456,1385584,10991331.0,3643077,5049346,1311409,1975563,1879585,4334965,1430797,,497115,2332482,2066968.0,153243,5764312,14489344,640134,7626231,12615381,3022960,580248,1852686,74385058,687784,1293867.0,559976
2024-06-20,3065591,1282116,687605,844430,1501192,1550088,8631968,,1559325,4264404,78618616.0,5190072,,4016715,394552,2597018.0,467319,49565069.0,6158532,23865552,571745,20339861,3658998,546385.0,863069,9724005.0,135326,5469187.0,621321,502039,1708329,927898,7448883,744477,283618,1239000,26694426.0,3916050,318211,825788,34544646.0,16016072,14359033.0,,331128,1954339,1066285.0,4683359,218566,7129677,13528450,2393935,30536784,179094450,1489652,1061501,3936141,3937305,17482605,36604533,171019,18887546,201479,2004831,1516479,,4440815,10490145.0,1037370,1642325,44742966.0,3653755,8470245,1756480,5894911,3641207,9209723,1086350,,563353,2148786,1525014.0,142720,3139283,14839073,424486,12831058,12020607,9181522,847090,1839570,80709044,677758,2609162.0,947656
2024-06-21,13818591,3260223,2635012,1461600,2694405,4034416,13766914,,6183289,12801985,85228878.0,9550115,,4435441,569601,15831751.0,1101599,86474396.0,4762845,33540311,1666032,47524579,7013258,971653.0,5717559,12120818.0,342713,8019175.0,619053,2472014,13295237,2591232,8446048,736993,1984306,1335938,73950723.0,16605898,646190,1514800,45261862.0,89803626,45836007.0,,741628,8853559,4108393.0,5721233,741238,22373112,12008805,11044034,60446283,246172446,3790931,3733261,17917644,10007890,24874399,134567756,608349,43101669,277103,2008890,3367007,,8855844,6924564.0,3188192,3434527,55391480.0,23230298,17933112,4782000,9202195,4735194,24287830,1462890,,1135561,3066057,4837313.0,279462,5945560,15829077,1344225,37516695,20918480,8930364,2891918,5192191,107345940,739795,9605157.0,2382170
2024-06-24,3003707,762073,457643,1165907,1354824,3699239,4123990,,2752680,3743238,50595956.0,4057922,,1058212,264788,4849974.0,706590,41705397.0,2296539,20866115,415274,32296665,3338282,288486.0,1380333,15711431.0,134223,2684832.0,138922,247007,3516836,5390502,2990417,571984,231438,605133,45684622.0,18591253,312612,1048875,41010115.0,42754421,10266815.0,,520194,8568400,4060247.0,3554477,269054,8290314,7462499,1238062,62628374,104466620,662929,1350247,6040782,2785347,14061313,36754186,343998,4594642,125067,622275,1069699,,5026520,2367417.0,1290898,1390954,42204102.0,7090012,5084240,6773670,6680497,2616638,7487402,628619,,721109,1953773,2050330.0,115592,1221151,13672585,693988,20584068,8032109,4470395,1445937,1597840,55421678,363742,5658922.0,442253
2024-06-25,9939910,3011792,894520,2351554,1011662,3005452,8194611,,3545029,14831435,62344856.0,3298887,,4422346,779696,3010514.0,473074,32854319.0,4964920,22166883,1429371,14893606,3851106,307112.0,889475,7992420.0,126736,2638382.0,160125,1413828,1511735,6279118,7321337,450764,255457,649511,21870933.0,9780496,252437,728121,33113457.0,16325290,10089486.0,,259684,2803081,2837375.0,10004546,264116,6672966,12461421,4419674,35672226,98819622,1934670,1681263,5033644,21375835,10194338,17518500,667606,9657748,122390,728394,1611942,,4770481,2036443.0,1569801,5154337,94495842.0,12489208,6037319,6195094,2785104,2128015,8067392,849078,,566221,2119562,2048774.0,128978,1921640,3293485,2395142,22866498,7723964,2698041,414742,3462040,55528501,466932,2938010.0,1378757
2024-06-26,6034261,1700002,864246,768455,861184,9418263,7601070,,1440176,4826686,86932141.0,4066299,,1485765,363683,3569850.0,1003160,26737597.0,4934532,25620400,596163,18316767,3736180,336189.0,1228583,6615624.0,191869,3459896.0,360788,296175,1882400,4144821,5760166,585483,321795,664422,30074222.0,5248815,689940,887796,16917532.0,24355511,21789697.0,,301878,1441996,1781744.0,2746853,532347,8592571,12022038,1990652,19019803,317766913,1016972,1213228,5910381,8114568,19046059,51836672,248664,7467200,129386,774283,1619832,,2470461,2024430.0,2064804,1496757,41719977.0,12735911,7648785,1425785,7155029,3278422,10698575,1635411,,542051,3046509,4360702.0,590405,4146512,2755397,1391337,30527914,11992495,4101585,617144,1368717,81910537,630068,5892356.0,1520723
2024-06-27,5416122,1669265,531205,534142,664763,1785686,4067050,,1001890,4618231,55243693.0,3110623,,1867045,278027,3318879.0,737592,20914870.0,4740176,16798171,386840,26597310,2142215,308930.0,978249,3617853.0,132642,3454618.0,223700,427094,2743526,858584,2834863,684658,284713,376008,17226331.0,10696974,440341,1322039,15246387.0,28742324,9669449.0,,244323,3176586,1837632.0,4410353,432381,5403232,7597359,1460610,11396061,120670478,1159215,1883355,3065192,2960590,8152529,16878576,183677,4214423,115362,540090,1099331,,2571616,3090752.0,1541908,1104376,17818588.0,5823740,5750597,1379679,4052575,1320441,6831851,1659655,,707641,2465900,1988922.0,122436,1675826,1899605,473270,29394724,6058607,2821240,757125,1214890,88122141,1581777,2436950.0,826773
2024-06-28,3131144,1440315,462584,633451,666462,3980953,6538092,,1225943,5491556,40264979.0,4442693,,2022668,210265,2201713.0,714201,34507960.0,1878848,18228286,402696,23037421,2825299,517650.0,2492559,3152387.0,138911,3652930.0,266048,528290,2775763,1330906,3660568,671543,308250,524689,28317987.0,8074723,414106,951276,16223297.0,24405412,9420788.0,,341228,2847371,2227987.0,2568964,378625,15103822,5684786,1452124,12362402,201729056,1034308,1144362,3883925,3097949,11848623,21949705,263884,2044926,150587,747063,2173769,,4370401,1610436.0,1444347,2785534,34208677.0,9576209,6828624,1522441,2185061,1867059,7501581,1471831,,580710,2114953,1745776.0,121185,1937991,13264080,465921,48008324,9526581,4603009,1084570,1535011,58666029,1275247,2391413.0,1105451
2024-07-01,4849419,688599,318468,540660,663590,1678407,3528460,,1123384,5755609,39103981.0,2434684,,1739945,500080,2738196.0,514319,20833173.0,2516115,17357796,412192,16320712,4968680,363574.0,875065,2871870.0,110688,2662847.0,235131,257841,1777418,1910691,6691348,481285,207182,282293,30479112.0,5861498,429135,658038,15911424.0,15905058,13009106.0,,404816,1635048,904783.0,3201712,270493,19098426,6311785,1928988,11643579,129712755,810966,1133625,5239711,2864800,7441560,15535781,230516,2963302,119089,1522491,2348808,,2421009,1645842.0,1411300,3344683,20244679.0,5942112,8400851,1087477,3197155,2244328,6653438,1817527,,519296,2440962,2551696.0,116989,1353996,3111479,399849,12179291,22943757,3826207,398608,1999605,55924542,771895,2081699.0,887766
2024-07-02,3452873,570556,390024,737829,790944,2722905,4674907,,1577419,5765652,42471582.0,2786758,,3796303,249829,1968468.0,693966,28157656.0,1715429,19959603,461220,10181762,2761546,479568.0,1196491,2537369.0,145291,3746971.0,374772,437856,1506945,1135156,3394092,722883,267192,365430,26294860.0,7042481,454027,577908,11763135.0,17448210,11992473.0,,309419,1314460,1156068.0,3510928,334167,7570931,6675307,5098283,11356089,194390185,765320,1058494,5248471,3087127,13914678,21767927,317129,2924319,167718,1408586,1606528,,2286546,1632338.0,1096743,1576528,24082607.0,4384806,16546319,1067767,2114078,1760798,7651209,6107509,,537615,2798180,2164235.0,112088,1689679,4531589,743386,18293343,16423125,4740873,822460,2989859,63417139,459871,2231189.0,980106
2024-07-03,12898938,1933846,563125,936270,784617,15238215,4783973,,2172456,5657499,47996480.0,2587246,,3782528,407554,2852037.0,663226,40487574.0,3563243,17612850,2975982,41034776,2002055,435077.0,875691,8007563.0,217661,4979067.0,700435,302950,4329036,1677180,4176532,483350,848935,1262041,57688916.0,9870467,278148,459507,24939269.0,16403286,22276223.0,,184894,2055111,1645784.0,1854656,426005,35652019,5152919,1086607,18406867,323106648,1085511,1685319,3743895,10967229,14255267,16793041,842916,1822792,177882,3639223,5899782,,4026067,2005886.0,3579352,2405013,34330227.0,5957961,9762853,2851417,11525222,2328138,5149369,1421368,,1002633,2110813,1919964.0,455789,3715194,3952674,519494,12350120,8990718,5674019,1418849,1935639,92237703,1279601,2497975.0,793616
2024-07-04,2266686,601395,281348,517119,402318,1394235,3861967,,1130254,3527673,70585662.0,2255788,,2073278,123598,2065322.0,744935,20860189.0,1185613,12846654,291934,9849269,2144316,344434.0,292865,3406243.0,97993,3086286.0,198735,153540,1452014,1507047,3988113,592623,198577,370919,17149958.0,3952157,213042,575714,9727849.0,14192578,12022004.0,,159813,1006790,795050.0,1828158,166964,7978148,4581896,866293,12942780,154028902,832278,1158191,3575151,3324664,9792207,11649920,186325,1432870,149071,870800,928525,,1854391,1201137.0,831780,1608710,10827260.0,5145462,4242813,1696747,1212462,1159758,6801590,915934,,498650,1792200,2508427.0,72842,1329735,3230673,528206,9301295,6029225,2773016,549136,1308429,36817580,678766,1485935.0,582459
2024-07-05,4094955,625782,376778,780726,543351,4978262,4308694,,1079171,4211061,62764166.0,2493310,,1939798,332065,6132031.0,773347,68684950.0,1524450,13739924,4187798,20336758,2107183,225103.0,493957,2357144.0,140240,2482497.0,193214,3745518,12771249,1600718,3032791,525294,163404,784751,38929834.0,8159309,202453,630353,15970956.0,25225180,11370305.0,,362640,1237339,1501531.0,1948421,806978,9655219,6688349,2151945,12193275,302017954,1658136,1690732,5260897,3233655,12622809,20949543,118808,3464490,140112,1502599,1191843,,2064471,10915713.0,1128948,1767493,9892614.0,10992636,5174701,1671350,1451913,1550288,6609096,24090785,,567793,1966555,2029444.0,547526,1874904,7842794,856780,17150899,22655150,2897535,2277452,1718062,39779841,526046,1866095.0,805753
2024-07-08,2048477,633669,530500,1044734,625501,1436055,5169582,,971467,3555415,42154602.0,2522621,,5536970,142040,2668695.0,619600,33327293.0,2704948,15565142,829599,14050254,5002754,236591.0,695726,3393952.0,233260,5368691.0,139592,1039757,1768090,841091,2865149,330127,261248,466393,26041110.0,9936469,162285,894636,12450667.0,20154307,14706248.0,,263759,1819214,1306605.0,2224227,220243,8399085,10507382,2221016,16500435,156999918,753500,1687404,6654006,2772029,12143230,40669283,850472,3414869,92283,993517,1320156,,1819421,1497211.0,1467569,1522350,33111645.0,4093872,4562944,1385362,1653430,2022640,6900136,1363383,,500924,1956658,2291035.0,147387,1768842,3321163,1707034,9898275,13271157,2202968,1139115,3259125,55631588,355090,2800721.0,565115
2024-07-09,5532448,1166269,404015,560412,1466936,7748875,3386669,,1177058,7467069,42282199.0,4470024,,2061683,208995,4132343.0,651041,94514575.0,3067176,20956173,497179,20390873,4079174,251363.0,641732,10156781.0,180018,3727087.0,159797,329727,2733727,1056480,6993503,408887,876937,4364449,104073814.0,4954956,295024,578726,15962204.0,26277635,15891713.0,,332607,2019433,5065229.0,2676370,270608,13565126,8229352,1068541,20490334,176111990,695324,2312640,9461677,12810669,9912451,16608144,542135,5258392,104576,996106,1740193,,4052077,1869306.0,4383218,1425354,115290022.0,4224603,4236358,1769863,2040167,1920924,8345319,4547186,,725795,2439738,3676035.0,283710,1594184,4820571,939993,10167948,15575373,5053117,972556,1480095,65847854,358714,3272010.0,4044249
2024-07-10,2223407,942192,508833,924595,579283,11126783,5708928,,982633,2575288,37845061.0,2404292,,1960641,215482,3533054.0,850235,59103197.0,1560406,13090021,429523,15074852,4884930,1130234.0,692010,2438192.0,131130,3284112.0,164815,385464,2062370,11555960,3256399,428412,1188333,3684992,13115139.0,7880630,238206,487134,8157779.0,21761228,18448498.0,,269486,2061002,4458144.0,13094024,706471,8098557,3804254,2577563,15518364,85646094,518315,1189678,6852044,3021143,10979643,29355218,688688,2690077,108400,933797,1021520,,4738972,2778544.0,1422742,1762231,19012165.0,3800738,5054258,1539773,3168836,2054774,7423656,1993607,,464591,2009233,2445892.0,327708,1607885,3197398,730010,8074593,7395217,4927222,1088910,2100593,95958747,6170066,2326186.0,3009488
2024-07-11,2239192,538357,434656,903422,518350,2149783,5833289,,765771,4099519,39455797.0,2502193,,3031624,296030,2675583.0,476112,27230410.0,1171379,12433054,672829,16963574,1988909,322398.0,1345841,5765332.0,296126,6702105.0,239670,545904,2443021,781522,4957605,493593,237467,924008,16335902.0,5079140,264953,628960,18146637.0,12428210,30197475.0,,235730,1205020,1078348.0,1521257,199128,9841816,4602588,1051232,10093829,101253674,882785,2053956,4401744,2101577,9709052,14208445,293643,3619315,121894,752820,1759131,,2779741,1954155.0,568572,3446703,7831108.0,9203986,10115569,1566731,1542077,2310591,6834968,3176721,,407322,2081490,1920101.0,130143,1724924,3394180,1634253,10219256,12417358,3429410,1157201,3200324,47102749,274547,2881908.0,557950
2024-07-12,2257501,275897,582816,501611,836130,1826733,8174642,,1054328,3390779,32863299.0,2391689,,1248693,213282,1596094.0,427230,24153584.0,1213674,12531056,494727,18179058,2222383,322344.0,1103153,3400092.0,124172,3259930.0,171171,260984,1051173,765210,3674425,306872,302525,1728974,19191626.0,4415694,253989,449501,6900814.0,10681797,26605150.0,,231177,752185,938617.0,9577887,147266,11216308,4579061,1337372,14041248,69605254,727995,1120470,3511821,2610598,7808591,16413881,238108,2834106,110513,1330530,1607812,,1868553,1999282.0,621577,3803409,11254760.0,4720446,7420026,1977842,1555683,1095700,5102397,3813152,,469314,1806293,1954517.0,174350,1375639,3540523,680383,14951071,18738510,2912343,730835,2368294,42445604,359359,1693994.0,639440
2024-07-15,3338391,726125,881134,991412,523856,6318372,2385976,,1097590,3384191,50879577.0,2322397,,1969294,165966,1960137.0,240388,22978638.0,6814213,10824999,871961,13689253,1788643,366816.0,1042221,2999464.0,288817,3546442.0,163516,211387,1052667,642827,2091572,333687,396644,519975,22878945.0,4715333,351679,1494551,7028890.0,13534070,10671393.0,,231978,1733515,1716139.0,1656246,171311,9334213,3424604,1110122,11898940,82739750,1287544,1026512,2958535,10364052,4769541,10469729,474230,6322140,101937,2310310,2246120,,1808767,2711499.0,680880,1235241,12177517.0,3550273,6141224,1043145,965226,1309049,5243588,3021932,,441046,1333359,1987450.0,955481,4912018,3739520,350120,11506729,24852888,3603832,497378,1338132,66768675,837526,1183819.0,482188
2024-07-16,2280452,986184,261747,2465514,1049630,1895933,2336466,,925600,2738578,39118646.0,2458813,,2080521,150208,8465802.0,674183,23748366.0,4226109,9281594,360988,14721714,2095403,299805.0,657230,2005415.0,157399,3188382.0,311616,1066719,855905,1148907,2530903,1688959,755082,576296,20198135.0,4144489,209146,645153,11305827.0,14160736,11362165.0,,192159,1563984,1475929.0,1795593,179811,24948184,14688569,1113558,33744969,76128129,776402,1095929,3498775,1789461,5990586,11785154,237272,13934654,84327,814061,1444424,,3651271,3193497.0,1215036,3581051,16247274.0,2447164,5078367,1278176,3010192,1135994,6915449,1757657,,441094,1293054,1281728.0,222344,1662731,2371230,1728505,13011920,5297662,2353800,413677,2275475,67131135,332294,4121208.0,789480
2024-07-17,2872742,392618,321403,791425,1485440,2317041,3156893,,1658263,3201063,58691836.0,2940660,,1713536,144123,3267413.0,610780,21130713.0,3551686,19917372,381544,16463984,4079955,318938.0,1339360,3008017.0,90638,3682124.0,260006,399470,1221096,724984,2516561,693535,280423,885164,14050190.0,4555730,238317,516182,7609485.0,12892719,12422457.0,,301155,1346089,879711.0,2293300,298322,8757386,3726592,1690652,24935988,73138654,674293,1417015,3690345,12050004,7480212,13007298,396845,4126076,143883,1367974,1405650,,2906790,3126634.0,1376439,1296222,29850094.0,3479341,6394576,1549389,1120191,1558872,10335800,2644210,,490425,1962865,3091841.0,156525,2483939,4855922,692111,31080099,11423480,2833994,513835,1212225,209583045,725878,2463466.0,2568853
2024-07-18,2158615,614447,374948,983779,998564,1631836,3253446,,891088,3037879,30816784.0,3578844,,1850620,181913,2408861.0,490581,24358024.0,3310177,10566704,357806,11093045,2650416,457743.0,990633,2488027.0,193213,2053284.0,279583,277485,1317563,1422234,4652198,553758,1532798,373470,29144703.0,3550286,272974,498307,10298281.0,13433977,8216047.0,,286840,1956190,1003024.0,2318682,212794,10357099,2513360,1633965,12674241,123711870,706721,1128846,3445176,4421830,5809849,16364928,166642,6084708,166218,843210,1594398,,2096886,1835861.0,757996,1774662,20595309.0,3047828,7140277,1800768,1372173,1870510,6299691,1590186,,418859,2122116,2043612.0,299125,1716694,3214326,451596,19339842,8708207,2766064,581863,1313109,37516815,346679,4973536.0,433821
2024-07-19,1826925,411132,531476,584581,931852,1602878,4098037,,985408,3696977,26127466.0,5296351,,7728689,218845,1749630.0,400009,23647860.0,2496626,21775402,417666,15632609,1940536,279252.0,703706,3418051.0,125832,3205121.0,575026,384711,1538040,1024835,5019496,794432,307538,757457,31017860.0,8979300,214818,631044,14282444.0,14701079,15316029.0,,291364,1564202,2052176.0,7463249,318476,10349034,3570860,842421,8923477,99192792,1418642,643692,4133015,4406618,39070612,10549199,188039,1829055,122134,625550,1719090,,2398857,1761584.0,1361493,1682934,66891520.0,5792570,7398401,2077804,1410158,1893556,9741766,2794541,,401455,2482076,1582465.0,1021720,3604457,4724739,576421,10216174,6592028,3148250,410171,1242535,33191240,651471,4461558.0,675510
2024-07-22,1963798,1034755,516580,707450,856703,1830212,3595098,,1926468,2504304,26026695.0,3727112,,2286262,203412,2387686.0,373368,32925599.0,4052954,10905765,508941,18569635,2322315,268951.0,427478,5246808.0,169414,1960009.0,267282,233241,1835371,3913207,17358786,500860,385132,620874,17066639.0,7106954,278497,532014,16728481.0,52466189,36426888.0,,317227,949658,736405.0,1669835,270733,7010772,9982382,5101940,21413404,266395315,501699,813500,2940075,6696145,20995283,21384421,787125,6690313,109420,650060,1518854,,4820937,2618932.0,1298494,5839901,13013154.0,17958113,4500725,1016894,1880556,5277245,16404097,1115554,,523078,1930116,2136739.0,531720,2153229,2287893,396873,7915015,11876395,2985478,513434,2379439,30217586,485104,2343292.0,811298
2024-07-23,3258988,491127,611661,1532320,682537,2909152,2554594,,2173585,4052375,25145346.0,3963648,,2122411,176292,5701087.0,563133,64027598.0,2082286,11647975,346505,29248433,3902396,312551.0,1029860,2177224.0,203528,2619086.0,400499,362957,1743025,5132065,6823468,638098,767738,410640,45562205.0,7683872,280702,503811,20933080.0,18838202,11746518.0,,224946,2035816,2017475.0,3032147,300792,6241037,3063815,5105897,10840017,175542241,602843,867933,4390830,3124110,17613206,15843945,899380,3264470,151522,654390,5382780,,4457574,2641739.0,7259083,1399043,53930929.0,13153569,8645058,3304152,1646078,3913239,41499454,1222385,,1204233,2243165,2389345.0,433334,2161089,6030205,285354,24617223,11510798,4128754,546059,1761494,76679000,459855,2011817.0,490178
2024-07-24,8532380,484582,325746,712072,836865,1623960,4289570,,2043292,3514124,41895286.0,2761994,,1933585,199740,1994533.0,281311,24766718.0,2470561,14321344,328914,17686881,2469115,139687.0,1122554,1921278.0,138771,2382318.0,181142,324597,708878,2326279,8556386,331726,159434,817472,12308896.0,12150266,163119,462833,12089061.0,45977434,14581728.0,,295032,785128,3996473.0,3786540,358871,5829193,3815301,2624265,14241825,115546240,539979,1003452,3144837,2430121,5577894,16892731,154302,3455685,279014,711620,1200294,,2505707,3049269.0,2052513,1041589,20703697.0,5825870,3395240,1305923,1105277,1482397,11312048,970847,,466522,1431239,1741131.0,145333,1703200,2785671,280736,12812039,12353816,4534193,1741149,732712,46478217,584223,2362980.0,562776
2024-07-25,1993860,2273119,1556964,970002,912789,1162570,2963126,,2390645,6985527,122205338.0,9978017,,1386105,137057,1617331.0,349302,18153449.0,2655310,27225449,556192,44078216,2733524,300985.0,573514,6562910.0,333872,3148140.0,215753,500227,1490537,3981017,11822314,464594,232961,1577908,16954703.0,8388824,199208,495041,14322852.0,22066428,15051535.0,,298227,2301334,1592305.0,11209273,759517,25633254,7006473,1330414,14118118,233616653,2296440,839918,5102119,8089134,15775862,19097345,461618,8986475,501360,470631,1597419,,6628257,2820657.0,1197274,3517439,24114705.0,13931848,3413278,1260543,1488750,2553111,8122931,981969,,359572,2360465,3393761.0,604654,1768204,3493138,446680,8202402,11638781,7887024,1035625,938302,153582039,542005,1854553.0,1138792
2024-07-26,2711034,316041,293307,545162,582320,1156516,2399027,,1499050,4234917,34080525.0,4832574,,1560548,159039,1737766.0,798039,19286977.0,3828963,15519344,375723,31593289,2203174,217799.0,419081,4285301.0,268092,2400071.0,254045,230303,983844,876970,6513246,343711,156452,576713,10692393.0,5189598,216925,402873,11126991.0,16601051,10944280.0,,271964,933495,1089679.0,1468090,496455,6812942,4183915,982287,13106639,140446548,659159,696675,4157385,3369102,8603351,40561517,413694,3849193,306922,639805,1135842,,2272199,1837863.0,1646592,3656998,24148486.0,6040909,4018354,2314547,1662140,2357024,4999091,611702,,370652,1257701,3601344.0,603488,1586775,2805348,296025,15946792,20589888,7728879,5367184,1662504,67952538,1013346,2170911.0,388811
2024-07-29,1359615,284363,695830,294154,562828,1202508,10336595,,3333384,3934522,37775372.0,6384914,,4329617,139768,2431596.0,292479,30170740.0,927423,12803608,1101001,71280490,3755533,423685.0,496260,3910669.0,81479,2514282.0,243583,178933,8546871,645961,14091354,620463,235114,1022339,61414456.0,4072719,212330,694491,9997320.0,38714477,5794470.0,,205943,994238,1027812.0,1125592,374692,10101774,6030920,1738029,11600913,173073957,428073,533093,4430196,3028341,5775131,22055006,861925,2095582,147066,845301,3227790,,4914445,2015817.0,3453606,1217571,21256982.0,5374815,2781263,1194843,1990738,2574774,3227948,845755,,304659,2090199,1362217.0,61858,2538181,24377632,509376,10442507,14500064,3086614,1911411,1448254,49015474,676779,1056096.0,430334
2024-07-30,1607518,1350358,370381,427923,1526725,2041586,7841044,,1485800,4233770,27716677.0,5499515,,1449704,161988,959777.0,379045,28709940.0,1684368,11771072,270544,18764600,1973783,560288.0,685007,16898458.0,85161,9276148.0,219117,236343,9021474,787953,1692088,666615,228383,1801069,41022298.0,5901381,231659,837522,14029993.0,27722884,16603377.0,,228286,1229883,1476656.0,4660897,328678,6890642,5131700,823735,11542246,177951229,978573,719473,3862097,13550596,8692626,25333597,439720,12248704,127691,1044849,2879392,,3299608,2085022.0,1559705,1303902,12519886.0,5546143,3157299,1046146,3799748,2263367,5931450,728068,,944713,2020158,1877742.0,98999,2148886,11499034,315724,19476095,16764247,3300133,2405081,789256,47946153,808089,1503415.0,604403
2024-07-31,2549369,797316,449362,843629,895517,1560123,10111637,,1591105,6120668,67449383.0,4926594,,1748785,296559,2066329.0,551640,55453062.0,1907307,15023852,659904,25029195,3266261,412733.0,683844,10836562.0,145647,7107554.0,316561,500506,1834177,1930432,3469029,482767,210525,819381,30546353.0,17160571,384000,913011,15397270.0,56216682,22826049.0,,727099,2134394,1677590.0,2125315,302424,10199854,6228917,1563494,22221399,164947185,2185381,1247503,10335523,6337346,16306873,13922240,582906,2773838,134185,768706,1960851,,2647980,4227731.0,1616530,1655688,16291040.0,6177594,3176023,2071699,1873156,1988540,28006768,2721941,,575785,1761396,4218308.0,141607,3783263,22068706,628078,16269206,19537454,3970331,1247636,3634762,52084419,1405399,2362585.0,781579
2024-08-01,1416017,2591415,384263,485458,1483092,820838,3158942,,1109028,5809365,70189217.0,5661586,,2192316,183846,5507177.0,334132,20946819.0,1429854,49411630,352755,19625393,2794913,234692.0,617635,6362458.0,87617,3518058.0,263861,347778,1936520,1054371,4521421,571063,287859,690338,26967591.0,11375014,384445,312973,14482705.0,32965480,16883276.0,,413306,1126991,1261753.0,1881613,568166,11763713,6577045,1724117,15361666,307162236,1761390,1927776,3820295,11514481,7526678,45969739,559453,3258607,155866,894954,1386689,,3147454,1701348.0,1483895,1671179,62248492.0,6002758,2727200,5558267,1449425,2258023,7278177,1330335,,432739,1878415,3454670.0,157937,2251707,5617091,477737,16552518,14420286,3038728,1754704,1700093,41617888,762343,3031400.0,1173892
2024-08-02,1777407,823521,503023,896079,1060170,1843768,6503814,,1677158,17472351,79681248.0,6736469,,1917075,287049,2255686.0,624099,38462239.0,2498749,21800117,591632,27634943,8654395,299969.0,757865,5933503.0,166529,5074205.0,473642,805246,2363887,2140588,8382363,869021,515819,897737,30324424.0,10752269,327337,520672,26989049.0,62062786,39128092.0,,576914,2610341,1239917.0,1930380,499779,16697467,5788110,2720809,36336236,323675617,2092107,3290957,8489630,14512582,12144666,53811812,377660,2712125,294415,1066357,1457534,,5130103,2119824.0,1798645,2249793,93934661.0,5699052,6108654,4115347,3535153,5448969,9187541,1061994,,625726,3748149,3922672.0,607982,2594984,8199013,572646,16887949,15575782,4924325,976822,2242005,53063972,1789790,3093805.0,2313565
2024-08-05,6743347,2182278,434295,873199,1420087,2741752,6963702,,1549203,22072594,132361965.0,10326981,,1821400,1237824,2482938.0,532024,80556024.0,1887561,28116900,3010380,99623117,6740645,339084.0,695694,7053149.0,133474,3005690.0,502287,381010,8382080,3936476,4729139,927427,370015,1299397,74864723.0,8244181,432084,556566,24464554.0,42207147,21976565.0,,510398,2733449,2171088.0,8446445,363053,20693333,3768996,2185901,42420623,347972476,3947312,1517392,12181569,21110256,33433596,23213543,413911,2723089,430578,1164412,1568979,,6321474,8315804.0,1880684,2196459,138193687.0,5949976,6670896,3105901,2294219,3851665,12938869,906563,,1919674,8070464,3826330.0,414493,2869841,16702003,687113,19328649,17163973,7149855,2798727,2191373,137638315,1149622,2929869.0,846346
2024-08-06,2868032,1915998,415086,715368,730489,2733716,11055780,,2163688,10652966,42550008.0,3958875,,11173621,345254,3821273.0,363864,64260354.0,2738236,19704038,998173,81755295,7476851,480955.0,1285756,5587877.0,195385,3196555.0,233479,514730,3418540,4673136,2425405,613441,218468,761161,60315187.0,6581137,635715,388880,29637315.0,22329195,19968020.0,,504214,2665829,1253662.0,4844635,307285,25662075,5154750,1384824,20164940,170607703,1387802,1157564,9665373,23277264,16611666,58960490,605193,7139059,208972,1090488,2838238,,8406175,7233808.0,3373140,4217522,150362835.0,4478172,5314010,1731159,1501877,1723219,19220275,595987,,2518374,4953866,4270151.0,173324,4138716,18117340,703814,35115485,41862104,5131176,915064,2662233,84375027,1423405,3607646.0,659314
2024-08-07,3804116,506110,274408,538189,706006,3435918,4445539,,1123581,7818118,34121303.0,4056273,,2171490,385910,2071588.0,462819,53311556.0,2302061,18015445,1356556,20046188,2593201,232617.0,980741,11054506.0,152796,2574635.0,211094,421387,2714347,3631645,3813063,563406,184355,633469,30225139.0,3417803,331142,861862,15887168.0,17042177,15855554.0,,373390,1039047,1820025.0,3252632,407691,14257665,3053007,1836014,23078322,183281204,847676,1143394,6941399,5760542,9413908,16834986,242016,3330402,173329,1867985,1268181,,3311753,2343858.0,2544156,3416968,43695425.0,6547776,3790080,1552736,1897534,1794826,11032705,1084991,,498728,2433372,2218006.0,128794,3574854,8474327,549417,21229324,12644212,3416554,538855,1478207,80241949,542414,5763792.0,741610
2024-08-08,1353579,1317125,270244,406285,728485,972667,2165754,,993991,3148392,89969114.0,4321725,,3404660,101391,1416083.0,305968,20697887.0,902780,13162042,824191,22169167,2637343,1053690.0,822769,2723893.0,174642,2664476.0,130733,321652,3587728,770224,1627821,452777,194234,420256,15789835.0,5491239,998142,342313,13850820.0,13944658,12687882.0,,379827,1135540,714706.0,1730204,393337,5236907,3770446,7536005,26072257,128445480,646807,618636,4597181,18746848,10112247,23765705,322135,1532133,128372,2292649,1248073,,2504464,1309431.0,1115417,3249109,21384805.0,6447993,2918707,1546420,2588276,1895091,8550533,1087592,,1162453,1738229,2760031.0,1134649,1831990,19532378,1141662,27818236,7674758,5026252,924348,4486701,54531772,789744,2211328.0,2720689
2024-08-09,1562058,275294,191596,396556,569063,1548089,2054378,,2052309,4258678,55429932.0,2095730,,2660209,101139,3124389.0,313264,34523577.0,1004971,16079990,564941,19627421,2313197,141071.0,507095,3270755.0,78225,1733356.0,448676,583188,5778957,1231266,4525770,252794,83358,304493,20033036.0,5529848,1160600,355289,13693728.0,10688306,8326833.0,,302202,3422750,704821.0,5369732,154963,13550223,4602705,1017321,26513715,302571827,541594,542071,5578766,6284615,4982996,34761287,420066,2849544,115877,537288,1482993,,3641714,3089278.0,1583681,5565406,19209575.0,2975922,5191678,1063016,2688957,1109279,9513348,1734552,,231036,1592948,2372786.0,170280,984861,20689542,2059692,16180745,9544421,3384502,459658,5306688,69985571,512507,2763472.0,1578961
2024-08-12,2486493,1177489,1508767,388305,633014,12808236,8646851,,1810288,15821964,25894995.0,6054554,,2581708,228029,2336240.0,248301,16891334.0,1032776,888925766,421585,20313605,2286557,151952.0,1617002,4790808.0,122613,3264831.0,248105,269444,4120698,1537466,2146263,296289,179683,2784919,24549119.0,4000418,460291,392155,14363621.0,12588124,8893131.0,,512238,829811,5170048.0,1818171,522741,14699740,3123107,1145201,32098483,90262928,852060,906980,3992438,27430567,16369025,85544518,237874,1653438,92935,541339,485998,,5011138,1090421.0,1736668,1650606,62764337.0,5252248,1857507,1620184,1581886,745105,7656436,1514766,,614672,4464504,1857677.0,278985,1305183,20299543,377819,13428754,9262702,4329493,529721,2093601,72546895,5088849,1639778.0,1071045
2024-08-13,1205601,906186,372494,494140,531491,2666550,4463960,,2096367,6916619,49951914.0,2713492,,1432834,140178,2646999.0,243605,36515280.0,2393586,21693918,308946,11056161,1128203,141719.0,300578,7170152.0,80476,2273162.0,176775,181348,5264185,772982,1809246,508780,129035,1745707,16820808.0,3669172,284782,281589,11872607.0,17676532,8275867.0,,691859,1026687,1278550.0,1128851,171798,5586275,3665216,885705,20059278,66305320,591547,920455,3250477,3814024,15097513,12348113,129707,2429117,123394,1054024,655479,,1558128,1788793.0,2313625,1420534,24200860.0,4453950,4111349,1169317,993980,1269823,5337469,477725,,277147,1123794,1232098.0,173856,1056197,3391844,384131,17358639,9066206,2572625,393303,1365541,51983761,607338,1371627.0,223683
2024-08-14,8589912,410597,362605,244609,1013148,2549115,6141280,,844567,6234345,23166080.0,3003567,,1695845,220573,4654250.0,624639,17216347.0,1298884,48739599,950293,13607770,3272565,142793.0,394854,3307101.0,63004,2306915.0,159864,543037,8766976,3042114,2205480,362652,112279,453035,15661377.0,3789501,655745,330797,10975180.0,12951619,16558443.0,,234846,1539578,3091509.0,3230582,142223,4009261,3264064,793464,12175670,81031467,484461,650462,4466619,3320282,5145108,25612731,191529,1356252,69442,1671659,915638,,1821877,2724944.0,1637469,1398207,56235038.0,10944662,4752256,914222,758517,1288951,8264643,655782,,502140,2282204,1256068.0,145951,1055171,14617701,319606,20408866,10158520,4932350,1268234,941817,44587753,309587,2342335.0,738361
2024-08-15,2070313,445482,1755087,954082,487714,5003104,9436229,,2418404,3352547,37720588.0,2197807,,2555991,122382,2272492.0,542442,24187011.0,1996150,41819901,329999,11978118,4964694,172398.0,643124,3653596.0,223407,1841411.0,239247,366655,2334580,3867993,2268711,446124,137633,518858,158977455.0,15070586,254212,393615,8761556.0,12780172,13807473.0,,266802,1437851,2215075.0,3686487,265813,9197818,2725987,3855483,16336094,126352321,839732,699864,4752933,8531580,14196130,27857937,126724,1891998,128395,2045646,786248,,3317356,4187930.0,970644,5194183,55111825.0,3610886,4264222,1279233,5192941,1197461,15859373,898656,,840903,1790587,970161.0,271409,1647569,14412199,393879,19894097,16239051,2484825,572874,1326388,61481651,2314836,2012678.0,329985
2024-08-16,1869102,809298,685156,509361,840087,1646577,4576591,,1246640,3604323,24567341.0,3633243,,1246618,205771,2437831.0,624904,22988743.0,2197236,16364231,400645,10651171,2285092,244361.0,961093,4486010.0,103880,2686842.0,125946,435263,2525087,1393174,1844972,433167,147149,4195718,37263764.0,3002630,224074,346944,19406873.0,20039673,8948935.0,,196338,1907319,1761419.0,1273354,173207,5310798,2686727,1369008,14729706,69518709,655558,494770,4314217,3106841,9171602,16245376,149769,1091035,194853,692621,774003,,2633500,2572370.0,1972000,2886762,15605188.0,5257269,3211633,969412,1435680,1974914,6416870,833181,,499178,1529856,1970591.0,149386,1874567,4648100,376476,10492149,7894424,2889969,1468315,1035919,37765326,397804,1826146.0,343589
2024-08-19,6215924,621087,805292,429244,958176,1537617,14149101,,898295,2868123,19484792.0,2365284,,1495786,222293,3569018.0,615757,20318176.0,3362973,22527383,511749,29570988,1227254,285419.0,233413,14219723.0,59046,1592639.0,108300,797087,1468621,3449170,2061737,319806,162769,761653,25181956.0,2775329,221867,277383,35072272.0,10811368,12189923.0,,133889,1418388,6628631.0,9226164,114626,14132343,2230151,752660,16642699,96623948,807009,426882,4209878,4761835,4027479,9726106,821020,965813,103371,615109,781001,,1265449,1517054.0,1122449,3063927,26051490.0,5090941,2720696,1851982,3154495,1049694,8926547,607716,,514626,1448292,1252041.0,93342,1541651,3953645,1464836,6456401,9216701,1649550,842882,1470255,89827480,179563,2954028.0,507262
2024-08-20,3594838,939161,513658,348987,910218,687118,6482782,,1331981,5347363,20957190.0,2297144,,1007284,308929,3279383.0,525389,32364821.0,2007184,40877353,320092,8379636,1781866,154300.0,341649,3555553.0,86147,2201949.0,217154,303683,2425328,1470700,1929687,476179,172979,3088098,25569268.0,2110863,314438,227899,7567463.0,16016718,8684519.0,,174780,3209505,1217439.0,1482569,136345,6795269,2217598,819401,13822820,58791998,1578029,613701,3192484,2453231,4864870,12199558,163516,3294815,108610,1202035,1164802,,1410307,1328140.0,1060744,1823403,12191118.0,2789105,4131872,2270547,1802695,3214735,9361588,1098173,,435851,2169652,1070204.0,128326,1094557,3307928,292703,10354150,9995674,1908199,530884,1044879,59174158,638911,975830.0,847138
2024-08-21,2909644,1191894,496404,687592,1508880,3843831,9880083,,2317682,4223081,48959784.0,2569933,,2258042,130791,5469571.0,442491,24742499.0,3849737,22452750,402134,24023119,2928864,446385.0,435173,4046631.0,101003,5813901.0,177996,699541,4028840,2894860,1568836,358202,113061,1869903,39885981.0,9706966,252334,582712,13335177.0,14780347,33984254.0,,578059,2274563,1869759.0,786478,291455,17746130,5324842,1025628,12170634,98362099,1053080,909943,5103507,6801471,12182306,9476703,220979,3188230,87820,2737852,3056549,,3419810,5498284.0,852625,2329189,67459534.0,4885578,2497342,4806049,1779679,3436422,7115788,780850,,615384,1569589,2827672.0,183941,2031736,8953246,2628411,21745163,7974923,2538334,2173393,4931971,64374038,493485,2352091.0,1307238
2024-08-22,5384448,746850,350328,287346,1998149,1612602,7865511,,2721134,11661731,34155635.0,2036645,,1820984,291364,3661577.0,270118,41043486.0,2855333,17708672,456252,8518738,4565048,237762.0,363584,4214062.0,122407,1946214.0,150491,710544,7000636,4009141,3695961,334965,172971,445261,75817593.0,5388069,424408,344521,20236443.0,28560923,32277437.0,,248810,623406,951404.0,932192,175276,38946567,4219439,1043691,26802769,140728100,843798,659312,5464191,4279650,10821040,24224188,1003047,1395597,186559,1173634,770599,,2219850,3308735.0,828912,1359261,9863277.0,2765112,4889898,1552227,1108455,3960216,22803888,1331046,,594695,1906887,1152104.0,129879,1354557,5130672,342267,19689185,26893356,4143983,535880,1331597,34236718,317544,1684099.0,351031
2024-08-23,998744,317418,337950,546240,572925,1165273,4255002,,1821476,3681022,25996351.0,1847309,,1581727,125053,9365264.0,693365,33227687.0,2163042,9000072,272433,10071847,2179926,249503.0,481010,2767107.0,115599,2010069.0,244766,312920,3533199,1000104,2759273,309170,198768,622952,21280539.0,8078528,202560,403478,16902869.0,39776176,15657980.0,,200723,829454,3417927.0,2848687,125527,16451846,3416695,846151,19037794,126472239,699943,348726,2766172,24062623,5659188,14291083,307124,1323718,210900,482662,1477419,,1120391,1530812.0,1511083,998056,14711541.0,7367320,5961129,1162542,2276373,1531987,7723175,269488,,440047,1458382,1103261.0,195156,1061344,5045458,260567,16604725,5853882,2804904,690619,1517868,44923195,270773,887243.0,200289
2024-08-27,10906628,1606296,282148,302356,842443,1122819,6580551,,1490247,3472704,34832552.0,9037406,,2553971,213479,1607684.0,1260100,30872762.0,1624847,12675141,1078037,12168920,4334546,351928.0,580131,12104377.0,78512,4260982.0,149024,227358,1690558,5037990,15357718,464892,107957,526976,13424662.0,10440961,201584,502982,12936460.0,20998532,45654739.0,,158204,1332600,5413366.0,3905058,190407,24378667,6882531,3475221,13366305,108241900,769391,536953,3709172,17600786,9404477,27181486,464918,1408104,116719,790644,1361406,,4211084,4274623.0,4186806,3191728,74620615.0,8000855,5700394,1635854,2202932,2893574,16962934,490529,,413897,3276202,2541084.0,179480,1026515,23631018,306479,10058006,7840495,5720230,799847,1087147,44765997,380167,968655.0,1028519
2024-08-28,3738262,393479,472165,225299,835949,1418865,4434726,,1040560,3902487,27776677.0,1888968,,1151052,224467,3051404.0,591655,16085937.0,2265032,14267569,1432857,10647659,3869217,312463.0,380321,3257852.0,95135,1587009.0,201221,310209,1941441,1284293,3353552,376059,120153,1092870,14583810.0,7651709,183766,359624,8765772.0,70025960,30386251.0,,180089,933517,1384539.0,1192391,239580,7696403,4214565,1345813,12297549,125480332,489861,574567,4397258,8869163,6754769,15722656,160196,1831328,67053,599044,620120,,3284572,1278658.0,1837497,1278609,23591378.0,3341081,2232172,1023895,1522969,1071092,15506139,918303,,528640,1734165,1682017.0,101501,1484668,4056992,253939,20739456,8032425,1999010,2739356,1141362,42441709,645578,1013537.0,497650
2024-08-29,743890,446690,308255,502265,542354,5378706,7855027,,1119836,4975646,23203038.0,2086261,,871458,227562,3884386.0,532641,26449293.0,1652363,19970241,333209,20636176,2964700,1184813.0,630635,5139738.0,67040,4042184.0,113333,856644,3168120,1131660,2270876,460177,136806,1140057,19777917.0,3169521,138811,274026,16405306.0,31612842,7325845.0,,150745,1525551,923345.0,814457,207542,7435707,4853429,4028560,14670739,113812197,1635768,484931,2807466,6595983,5922940,13071088,213795,2267246,111095,477467,650999,,1546423,1002237.0,1393395,2205083,22024650.0,9635466,5240839,7914117,1688916,1801400,6375301,527046,,466257,1929450,1699396.0,239409,1238569,4246879,320021,11382538,4532992,2936853,787601,3697259,39027575,702782,1922126.0,1001728
2024-08-30,5357574,1253999,2830169,1072086,2111529,3857172,7850060,,4260741,9090748,33995001.0,2850881,,2088207,566189,4032561.0,1307775,53814676.0,45307227,45012603,1477409,37426522,3000353,612071.0,479754,5464615.0,354466,3638702.0,215784,355820,3911403,1371570,2860546,490660,149536,1178053,19268380.0,10049305,699329,896229,101102308.0,46269274,13282771.0,,590043,1697958,1597085.0,3065650,579666,7567791,6879923,8485426,17222446,133560923,4082526,2698838,8464860,14453086,14420662,31770352,230554,1572947,81114,1339628,3242489,,3706084,3149666.0,2526430,4068397,22664760.0,5101819,13963471,3663347,2317405,5705433,17889534,959085,,1039140,2057855,2845830.0,261799,3608188,8561262,1282479,21920385,15779048,4201965,1134435,2751298,122344636,926742,4172840.0,1147783
2024-09-02,1284137,244430,382417,323321,403374,1223463,4133815,,2234636,2721122,17872003.0,1566712,,951323,107959,2362501.0,326099,12103622.0,3509228,20089571,200404,8186661,1419182,181121.0,319205,2989885.0,120730,1608425.0,156481,153626,3872275,474011,2011422,500652,104307,1930257,46852141.0,5002812,144785,228468,24743894.0,10610343,8443295.0,,265048,1715836,828796.0,1212316,152720,4020220,3603359,1996472,10133588,81091257,342605,510270,2915740,5846698,3999328,6834940,133026,1631992,69665,611640,420206,,1510778,1833816.0,1170240,13630935,34847946.0,1472711,4312690,785387,1660611,1267822,5673520,305003,,347536,1382942,553385.0,109948,1416924,4367856,334685,15097148,4986987,4013577,377392,675476,42401533,370080,1515496.0,472106
2024-09-03,4929605,311508,816963,1150369,1108491,3119441,5639362,,909842,4551707,27378608.0,3824868,,4728084,137425,2225473.0,994157,43111786.0,3330351,18390846,676900,47613658,4306384,327657.0,367168,4999203.0,89793,2446850.0,383680,636373,4604350,614986,4365479,514177,214351,884925,154545673.0,7947443,765429,548768,7946782.0,19449902,25216416.0,,350037,1357869,2451610.0,1441838,247646,10539087,3995486,1439015,19783704,195841719,1036280,1111468,8714479,5590252,8889751,22796410,149861,2283042,93796,492886,669678,,2277758,3725963.0,1279185,9558618,36903479.0,1946997,6364305,1793398,3172483,1199337,20857611,836351,,522259,2139759,1616173.0,309331,1804406,4941259,341998,12325883,11701722,4641781,457706,981940,168966430,595978,1441899.0,312043
2024-09-04,3373918,358927,748896,715303,1519465,2756585,7971585,,1434930,5466648,29048790.0,2798691,,4570553,218714,1690073.0,799850,36693626.0,3366754,18784777,459220,17083239,4168775,259735.0,304060,7458564.0,102832,1779753.0,181842,887628,2295081,1470853,3934180,768718,168387,772516,23713083.0,3190669,516733,715126,12705133.0,13634826,45543314.0,,336568,951913,1212805.0,1758538,249917,14059689,4463898,1931974,20872090,106283233,744386,807235,9112229,3269555,8064307,18814995,181754,2022200,126576,1550760,1586987,,2183579,1850341.0,1679340,4074634,25431717.0,2821232,4814599,1038080,1912238,8348499,9414991,1353431,,578692,2107487,4442826.0,120542,1549535,4541870,1053022,24144791,29226555,3755961,495834,2078464,74446425,1271756,4219359.0,704844
2024-09-05,2225641,1567872,456006,1177790,797226,1534937,5534679,,2305261,2804230,30394843.0,2616816,,1383681,195912,1308608.0,577093,46140205.0,2468185,15306648,446874,13703049,2153154,224403.0,401420,5097710.0,88216,3253476.0,301876,221761,1504669,812254,2237811,450117,157435,503639,69959160.0,6668397,295070,312228,29733860.0,19615566,26690573.0,,242693,2671755,1698007.0,2625544,269044,4528535,3880799,1436154,15392646,120454423,1483944,1122359,9425305,4176134,7002821,9880489,222760,1768521,82734,1601784,1028039,,4309432,1327831.0,2034693,2473611,31700270.0,2560954,5966381,1267708,2295589,3956849,20054505,661118,,344068,1563261,1777626.0,118486,2950757,5320317,569103,15396646,15684189,2701582,3146052,1473663,88263421,468302,3319723.0,789899
2024-09-06,2298535,1186741,332048,376135,2306169,1648742,4305886,,1648823,4380608,25949375.0,2907771,,1191319,157172,2583759.0,904207,31827157.0,4454830,13336231,475101,16948527,2313415,593261.0,1768379,3635543.0,93228,3201199.0,597274,293745,2225126,975845,4140076,503209,176114,506860,26630329.0,5868528,248517,358339,26508509.0,14694992,23462187.0,,409917,1729783,1408637.0,1291929,272486,11194926,7261318,1619924,18181406,187178475,565266,532058,5939759,3450711,5978420,12747441,325062,1656474,178272,1422186,870400,,2585473,2011036.0,1614930,3490569,19921523.0,2401822,3092007,2400431,2729792,2305716,11900532,549546,,348334,2871959,1768816.0,145347,4649054,4386880,892765,20813236,8907049,3282681,897956,3522570,56072662,475424,2243730.0,727012
2024-09-09,5088562,1236483,551683,257081,1173696,1193361,6887018,,1127367,3705198,23793597.0,3118563,,1417975,97387,2158901.0,566961,33085523.0,5023561,12427276,345217,26083202,841071,179217.0,1273590,3452032.0,62673,1914662.0,227326,194817,3174466,635206,1486751,573712,360243,325095,14251477.0,4544128,202188,281762,8006721.0,14039028,26684589.0,,239523,1302000,976594.0,2216967,254192,3538834,2251606,2339686,17382584,177753259,486626,788502,6183766,3085801,5448139,33381808,205158,2647802,115163,465992,1471218,,2190964,1362294.0,1282356,2155842,19779547.0,2431205,2965668,984063,1242651,915309,8802071,147331,,330049,1668008,1679832.0,99030,1718110,5838516,277795,14930991,9442836,2014940,487084,788145,36650219,475901,1397644.0,672382
2024-09-10,6171089,1362775,1405513,330445,672569,1159436,3312882,,3200262,1984192,35297193.0,3235722,,1455134,168804,3048486.0,498373,37034637.0,4457775,10559333,388274,15831920,2123071,259226.0,871483,4400350.0,98465,3396741.0,444070,228674,1802201,981357,1943234,365006,182618,485358,91650698.0,5947509,391617,373112,13893436.0,19479459,33317061.0,,229410,615906,1008929.0,2059603,208162,11676989,4727847,7508808,12406663,181486740,1611911,403939,4766761,2902048,6780806,32489118,751031,3877282,131761,491895,1491625,,4873018,3562398.0,2098919,2567787,22363854.0,2417119,3456800,1178897,1579463,4449117,21896326,405787,,1735385,1373182,657536.0,102761,2550995,5865858,1268108,18710867,8386745,5264766,1137029,1051405,52153911,390305,1210917.0,681192
2024-09-11,2127829,2097003,12996328,695642,673133,2045782,4045072,,1865508,3271283,66928057.0,3167178,,1597458,167996,3346053.0,640037,36821119.0,2054691,32249827,368159,30713939,2686195,209547.0,490127,2142616.0,131870,3378798.0,164758,367339,1670713,665604,1812778,403386,114281,486780,46227641.0,7358133,243493,416246,12150430.0,34282773,15080280.0,,891112,985127,1470337.0,4513740,187110,12288233,5131543,1810294,23638241,233586461,683734,816488,8988733,2150555,6372113,18287068,266371,4039352,95584,1096038,846630,,1863888,1949426.0,2040105,3185916,17057528.0,35006919,3841755,1666878,2044071,1631409,10562081,706725,,321692,1685875,1165831.0,124076,1519398,6662352,612928,10905224,11058611,2425312,781613,1185355,58439505,483064,1879134.0,384964
2024-09-12,2854384,3250611,614587,462147,593964,2536786,4190994,,2026175,5528172,84571938.0,3231743,,1176956,178921,2917743.0,924674,31903145.0,2228466,32273831,391074,51295988,6466609,656302.0,301538,3389939.0,115498,6479218.0,187912,244893,5032205,8737205,7263002,559241,938056,2841609,71363633.0,9143024,457756,402854,13652744.0,19969877,42999991.0,,386606,2186157,2937539.0,10182767,266165,15521750,5644791,8090313,14293216,205053215,1597089,1567807,5777273,6150966,18126897,26329006,160628,2386133,211484,607271,1154857,,8571908,6579392.0,3929261,3088495,56978172.0,28114484,9568576,1357741,3707058,2420724,12634506,550843,,395589,1792181,1107776.0,136903,3098401,19553431,593499,11139060,9737255,3324850,876965,1283910,70577338,458057,1869615.0,753024
2024-09-13,1896292,1685102,597727,352804,583428,1915944,2744715,,2101369,2420494,26828833.0,2411473,,1279065,190556,1934607.0,625835,24362540.0,2007550,28675734,465362,12826883,2811697,177693.0,388897,3208928.0,119431,3449302.0,191287,666804,2519357,774938,2294097,452020,232915,1349908,16820710.0,4637291,269892,404708,8243970.0,11139815,27128240.0,,505119,2542275,1301254.0,2176583,269439,7396531,4485478,1303905,11429091,70242228,476293,941070,4871684,3026149,7896891,13759153,186810,1507129,78815,500978,1153116,,1551866,1995971.0,1534214,2266849,22317199.0,8906518,8060833,1649427,2230024,1483909,7910708,546700,,439374,1724555,6495258.0,107713,2616283,3350146,419495,16507115,9940136,3576271,630501,811499,57687770,445607,2600679.0,570649
2024-09-16,1513566,1160354,419227,1034979,420946,1036634,2554497,,1030524,2659751,23352431.0,1930907,,1133411,123985,2131852.0,509039,25543399.0,1179258,9278891,347629,10898644,1635374,174547.0,326766,2027596.0,63737,3175519.0,188334,663440,1574682,422682,1305258,462973,143655,669592,18580565.0,2580570,187038,408580,9641121.0,13430718,21741391.0,,587004,836688,1406273.0,2068135,111617,9814266,4674227,1918000,11179561,51960051,394966,609514,4497975,1647329,14746647,10335613,244064,1353853,109390,568198,2449884,,1457627,1399735.0,1785896,2416510,15217817.0,10403102,7307509,1138194,1033598,1254009,6192449,519615,,889943,1589540,1196371.0,60460,3439290,4121389,259594,8483250,8343643,2152922,1959344,808540,30479224,1744140,1141079.0,295763
2024-09-17,2923241,1709506,680370,961143,1120372,1810825,4549090,,2441405,7475923,41836456.0,4619071,,1464370,335796,8987342.0,1007687,29084397.0,3374270,12475214,449112,21122183,2753491,340385.0,346808,4655453.0,495749,4032313.0,319363,584917,2123563,1043348,9216193,591531,222803,444773,22967074.0,5669818,379378,574003,28517647.0,22588755,44001765.0,,263070,1625046,1464332.0,1451985,219226,22025809,10485378,1725422,14126650,88268139,486358,1551968,4594849,2619887,9840979,15517806,325633,4479846,118893,924827,1010154,,3031890,2757872.0,1718871,3105754,14484780.0,11723994,4260575,1032333,1239991,3676201,11387282,721849,,644567,2187115,2829236.0,210789,2339495,5537950,465929,16521362,16047367,3375059,700610,1278332,59955550,472556,1858496.0,474439
2024-09-18,5104034,1348123,983130,924640,1359245,1187044,8257816,,2676484,9436444,46038527.0,3082507,,5238472,247153,5154131.0,1099907,46564123.0,1376653,11964140,803657,21008486,6086014,210818.0,468470,2484342.0,195819,3209514.0,162072,601886,1568122,967212,4307438,484281,165366,397828,31150874.0,21935673,280156,593444,18462499.0,22931571,31547412.0,,308888,3144883,5454994.0,4640206,240993,20100574,8278446,1687964,40325820,75864264,607249,1443093,5968852,1971065,11770073,14579204,413597,2542677,101096,1400154,1417131,,4282612,4243671.0,3578503,1574346,42135092.0,16792809,6010476,1647723,1714934,1720181,30861973,485570,,592751,1462876,2327404.0,153979,2560854,9420849,304193,20371244,28845858,4594172,723853,1137545,34142673,357125,1829648.0,884998
2024-09-19,4197155,902798,550577,919063,2307459,5024742,8370976,,2791079,5866510,47880775.0,4777241,,1258373,658716,1906941.0,973293,37958785.0,2473963,16842209,719171,24202075,6080862,539256.0,451459,4762042.0,125471,4837326.0,266171,409099,2231375,2504374,4974413,728763,256283,917661,,7763911,211915,653197,15208082.0,37129120,35958190.0,,499600,1935479,2000941.0,3864102,294540,9730580,4921590,1397239,15233847,133526447,1906467,1229743,6135460,3328606,24571993,19222000,934669,7790108,153219,1818661,1527107,,3801581,3745100.0,1950317,1732069,78255862.0,9525098,6103700,2141869,1630918,1886864,12565602,458948,,862763,1809040,1905185.0,305378,3170901,6075157,554359,15530566,16677184,4678124,631845,2018990,66327943,604421,2371874.0,845995
2024-09-20,5156562,1703836,1462513,1105340,1936803,3688558,13080985,,3467671,12401764,69402309.0,6530894,,3808425,524902,6635982.0,1562331,92290197.0,12890624,36122896,1021855,42505368,4315888,719478.0,700869,6004059.0,491967,7793076.0,1705646,1240258,4940858,2274602,3754654,1492345,939606,1313909,52355925.0,15431743,691753,1363880,27096563.0,89420506,38571704.0,,692113,3957332,5296308.0,7070005,616687,13383205,14199447,10678641,33424954,243847294,2118572,2949089,9476743,9639574,42393203,78039263,808011,8266557,196282,2472523,5227727,,6694115,4779080.0,5141912,4673651,79866788.0,11871622,16059379,6606877,4814117,8268559,22874341,867946,,1125185,7072461,2974219.0,279171,4876569,9371149,1582169,38186916,22072167,7283962,2928893,5730002,153085696,1490498,10169006.0,1453050
2024-09-23,1879227,914959,948874,485091,637725,1309823,4973597,,2430049,8915378,28963678.0,2475891,,6389878,135625,4160023.0,286420,20031081.0,1830582,14907787,479493,53162664,1315597,291828.0,310911,5526129.0,124802,3846601.0,319205,436524,1163143,1411201,2593230,642728,382292,1008295,48612136.0,8966079,277444,740710,18908709.0,64610986,24318756.0,,421063,2319144,825885.0,2053906,209704,3320958,7568845,915239,11534606,70463054,531219,982334,4380388,1772035,18282181,10988911,278000,1534342,117244,606692,822468,,3647817,1942434.0,1256574,2660021,36149488.0,3418654,2156155,2850334,2819872,1473860,10453980,323072,,450080,1486416,809885.0,67103,1615358,3073695,566158,14303238,8738449,2603013,598515,636598,35303870,324850,1426727.0,498337
2024-09-24,3985974,1076607,754716,612137,1491121,1154615,3799381,,1455566,11342845,41617232.0,3433747,,1057893,215260,2001320.0,746446,75926000.0,3278368,13324751,621368,20539955,2266245,268174.0,457765,7760743.0,93431,7378143.0,141805,232977,1915524,3291165,3636343,574866,125165,3105653,49708561.0,7337207,188774,501107,12890150.0,45502774,14273937.0,,238727,1116269,1837127.0,1202468,437683,3115577,6204927,1600289,16306744,374555807,723006,954039,5778036,2426597,10483776,51643533,300730,1802273,264676,1076892,740703,,4512029,4660180.0,1309840,1363684,15285783.0,7015426,2388930,1216434,1246288,1501642,25089808,738092,,2148770,1849494,2847674.0,98248,1642181,5283091,512575,15278226,8099557,4838800,523044,1479704,40040784,373983,2029440.0,745882
2024-09-25,3181386,1386353,331999,756548,785550,1192340,4026107,,1823463,6238942,25163698.0,3496357,,2037599,195199,2044025.0,554852,71570657.0,1447976,17421944,1447501,14868385,7121283,288314.0,264289,4318676.0,150004,3333364.0,154322,616465,2586338,1120722,3784787,792395,167256,1054069,29275724.0,5839947,231215,599211,17072302.0,21315551,16183138.0,,339102,1281863,1347189.0,2517601,266884,11914685,8209758,1306269,9742999,166563532,739641,1075942,3093538,3076912,9024366,26399600,254725,1315690,163575,1360974,1053220,,2333695,2808460.0,2311335,3570033,15307529.0,7851355,4915635,1101854,1216585,1571900,21401159,545033,,920641,3288962,1997061.0,115011,1956915,4677259,440110,14533383,8498695,4650643,519869,1929229,38955485,625091,1730524.0,421304
2024-09-26,6270182,986717,438776,802884,2417346,1391434,4345444,,3984667,6333184,38928906.0,4453599,,2763005,194250,2467412.0,576536,116231175.0,3045918,13080476,724840,22176448,3712782,546060.0,397429,4121662.0,218705,4936613.0,222928,465980,2243065,1414795,6652536,504826,219488,1400956,50931719.0,7041950,248498,825239,14298241.0,38385550,18679762.0,,308666,998683,2278902.0,1587937,382570,9655260,7662572,1804813,14303916,77995421,1366208,858285,6023233,2888133,9681642,12833869,421714,2397660,137943,1264652,1145566,,2597435,7786340.0,3078940,3800667,22057448.0,6647216,6077761,2177808,1544500,2071195,31785656,452632,,3192412,2532685,2417112.0,177442,3286539,6623108,347054,14945982,7822362,5300587,813527,999619,70443404,664520,1966567.0,549449
2024-09-27,4253365,962709,355706,627764,1502402,1926822,5488628,,2998269,7128530,38836293.0,4610340,,2365834,339604,7820943.0,849718,94870761.0,5219168,12606477,532139,25156462,1637171,261315.0,487143,2959230.0,172918,3434307.0,226708,566493,2277101,1385105,3713198,586704,204081,887053,38738138.0,5889331,350964,595776,35306021.0,40184757,19104083.0,,883828,1617899,4308653.0,1255106,597052,5711727,9995136,1647796,18346495,101433954,1011686,788167,7419595,5907624,13603392,24192441,539532,2729611,127110,776047,1046046,,2630996,3290224.0,3547087,11294571,21008974.0,7048479,3611145,2397988,2006476,2223856,25975858,454702,,685000,2360243,2943532.0,149368,3131695,6551845,600599,14541246,9404833,5557112,679820,2559941,45775567,397321,2846003.0,322233
2024-09-30,3446150,2218519,464459,978209,1810940,2321475,4114957,,2967198,11853542,30475294.0,4514053,,1139064,277993,2402460.0,889677,35750230.0,2337161,54699688,415394,21309567,2869307,301401.0,515167,3023688.0,173021,6218623.0,441967,489685,5251004,1099376,11051727,489186,670206,707230,43924647.0,6971001,325942,452096,9892450.0,20158641,21667906.0,,666300,2492944,2384613.0,3144547,335387,8642488,5134858,3341865,13456100,138802196,2491547,712368,6680554,4556932,8984470,15458618,503842,2690189,102375,660028,1117686,,5510722,3827969.0,1655847,9783031,44755384.0,8938279,7025688,2525445,1980433,2328213,22008305,468131,,971443,2313928,2766085.0,127317,4321714,7638202,493262,22084276,8301509,6653520,3270259,2206242,38514953,491701,2849592.0,492409
2024-10-01,2069743,767545,421699,493641,943714,1128182,9620877,,3219814,7085630,35105841.0,3110340,,1190430,435702,2323028.0,586690,47005085.0,4083105,12724307,546411,23957764,2255005,227141.0,1506789,14091708.0,149040,7520101.0,185378,244720,7114660,2714331,5410731,579069,306247,590291,23272043.0,7212654,251216,467013,55798730.0,17850886,52967429.0,,533580,1947137,1487103.0,1744690,156891,9460680,6720772,2089732,14204586,188839955,1238214,970255,11774400,7803006,8006424,11848695,737639,3578556,119441,466820,4802815,,2964476,2037224.0,1997955,1990281,41290181.0,17897199,4996147,4073123,3565318,3508931,21004916,718531,,503473,2388806,3422771.0,153125,3479300,8095011,740273,40344183,8829894,3285386,4382675,3674402,70834081,537258,3732933.0,644321
2024-10-02,1947262,669353,536874,823655,1866638,1305249,11031432,,2128582,6736831,44979363.0,2775055,,1789959,307263,2471018.0,769468,49730594.0,2028725,10360589,807707,22107641,1921677,394389.0,1812461,4177979.0,253779,3175243.0,416606,357447,1819480,1857037,5974191,568026,257266,541184,19980462.0,8926413,295030,554207,27821110.0,30061987,34083060.0,,271253,1283765,6838026.0,1955562,892822,16675628,7024682,2642974,28408710,148415314,504818,1103062,7308142,2515079,9479487,19585746,312270,2978334,123005,1207306,1639066,,3179040,1845338.0,1118334,3220141,30582680.0,13980203,4186852,1416914,2044594,1825887,12242923,365146,,4607986,2426781,2082440.0,123121,4697923,5854540,919387,20892856,11579398,3389289,782734,2120068,53967443,550707,3265476.0,705303
2024-10-03,15917488,1015250,299022,532934,499066,1459229,14492744,,1443950,3918609,40271438.0,3661315,,909584,291849,1912488.0,527397,63566854.0,1534216,8829109,813109,42804129,1778037,189840.0,2517061,3914050.0,247137,4308182.0,422157,188817,1080930,1302232,3732235,620670,218458,526794,18182873.0,7683345,611402,282166,101599069.0,30398573,31114659.0,,266951,2119367,1962887.0,1347691,310534,13441485,7404785,1755094,27271533,150665222,951547,915182,9247795,2133320,7646851,15726733,300625,869504,110478,1038643,945146,,3807370,1900368.0,1015229,1413870,60925009.0,4012266,5334468,1389186,2099876,1795121,25311056,578168,,464214,3307712,1819420.0,113233,3700121,6494311,485433,31548164,11612042,2785239,766102,974520,48917417,346493,2583464.0,518258
2024-10-04,2117321,742949,413140,497931,518131,1124163,5585130,,1690859,4783199,39320183.0,4404690,,1277362,245643,1997241.0,451511,32703997.0,1612370,12722162,485190,19860804,2600597,569866.0,1246845,2998864.0,298866,3148200.0,394582,221983,1407859,1736928,3215535,585492,176922,898771,20059942.0,7532489,181100,490408,27021455.0,23976538,15092514.0,,334479,643339,3197465.0,1147574,246184,17231198,6116804,2159711,18887721,138628645,625290,913255,4998454,2643520,10143507,33608050,229968,1438035,122519,519682,752208,,2585155,1849233.0,998094,1128809,15743256.0,39539450,2900561,2286994,1495721,2788570,9245887,783965,,460408,2509548,4708564.0,179563,5021889,18590603,951880,13984090,10940769,3410810,630596,1064965,47234568,473572,1595035.0,383302
2024-10-07,2706324,1279348,614772,872340,471252,1067028,5425644,,1220093,3684427,28441204.0,2521839,,2173545,139288,1699402.0,523933,30854016.0,1713132,9527071,363396,25290075,1513149,443604.0,1502521,5844731.0,80642,1773379.0,232904,1480237,1162920,1688327,2577481,524470,241151,2364034,20309255.0,9307506,171613,611363,23427452.0,15923145,13809258.0,,507798,864124,1041972.0,3670260,187587,9781399,8078401,1470057,16924904,113145255,554009,1011393,3646091,2209634,7569210,31373211,157250,2465879,111731,1135194,1142890,,2757175,2216174.0,801784,825182,12232854.0,4636190,2836108,1521155,1095198,1647690,10120716,450265,,432769,2222706,4997300.0,96535,2151137,6924026,363230,12687753,11697533,3221364,649537,1004979,80047053,345145,1868375.0,539441
2024-10-08,3150426,2458810,865742,1464910,1339157,1410212,22418853,,2577470,4199632,22265092.0,2611279,,1632414,305402,5347214.0,2804730,41006876.0,8412423,8566914,525100,21063566,3839016,508472.0,1818302,3041543.0,571071,4121359.0,690879,1013383,5633788,1390715,2931273,584728,1068230,1000227,96060393.0,7705294,135216,717406,19621523.0,25903460,16073292.0,,567818,1316857,4238916.0,6705137,357048,16516928,7316322,1067635,9773169,105422259,1439170,1898315,7762533,6456113,7088729,29726866,186803,1563212,137258,908229,932173,,3046945,4137022.0,1283208,2873130,12509671.0,10114904,2601609,1006101,1145507,1934923,10597118,516346,,486098,2628792,4628188.0,111521,4856259,12550898,887795,8353684,15796516,2261057,635664,806329,34479871,392166,1806859.0,1076472
2024-10-09,1604444,577368,254130,451916,479323,1304859,4665439,,951043,4153186,21968348.0,2954291,,826249,238824,4612756.0,743082,25396232.0,1988604,8251007,256189,33286021,1440274,282808.0,3290560,3563995.0,120242,2655070.0,279975,292430,767617,1391208,2107377,443300,104108,632114,18355123.0,8211569,201733,430584,15403948.0,15260570,11424336.0,,257262,890969,1988457.0,4544019,226301,6614892,7184990,2312511,8247484,77641000,530918,1875847,2455013,5821117,5171913,9317283,201149,1566118,96096,333998,1024603,,1613809,1918175.0,1150366,1090240,12199288.0,6131868,2729372,947838,995502,1856991,7772089,696138,,344784,1617787,3791164.0,376719,2259433,5456180,705970,10353192,25836093,1941617,1047901,920430,22768940,263546,1594304.0,471695
2024-10-10,2090780,1339129,955614,589941,859436,11280380,4014189,,1446954,11869466,45453313.0,2315070,,1411071,181179,3941854.0,362272,25972269.0,2018241,7465140,443675,30491857,1591526,256021.0,2475423,2490182.0,99406,2230921.0,278967,469777,1770424,1213442,2491432,442854,1365185,913655,20849212.0,18070475,1626849,537338,19936481.0,21603461,21458639.0,,330029,813810,1183886.0,1375096,339794,6539544,5231047,7762124,7474860,99900763,950278,1121831,3045135,3164285,6042081,40710577,480449,1592956,150964,924390,904672,,3996109,1627147.0,1014118,1955636,24238948.0,6936205,4377862,1270009,961364,6101825,19897122,493570,,2144636,2421725,2496429.0,169058,2332883,4484818,569962,10334446,23179819,2275479,820574,1232557,30666419,560361,1342978.0,557302
2024-10-11,2286795,438221,469485,384425,641414,603249,4349021,,1628325,6173128,31789043.0,1689906,,1111494,168966,3054192.0,628502,29864221.0,2649100,8467932,196200,22018817,1469513,277231.0,2151239,3746510.0,445058,1927707.0,350537,371532,1822757,957098,2470252,463204,159519,848885,22385459.0,8915943,166994,621074,6914238.0,15761198,12634199.0,,483255,714365,683684.0,1026074,376974,7006290,5077370,1914437,6515203,88510516,533565,1725404,2741880,4674521,5773787,8335581,243994,1416640,160244,391790,769346,,2156110,2394623.0,952355,1120768,18691366.0,8094935,24207695,764175,1208027,1454081,10411722,370222,,528207,2786520,2197543.0,158224,1523444,4307576,687481,10673798,14785614,1896086,518658,1200634,33419206,443693,1304613.0,571669
2024-10-14,2098176,750705,242601,973489,724464,623079,5437796,,1088620,5176484,57673311.0,2208912,,1415995,140026,1690985.0,617087,29113517.0,2004909,8481617,356946,25801396,1608360,295974.0,369114,4067242.0,83117,2140543.0,161964,159985,5731809,765788,2159207,602653,311107,543681,44633502.0,8340917,213637,461210,11222294.0,16919266,20438988.0,,298711,694110,2295235.0,1048974,266925,7400950,2718980,6891391,10638098,92973497,415549,582925,6482092,2955890,5409416,6510009,252177,1777164,173015,507394,1048006,,5659852,2589786.0,772278,2087163,52657431.0,6551314,16295492,2596182,852618,1458291,5458800,708833,,2414613,2638068,2065287.0,197798,4575832,5990971,855549,14242809,9286868,1444951,469764,1169334,51001791,314273,4211796.0,258989
2024-10-15,3213436,1203420,877727,770936,1257084,1751397,4686405,,1722564,4844767,38896576.0,3340371,,1635142,201363,4299786.0,1999359,58233839.0,2000590,17653604,454941,51787141,2625086,1889244.0,523559,5348697.0,115089,4048624.0,434105,221179,2763172,1142846,5685484,698062,259630,488788,30531180.0,8575687,489758,687919,19081812.0,23543749,28342232.0,,458916,1342506,1604814.0,2139499,250643,10718156,21456835,1273337,23877678,141352890,1476979,1192885,9721629,4228134,9430421,19384482,258975,2502688,152806,1263684,1336787,,3442391,3371710.0,2559901,1915984,27193128.0,10722944,12300177,4370422,1290506,4081103,13003763,1025502,,733301,2821144,4839426.0,236691,12652515,6453616,947545,23149696,20862580,6341964,790342,1686386,49366934,415111,3162008.0,723677
2024-10-16,1426555,832532,519829,517932,1116174,3728229,7158840,,1339651,6715727,35189461.0,3696411,,2494782,252357,1880917.0,966266,84889024.0,3411882,37378584,318501,16604954,2037132,576629.0,375781,4387219.0,155438,5278372.0,341387,333904,1919706,1169778,4342399,546566,172797,627933,37995073.0,6599984,256079,750741,19909927.0,18080653,43278810.0,,446811,1648997,3565787.0,5630659,331438,8340059,8385224,4511542,16074867,164722219,1260506,1938512,15883575,5854456,19288158,42767785,430357,1955730,201628,1477460,620151,,3443464,1813828.0,966674,3307802,29877663.0,33702386,13690838,2252606,1773101,4354817,17978015,872376,,645686,2628288,2552574.0,210388,3311640,6006649,2357611,18295248,21617435,3469848,2479267,2904489,78287484,372564,1732610.0,1039308
2024-10-17,4010620,565868,757737,482652,1198981,1980817,7885229,,1035884,5002621,52767389.0,4549104,,1053329,238971,3683985.0,652227,33733273.0,3309911,15571800,608608,23299940,6719882,334272.0,343965,7341883.0,152467,6082788.0,163974,300140,4323675,1594272,9241508,573861,176947,686394,52417710.0,5831603,257257,779158,17088769.0,21238694,19754876.0,,382116,2220815,3200986.0,4316816,416385,10741665,11389405,1565414,26693941,172317713,2039852,6500584,7492416,6212107,9614690,26139394,559663,2110114,102381,803803,1168268,,4358940,3183311.0,1553316,1096150,20843399.0,19811987,13338624,2365087,1711032,3543956,22971379,2201515,,571062,2766949,4227412.0,297513,2862449,4340958,1084508,20336250,20340506,4253262,1378894,3696655,96796288,619995,2816858.0,1076758
2024-10-18,2289287,1055995,274939,442347,1524088,1457476,5102144,,2385885,7337127,61009377.0,5086135,,832768,207325,3658752.0,542059,30968082.0,2097940,8954170,231154,18545285,5985697,430093.0,301903,3503935.0,205996,2983762.0,131625,539674,1323075,1147939,2370456,623873,659269,1027045,30404215.0,7415710,250589,527809,9777591.0,13620100,36200409.0,,157070,3381378,960865.0,1784843,282157,3602712,4069994,6890404,10516791,180387256,971140,3142350,5971062,2377410,7235395,56832752,348092,1391100,143780,903300,645766,,2636119,2078066.0,710200,1534877,43804291.0,9185781,6129923,1100895,1504214,1866075,6884071,897866,,451720,2141957,2578236.0,128613,16534155,5580537,1207416,56589317,8722314,4338474,525647,3963714,41496876,473652,1626889.0,559997
2024-10-21,1782026,673481,203071,566105,2253636,964978,3258632,,1289770,4627379,25124465.0,7712027,,871627,123731,1973072.0,379220,27816924.0,1035077,8326919,223868,20814193,1613229,308528.0,372913,6012255.0,135427,3533644.0,230690,304273,1110140,721909,3451011,585995,699312,4250381,15546001.0,4097250,197762,495416,24296596.0,11052665,14802279.0,,450291,862785,848078.0,2526476,456711,6111977,3941550,1068098,8118423,244248601,1156801,3169756,4942133,2404486,5654898,12125514,171826,3949025,117575,850145,242741,,1981942,1230593.0,1333618,1181392,17624936.0,7553717,3957976,1240510,849815,1718359,6902834,402780,,327556,2789000,1533291.0,106370,2240728,3106173,393004,12405948,10803179,1977685,751974,653753,34347385,471634,914348.0,570540
2024-10-22,1248873,2344768,734318,907162,616184,1275734,4294095,,853524,11470265,32138237.0,4659639,,1003759,160142,2290411.0,495995,27637025.0,1473912,9231439,565709,45115623,2104708,418022.0,394252,2749642.0,95888,3942491.0,352636,193183,1042113,2910934,2607093,668856,256836,1302424,12369784.0,4821605,143173,478470,9915483.0,13560551,22124302.0,,609995,885808,1320517.0,1084995,863729,3443929,5541008,1462169,10781011,159162198,554991,1070132,4952907,2826841,5946938,10776992,691812,1987136,127458,633883,851537,,2628340,1317728.0,866625,1331805,14742396.0,4496307,4471775,985966,1307367,1289399,9008177,458696,,696663,3456561,1866592.0,306180,1786448,4762228,516069,15686162,13606107,2446418,810592,927555,42968945,365829,2363915.0,802265
2024-10-23,2369613,541013,647194,615939,498016,1127603,3834486,,1186470,4699404,30653807.0,7320374,,747907,207647,2533163.0,659076,24362222.0,1579366,9458792,520914,14799396,2310333,332838.0,459245,4062852.0,221537,2798817.0,277720,263470,1458741,2629010,1683477,600963,211045,1742784,16809471.0,5512204,346061,612953,36512133.0,16259981,12381160.0,,400379,2062127,1425138.0,1441191,1157445,5432496,4805636,2118127,8865883,213089101,900986,2430858,7438653,2288086,5724159,18344639,192434,868455,98765,751612,1329029,,3314026,2619984.0,1540832,871998,30531262.0,4834787,5122632,1765368,1321749,3983609,8538471,584750,,529222,2773858,1923992.0,149172,7796902,5424221,415003,61376030,13221645,6937608,585342,677506,43298549,442744,3913503.0,897792
2024-10-24,1234963,299629,312933,264365,365961,481016,2190886,,1620841,1705520,48850966.0,1225782,,1088034,200189,1747914.0,497155,58531657.0,3899006,13423895,193748,5337776,2152586,253949.0,281898,1903766.0,156196,2606015.0,90128,274063,2560532,746064,1285324,678513,213119,2110736,9334062.0,2118678,96698,205992,36444042.0,43188285,13594426.0,,273408,595040,346123.0,417612,51540,3278537,5085034,612971,6466393,263067192,480559,570314,3219771,2256020,17293686,39406352,143136,781601,57012,885385,488181,,4701042,2189265.0,1219599,383810,97142083.0,1344662,1554489,1290180,372114,1846851,4183069,296752,,123064,2529941,4483491.0,51627,864404,3506664,171305,6927693,13950171,3424030,153584,713522,13744349,259825,952376.0,654872
2024-10-25,3400890,463552,501484,485725,1728652,1480521,6607017,,1533742,3222704,99402220.0,2514772,,1332621,1977014,1868034.0,595028,24028000.0,3094895,14173658,315837,13495727,2461951,349747.0,224848,7612833.0,75539,3861173.0,99908,367028,869495,679918,1539609,755887,189584,1199515,16183684.0,6754812,301494,509864,31269321.0,12494985,29661137.0,,889199,1075301,1665297.0,1392674,579509,4568575,3695363,1437415,20209044,312290651,967229,1774897,3951640,3400168,12346033,68607328,285653,1495310,158175,1164270,1541572,,4327935,2480653.0,1378676,1466300,65456573.0,4395321,4030375,1363735,1269720,1679932,4856498,198894,,1021283,2672113,4539906.0,175492,2006162,4809447,392238,14308965,8283912,2131921,506014,1195018,44325477,467457,1580482.0,734357
2024-10-28,1824222,897301,259862,470286,858666,1329845,4653706,,1022879,3061349,38999270.0,2960525,,811405,223132,2230268.0,552853,35303917.0,2559906,11969701,408328,74900470,8736169,296201.0,579909,4046641.0,207867,1979339.0,201640,284556,1136719,2963383,3718202,781793,159285,524107,35134968.0,11473043,340269,504597,9368004.0,54600101,26570696.0,,238553,1274880,1115083.0,1887742,350664,3833354,4247476,1630821,18220859,302863589,820709,1262053,7154826,6448082,9055343,24230836,216411,1498239,122905,921956,2782323,,3078405,1497848.0,3390945,1493457,79329459.0,4582303,3905408,2560453,1345146,2103606,12501438,500815,,534552,3865846,1784479.0,118776,2048222,5369878,481526,16059052,7312065,2932848,540361,993707,48704385,379679,1856338.0,724363
2024-10-29,7242728,1666363,1388778,1264896,1208400,2253954,7092633,,1678377,5796551,83286742.0,2985689,,817479,531675,3833111.0,651087,62007775.0,3610167,14033688,449684,32616148,2607929,548712.0,475345,8249921.0,167079,2825245.0,394908,329883,1273027,1328978,6348469,902394,169515,690135,28106682.0,9466880,415904,634357,10110691.0,38470803,35905226.0,,426466,1387018,1908488.0,5669516,657838,6077685,4097918,1533493,31253948,239820524,1081610,1890619,12083617,4249450,7895790,24876050,1042907,1529305,125124,1432109,2791562,,2266718,2026825.0,1360401,1115059,25733085.0,10553159,5070168,2805600,3486354,2449263,7879628,443353,,760202,3104153,3537269.0,208373,2190219,8168038,398690,21246584,11165566,2817233,600026,1733352,155190301,415314,3222773.0,987880
2024-10-30,4951402,981130,682733,509664,1082078,1413264,5425386,,3359764,3594861,52249910.0,3843089,,963466,491316,6278924.0,663400,106193039.0,5705496,15314038,495744,18646547,3004653,751337.0,902390,10691721.0,144054,5700395.0,276792,208216,2100082,1847505,3871671,902343,279583,818010,34949037.0,15884461,319552,713938,15169512.0,21041215,17101750.0,,293318,957991,2977246.0,2796074,430103,10588152,9141044,2335357,25434691,305260035,428185,3051429,10220009,2485278,14191108,25195858,420555,2172966,120629,1596941,2169726,,2687340,1341592.0,1405636,2410956,31563845.0,9044595,6284932,1460110,1839289,4098558,7057575,1216726,,769565,2405005,3233185.0,131259,2095383,7739071,654985,18927792,15132803,2457875,852834,2205291,76107924,910386,1832919.0,1104361
2024-10-31,3125385,2840201,323068,776484,1644814,2066300,10027487,,2331962,5817730,54088115.0,7472311,,2166356,560193,4356862.0,789890,44848773.0,2956082,15790406,952840,18827466,3296629,497759.0,811513,6968434.0,227020,5896446.0,309649,409446,3816148,1229784,3193945,580398,616657,1976623,19986209.0,15719359,454784,1206370,31641272.0,34305229,13733026.0,,386729,1796169,2169523.0,3000910,525218,11565664,7896295,5145499,42880022,224377667,1567499,1319221,11413926,6472770,15756286,43244978,368720,2341093,166090,2097929,3944361,,2945158,1873392.0,2712562,2408301,22841243.0,11743515,10960542,2728802,2961638,5926760,13743432,1191938,,7046897,1456188,11309724.0,139043,4166512,9133564,1509619,39121061,33089326,8147548,1233065,2070452,67170529,582419,2552051.0,1601580
2024-11-01,1159971,1242929,263325,396693,1390344,1692711,4440377,,3969980,3078408,34968637.0,2711692,,1194983,187009,4148439.0,644683,74742153.0,2231463,10840229,438294,37907172,3801566,307854.0,426752,9429029.0,144319,3351680.0,125840,286285,1043531,1750206,5608925,562379,246552,630110,15448945.0,7253164,457086,664239,49300273.0,48832143,15028221.0,,358490,1397224,1255940.0,1644667,400674,6720766,3803107,1912484,19796179,143210419,822624,772315,9387052,4974589,8476544,46243708,230070,1214028,162742,963322,1625172,,4667770,2207876.0,3274664,5986714,60456577.0,6586919,5253449,1881328,1205663,3336157,11356028,355466,,425141,1546834,4186064.0,151474,1259232,11949096,538038,25485375,11285646,4079058,1089640,1109187,44445207,488994,2255972.0,1097498
2024-11-04,4357556,874692,328361,504173,782581,1083764,5178440,,2433650,2203299,133591019.0,2090186,,1510184,1761710,1482288.0,1889016,27542215.0,5474104,12869361,494276,19604838,2359220,775768.0,310009,2731631.0,115602,2856181.0,219171,263436,1048888,4709078,2607614,690636,254591,572208,25732443.0,4842548,202889,481901,44832851.0,16376922,14207225.0,,360366,975616,1330101.0,1042215,184366,5057681,2892158,1240265,9379379,197160827,798959,676183,9227250,3525086,9083277,53687817,180575,1680792,97280,771235,1337974,,7135958,4644342.0,1816990,1273253,70334115.0,3816067,4918135,1958432,1628114,2174651,43490800,561441,,2792535,1706692,2691519.0,65832,1310844,9297329,259262,52229371,10374779,3053288,883702,928004,29152879,354719,1407885.0,829236
2024-11-05,1211650,1452227,466745,414523,716824,1740603,4254577,,4440784,3146989,28591141.0,2872021,,723500,210037,3441822.0,437279,25926595.0,2894189,24735716,568822,83178358,1948582,169248.0,304673,4991667.0,227652,2930051.0,185102,217564,666698,2439010,3109034,1541881,160331,1883187,12123619.0,4813164,536267,292837,10559803.0,49440052,13379203.0,,210994,959142,682594.0,1278291,242131,6502622,3216835,3022937,9678518,135871229,1293314,519689,3748576,6110458,13384228,13042478,168813,2051484,80023,1039069,1317860,,2718669,1207528.0,2598967,1253004,70942202.0,5048609,4245790,11598777,988803,2497555,13485462,312096,,447821,1194309,4825408.0,115248,3081183,5400213,639431,18007998,12448378,3766152,513141,1338300,55098289,949717,1814882.0,612918
2024-11-06,8725473,1201970,347637,1702781,1602983,2269057,5188730,,7726112,9993741,109014314.0,6810556,,1315417,307753,3740776.0,644485,47116382.0,3884078,44029437,824026,17925833,5314075,398060.0,1496227,8707885.0,311471,4653704.0,299014,332029,1085738,2074392,14254270,671937,351331,2204194,34486516.0,15645649,410826,673698,11970157.0,20818302,54310347.0,,329999,2308094,1298701.0,3200918,690712,8414727,6622402,2706210,19002297,159048486,1412363,1032775,4155981,4025667,9207489,21647057,503910,2275029,246118,2983047,1754126,,3270039,1798432.0,2959189,1765533,54569546.0,7258850,5560858,4206798,2512785,4195850,15541139,517263,,812613,2525438,4724031.0,276093,4410531,8203963,487053,49713286,23128206,5129739,1112556,1323719,71781310,587793,2725878.0,1010161
2024-11-07,2451895,1782432,512975,649331,1414611,8441843,5246938,,8032972,5459046,37077657.0,2161978,,1006125,295715,2798272.0,615931,76438610.0,2723809,45816436,1115501,41156035,3086158,395193.0,903212,7512847.0,465368,3048319.0,265761,1029201,2974530,1154601,7650677,1051726,363094,3499595,33607577.0,8670484,3615355,507335,19447307.0,46222367,60635302.0,,354183,1567428,5779046.0,4611176,485762,6901840,4502288,7082628,13902700,155565870,1048257,898381,4232652,4012670,10187654,17736484,158930,1867000,155755,1344419,2308904,,4320821,2661660.0,1299872,5532540,35214756.0,4835144,19269657,2761082,1867817,4174265,10552534,721809,,2147329,3725235,3417794.0,264576,2180081,5537921,402729,19339908,20156202,2939410,2702600,1454847,56751466,2052660,1471924.0,911271
2024-11-08,2896847,725736,231187,551770,1215040,2538627,3910031,,4062390,3762038,29463841.0,2226643,,752963,185858,2064440.0,429805,36605259.0,9747810,19219469,530937,12726834,1936546,328630.0,684392,14300152.0,170139,3673577.0,144531,641311,980971,876328,6789165,435828,3845102,409292,40931149.0,10147307,727481,539132,14467574.0,22518252,78513303.0,,291850,1370971,1664835.0,1260918,367241,7971056,3249960,1939972,15986843,187872236,663644,1088983,4006901,2959052,8478770,10549512,146766,1771166,143435,1023975,1429952,,2437504,3389501.0,1708789,5693006,16251044.0,4727573,10921428,3145947,1699070,2356333,6302712,373777,,1738544,1736419,3564150.0,132362,2324365,5514857,326558,28039239,16003878,3360180,624384,945645,57565561,764443,2316699.0,1493827
2024-11-11,1564651,398205,163182,503936,832349,2135210,2893497,,1983432,4917345,47158973.0,2095542,,1181515,125296,1998736.0,282923,22710044.0,5134623,12324866,399090,11681408,1724786,426031.0,343466,4490816.0,188065,2391848.0,125955,407402,1604917,1551752,8094308,418239,255478,1116949,36975397.0,5622577,399711,282713,16533140.0,15570042,31882087.0,,181946,969272,1268670.0,1558851,263415,3516709,2992003,6654611,11661135,143481639,399454,600533,3686120,2360038,10452203,21620336,177467,1235339,134288,1083159,904311,,2565330,1976260.0,586904,2622187,24901814.0,3849022,8026696,2631952,1871431,2475299,6332301,422334,,353101,1990074,2239024.0,179636,1141199,5605041,486490,17436920,8388018,2333735,340760,1270827,54385108,1082905,1258553.0,954365
2024-11-12,4634190,655183,478374,972297,2865258,3074699,8600300,,3567212,7008378,35440090.0,3226040,,1786544,210353,6539785.0,472702,40772606.0,4469198,14323653,370273,13434053,1796207,514976.0,597709,17509327.0,1133027,5821427.0,217033,880333,982565,2258208,3122761,514530,333369,2268546,31451187.0,8566999,405717,493166,18059427.0,21699452,20866440.0,,709583,1279875,1320174.0,1760423,332856,10569618,4955591,1684922,14327053,115216990,815951,4403067,3678671,11183936,9283378,50836087,243920,2182495,104692,2213617,1394515,,4486318,4097102.0,4653949,2785030,25377406.0,15213458,6976667,5821955,4216490,3895620,12884295,534497,,780761,2062445,3815894.0,353239,2158195,5994449,872086,24920336,20085030,4643677,754233,1608997,222964093,2414042,2523833.0,2680582
2024-11-13,4930231,893142,378538,784697,1019678,3420046,9051610,,2832613,4854518,37127842.0,3713065,,1012410,946255,7111589.0,571059,43776178.0,3085847,12090116,364168,13642434,3604254,649242.0,247518,8601980.0,449235,3062983.0,406258,369592,1444442,3093104,7600080,185384,260691,907474,45397028.0,12351365,359637,577516,17563064.0,45864605,22671817.0,,604314,1484014,2588627.0,2999345,499873,7594129,2645080,2433551,17690315,123684486,908061,2026146,7211981,3339122,13879833,24226450,213169,1939375,142045,1421768,1201584,,3474633,2045883.0,2423734,2027240,69325927.0,4573090,16799115,3309171,2298671,2963841,10718155,331270,,2097435,1898742,2065809.0,146422,2926988,5606109,556891,23249519,14669745,4489010,591335,1194836,211402633,2530608,2022747.0,475450
2024-11-14,2464096,548569,647221,757614,987745,1891086,7094556,,2533693,5908605,25442875.0,3777976,,2239873,319924,22576504.0,569952,34226590.0,5995485,15571213,568205,14862475,1774820,628030.0,773962,14559553.0,555905,2934169.0,284822,919410,868522,1750209,4443515,402414,290975,1052465,22612669.0,8668690,649785,430686,22318618.0,16098944,16940909.0,,445499,1149112,2188224.0,2905539,941016,6641863,9147127,2148129,10828696,105138172,650092,3697397,8221015,3453876,7008432,15336366,205688,1189332,298578,1755807,958887,,2447040,1498588.0,936896,2088212,31254691.0,4831615,6475792,2928853,2267505,2614681,12917307,2185232,,1183528,1459284,2394380.0,341885,2744545,3597521,771514,21563489,13200289,3790643,1015615,1599988,59618412,1034768,3044195.0,538901
2024-11-15,2126623,934473,495667,766941,886981,3372431,5715080,,3178704,6007153,39728022.0,4239825,,1511349,247361,7221118.0,501972,31313356.0,3732749,12669171,633392,17173146,2972791,716678.0,903024,18131721.0,375976,2811760.0,335517,324183,807474,2086862,3403180,394545,483150,3185170,27884003.0,13983908,409969,557084,13674574.0,20558734,19533735.0,,347737,1012310,1960509.0,3350299,385220,9796544,4158085,3203480,16768766,163161083,640470,1000912,3436692,4748307,7031405,14623819,918012,2099489,150801,1149767,924124,,4616398,2513502.0,1072158,1614894,26922515.0,6752348,6201992,2617054,1794693,2557951,9288630,653902,,762410,1871779,1944821.0,258339,2794413,3603213,465977,16146062,13914207,3715681,501348,1235287,63469850,622720,3685676.0,645579
2024-11-18,1180710,1099457,1115326,1429119,1099147,4034197,4418762,,6304337,5512193,62281442.0,4817528,,2099861,266372,23651849.0,863821,38396152.0,3439386,10990949,403264,24191974,2210037,748692.0,343624,5189235.0,633847,3244248.0,713631,629840,730308,4351244,2010553,581251,214275,856455,94522968.0,12017663,399550,771941,8576970.0,18247606,17920060.0,,270642,869726,1502508.0,1855618,340048,14977692,4433244,2241821,12778932,102346631,3854171,1612179,2738477,7427162,5749362,20738156,468848,3013935,122825,1698479,769706,,8871739,3723034.0,2154401,3800933,11104095.0,5190733,5324242,2326590,1561893,1609690,17917445,662214,,984123,1794131,4224756.0,154312,1774283,4462308,354437,37056378,17939213,3690098,2116801,956279,55072948,611551,1927635.0,626647
2024-11-19,1392515,1404253,431755,574326,1436112,3668512,4096499,,5404738,4199984,51889335.0,3488701,,2294079,187585,9115833.0,857409,29990253.0,1736889,20276765,368679,6500394,2502986,256423.0,508862,4278587.0,947699,2864834.0,906854,681583,816315,953079,2848426,354108,365438,422201,30258148.0,16253283,316982,672507,9826498.0,22521670,29689522.0,,564498,1527708,1784586.0,5149859,312243,9476320,3720039,6106633,10660154,140555210,757240,1252902,6444237,2485978,6241280,19116485,272806,1666424,146247,729423,1147922,,2012910,1586909.0,3043287,984369,23901372.0,3379931,6486668,1982817,2161121,3455383,51942978,665319,,729321,1672224,2996440.0,113306,1576441,5546819,450691,11690606,12493361,3837392,471630,1051936,71956467,438601,2195164.0,413190
2024-11-20,1990239,820301,544733,647218,740920,2893082,5287527,,1867220,6659950,31095842.0,3114215,,1417979,235950,11084043.0,837925,28987219.0,1201157,18829182,416419,8709764,2718738,625841.0,248374,12837536.0,494000,5158003.0,510300,275897,1815857,1937582,4509054,412335,168798,591879,33662030.0,15269416,414749,586811,17623407.0,14605866,34785355.0,,315527,3086042,1896341.0,6751973,320640,11351132,4770298,2498761,22050904,128349164,970019,1463554,7928159,2429786,16145882,30266884,206329,2334250,137958,871718,1376467,,4236489,2641806.0,1610782,8085593,37026299.0,3786413,8607509,2060960,6480827,2673561,6943479,693027,,866657,1824825,1622022.0,224525,1824660,4007603,727959,29447333,17255815,2431983,702284,1655745,62756304,454036,2043539.0,418771
2024-11-21,1435404,545540,349296,555641,537875,2570919,3740347,,5454398,4275260,32355750.0,9284074,,2859952,248305,10900030.0,562796,31243080.0,2463896,11135297,286838,56032790,2226146,365380.0,517069,4484693.0,633034,4282914.0,492179,351605,834442,2519352,6362133,279639,423061,526838,29116318.0,5884491,336173,1121783,19147007.0,15315239,27836290.0,,243257,2154956,2640951.0,1670764,292792,66194929,7065643,2263598,11007121,75605300,2142616,1229790,14571276,12674927,9722487,36702334,201800,1573034,117814,980340,1147040,,2815123,3153971.0,1320624,4720866,24308445.0,13056399,12412477,3149318,6744872,3137213,14246486,716398,,794191,1289317,1495290.0,442235,1872251,4037116,1594501,45144705,12790828,3828830,1024547,1566357,56721836,421517,2228648.0,951439
2024-11-22,1090192,521696,605021,542686,703054,1590035,3518491,,2868658,10230847,75378934.0,2195131,,1065922,294162,5004215.0,1479625,36507407.0,1620240,28953794,399433,11521112,2072355,299194.0,487473,5741529.0,206474,3156681.0,385326,437403,926981,1338580,6331391,349714,208639,464579,15050926.0,7504910,406774,427181,12083516.0,29363716,17692666.0,,568139,732368,2933349.0,1635885,324066,26211329,6275562,2743325,16160907,156356317,725502,1493319,3686725,6260138,10981849,22380952,417594,10508720,97119,1562034,1413766,,2505118,1496423.0,1886359,1476158,15593141.0,6242840,7805859,2517446,2832721,6214893,27151006,725893,,840435,1484312,1489102.0,168043,2328156,7097784,818586,17830136,11234344,3944750,1389097,1447777,64901344,1059734,2837968.0,742703
2024-11-25,4382159,2520383,943938,1301897,3831269,13091839,10868881,,5509464,16951867,78251572.0,7827714,,3384050,1279526,6378539.0,2777343,55878231.0,3105425,42827910,1599448,45030211,8884142,1047089.0,599778,9238928.0,1042573,6410601.0,374479,2693008,7319807,4541545,4942477,524195,239296,2059309,31215805.0,12017864,1705732,2766165,33591431.0,52078480,34850737.0,,1167038,4262074,6808678.0,14096627,1454043,53083891,42213290,9462377,31914198,352150566,4277964,4107809,11795343,12344358,21890302,95158213,471244,3432823,141806,1582563,4850157,,4288423,4731890.0,2793702,2465689,31097848.0,19311633,22803039,12774196,5007271,6819460,36252866,716577,,4720397,1675887,6910772.0,587203,8021080,19480026,1850596,52707488,63656070,7339691,1554226,3054515,252986180,1193985,11135745.0,1613313
2024-11-26,2734918,568166,436649,566698,794805,1816384,6219364,,1993298,4854510,60513917.0,4022656,,1548696,214715,6832134.0,403474,36191208.0,1822508,11802134,361356,16717410,4711612,518595.0,445074,2461925.0,419048,4142696.0,270533,249522,1040800,911121,7882491,329349,519458,477204,39358848.0,5805074,200346,975986,7227457.0,37433213,28091967.0,,324623,1426618,1701266.0,2169994,560099,11008825,7419634,21279962,20093689,119880964,945897,700496,3237978,7599243,12904676,12763142,124930,1289760,197853,1301824,838440,,3057649,2003258.0,1204691,2156669,16715296.0,4096163,16605806,9224560,2796030,4764149,8383836,268655,,1191637,1499817,1921524.0,157216,2176346,3706482,714900,19234932,29238390,3390960,855978,1019953,71146013,466036,6370705.0,771111
2024-11-27,2870252,830693,364964,944551,600464,2028625,4274649,,1962171,3948375,38376963.0,4334784,,630464,254444,12316222.0,715270,45565981.0,1142145,17136345,315350,12677861,3598804,277711.0,398355,1987019.0,329339,2765892.0,256760,540599,1293189,4074607,7588237,324095,202261,337535,36029315.0,4017467,289345,872487,13537804.0,25984681,22231556.0,,959120,1829460,1634385.0,1988032,517646,7673053,4256916,1567707,14721839,100322878,647896,772414,4347838,4159707,10389637,14021827,136464,1221186,177491,1127882,1786747,,2062697,2309509.0,2729538,2808737,11143921.0,6379164,4231715,2846766,2824758,2692901,7992269,528400,,630006,1518935,1538656.0,163444,2753854,10912711,612706,32233849,51056137,3882057,742469,1539535,58877638,308474,4237154.0,491074
2024-11-28,851408,546795,395760,836397,438131,2729587,9750702,,1606465,2742311,27795051.0,1805273,,529995,480741,2268483.0,222457,15369425.0,955716,9495595,263357,9093581,2897553,326115.0,93541,4698403.0,160549,2192542.0,137557,199688,930908,835675,6433156,384208,554042,245379,17128841.0,4238885,508777,268018,6768332.0,18051198,51032292.0,,190726,1113726,1618633.0,1933352,180657,9097680,2551479,1691128,12778092,65853223,298089,655818,3271020,2885767,11167464,13903380,99056,1501714,128109,714236,2005826,,1310440,847360.0,759732,3647429,6103950.0,2340261,15559886,876769,1209306,1348220,4926317,309544,,487311,2623996,839692.0,203029,1639638,3919821,223597,13745078,5208783,4868857,695122,584688,73080924,272510,1915313.0,689563
2024-11-29,3097097,643532,424818,750860,777825,1655403,5786492,,2380552,11856703,33732740.0,3407994,,805281,407735,3276431.0,824455,20089503.0,946388,18590224,582193,14407014,2143955,358354.0,197531,2184287.0,174656,2656864.0,339924,403027,874985,1633035,3100456,229628,384682,381914,22053975.0,4678466,282959,601524,10786407.0,20235257,13531819.0,,332032,1692660,2133437.0,1797899,499919,10275405,3165756,1305354,9690836,112998910,642824,1329107,7026707,5481962,5905321,28484309,236004,1183359,151190,736172,1390570,,2011784,1911687.0,1239524,1378115,24886536.0,5149912,4718263,1569847,2227913,2764110,8452272,635625,,788386,1708464,1467627.0,270101,1256977,6056081,332921,14636672,9560722,2327533,678536,1696531,57847149,530385,1994297.0,374865
2024-12-02,4418843,550498,424059,669594,973173,2147883,9359904,,1931093,9969558,37219828.0,3990047,,1307852,577881,4511309.0,655180,21721770.0,941174,28481798,241482,12708179,1845439,439985.0,247662,3777936.0,171941,3071351.0,172492,617943,807789,2472773,2835501,474877,215866,340021,16096208.0,5012839,213736,390424,8536645.0,13776663,13474526.0,,323032,663743,3342447.0,1899157,290015,6085516,7604971,1347591,10498507,111970703,693080,1490782,9183789,2758835,13966125,23012216,200220,1757285,223510,957360,1102869,,2098164,1825437.0,1167423,1468423,15108644.0,4354522,4717652,1647308,2140940,2430098,6512497,332913,,971682,1544701,1922059.0,295810,1523975,3747947,384267,10480184,18569084,5476711,885710,1026983,279099971,400929,2049092.0,434234
2024-12-03,4390380,802668,686488,670543,883043,1647448,9686960,,2193680,14271457,44720091.0,6009035,,1096708,264681,9023600.0,606601,38341720.0,1379722,14327276,409205,18307381,3466015,330309.0,266775,5778977.0,184326,5402113.0,188693,331696,1019905,947291,9242263,414385,323667,657360,55313864.0,7976947,284179,723731,18057563.0,17859061,83702338.0,,339154,3414804,7914445.0,3097346,251629,7295448,8649233,1323446,19932931,114764926,983132,1061200,5257879,3152680,8585011,25210833,226858,3408542,262020,1067953,1060454,,2486738,3028832.0,1145563,5496780,30776283.0,6184032,5801765,2487379,2600397,1479715,8589649,276705,,938636,1711028,1124726.0,479066,10428871,9059945,721916,9721257,16418130,3071653,864532,1289010,61349530,1052289,1983943.0,925578
2024-12-04,3294317,860865,597638,669853,883738,2286560,10649031,,4060643,4224888,29800816.0,5400245,,2311623,437494,2908515.0,673892,26302667.0,1274565,17093149,497630,20176177,1942507,833695.0,219812,2935942.0,300483,2701746.0,159548,737662,2950776,1500158,3034229,1410946,671024,1358462,46416979.0,14432393,454015,589858,16945082.0,15505348,27763520.0,,746603,981152,1535397.0,1738516,264437,20817196,4736099,1585133,36574236,123358921,475620,1298789,5840931,3774438,9852159,19726448,209975,1804770,178007,1839719,783166,,1962475,2392852.0,2257426,2298746,20669150.0,4742640,5872389,3128744,3117836,1363841,7758984,199777,,948795,1611269,2247199.0,425939,2403807,6829463,568170,33294136,19344501,3441652,3843887,1756579,61422473,254000,2730870.0,956355
2024-12-05,3281976,1262099,804065,371656,542370,1976798,7727085,,3715214,3979387,26092339.0,5394923,,2614581,238456,12614799.0,1552556,23462098.0,2529971,12837732,365954,8514817,3510160,1053968.0,294124,2465843.0,317841,8539820.0,295739,241880,1064836,1393754,4128044,234355,3335597,361396,16486829.0,6605516,200795,366630,15341177.0,15648577,28888488.0,,271632,1363244,5826714.0,5423630,805508,8020861,8957821,1656613,17385276,212730770,1584825,1746689,5813835,2441585,10160136,24835561,243861,1122832,158266,1935676,1163509,,2570264,4073507.0,1216338,2771503,24770801.0,4094569,5339076,4576316,5041509,2419041,8422443,286008,,593871,1786464,2763328.0,504568,2030164,9155846,661427,21116198,13530286,3840823,882894,2133128,121207615,251461,1923877.0,576786
2024-12-06,5838576,1026341,332559,474146,671639,610284,15470787,,2351711,4419294,34652434.0,5415598,,1351494,569331,3535825.0,562471,49269965.0,1103084,132271349,475617,66604673,3416982,3425240.0,267080,4676549.0,233703,3105533.0,148070,378173,1667517,2497528,8575508,262670,875212,349150,33944889.0,10897195,379905,423949,22199302.0,27201774,17290231.0,,245246,2539317,1723883.0,2198960,1741786,9630641,5230149,3524930,17099484,104208608,1360503,956080,3817135,4058839,6115272,61307804,1252817,1340623,133983,1300951,1185641,,7669255,1081866.0,1387185,2977541,76888478.0,3449785,7004174,2888164,10114277,2558294,11563571,226179,,612791,1315480,1787873.0,155502,1871523,3279278,680534,37731399,15298447,2608497,467167,1967742,120047577,1747070,1802081.0,1503072
2024-12-09,2634475,3951792,334814,740732,1449121,2043779,22407552,,2639783,7141046,21226133.0,3126650,,2704017,358829,2351677.0,918605,41255190.0,3816924,13096922,637056,12049504,2348214,448472.0,445569,5338652.0,159932,3793506.0,280596,383063,1708698,807719,10844235,369103,723373,707140,90617804.0,7304631,203265,553622,12438371.0,10752723,17653901.0,,329277,1171606,1161925.0,2049665,266568,7564433,4127532,1835278,17321870,77299528,505092,1669762,4669360,1626777,11420326,28944703,287047,1258025,138030,707975,695634,,6993106,3993316.0,810199,2448405,63254926.0,4184459,7482152,1487387,2086080,2352464,9364160,138255,,603758,1611857,1718902.0,165636,1426727,4731478,380565,7971824,13341452,3753668,1041953,954206,109407274,540917,2944592.0,527316
2024-12-10,5278657,2480058,312181,2643519,923455,3426708,5738167,,1481524,8578212,23272737.0,3085201,,1653973,425482,3314441.0,493471,27056028.0,2162693,12378279,396860,18030206,3146129,310555.0,610081,2256560.0,113551,3593573.0,173398,372890,680000,891472,2627100,386175,532740,1508334,30989391.0,6016716,978995,931322,17515222.0,12480036,13792391.0,,377616,1516080,2449798.0,1423328,558008,9622323,3156753,4213570,8325621,111467937,696820,1149316,7469050,2734915,6522198,14015525,405526,2131603,114012,946415,1480323,,3687878,1988856.0,1064182,4464538,22921957.0,10526245,8483527,2119530,8860339,2446651,13143139,445809,,821302,1191224,1731900.0,480891,1798116,3073537,499183,25395230,7745450,2168724,861296,976972,79347064,424316,1534940.0,330096
2024-12-11,3393214,1941985,301545,3512061,899411,8246862,4438075,,3058026,6158523,66367713.0,4421920,,2240345,305325,4433089.0,978065,32162289.0,3267160,13881486,1018420,22052719,5739476,424538.0,473707,10809700.0,430809,6972310.0,600364,452403,631331,1291278,2365741,327162,436769,536053,60879895.0,15020689,194058,462288,48622736.0,22689657,18075347.0,,654341,3112640,5386351.0,2975275,666716,13061462,4705896,1991106,10700732,490155283,1049350,1021873,9568954,1919892,12962334,15603247,1522556,2488041,112637,2259646,1425025,,4077839,1310500.0,1360703,1680221,38399196.0,12243075,8532750,3106751,2968032,3451197,9894494,300849,,2331502,2565290,,352307,2397270,2937543,712502,31375394,11988791,1728802,1143254,1226996,182306526,563067,3850467.0,804949
2024-12-12,1655396,1094388,618860,1546572,1379766,1340453,7183872,,1596780,5358003,30383450.0,3990793,,1553580,411516,2132061.0,802259,23371766.0,1409365,13993954,384930,18065341,4649947,271273.0,426858,10419877.0,209416,6931952.0,254825,280344,934280,707394,4156612,354757,435067,924988,22506200.0,6664430,191151,319059,15693622.0,14616549,23479580.0,,257173,1208364,937117.0,1610330,330315,10440149,5352555,1643801,8363173,100438646,493887,1012637,4817259,2780569,8391279,15594056,286660,1429610,136353,1116379,1909035,,2019451,2325791.0,2737819,1281326,18755100.0,6542102,11980816,2664216,1497645,3313092,7117142,378256,,681524,3920949,2017066.0,93055,2044437,3940171,363690,9255862,12026807,2641829,1119253,818327,55360450,727933,1500181.0,769523
2024-12-13,1848692,812468,302166,807749,530148,1740777,3315852,,2015813,4069293,17943580.0,2124795,,1331551,308741,5080081.0,551253,54185785.0,867790,6830074,385520,22731590,2051065,369370.0,218422,5637322.0,197286,6077629.0,144798,525872,538393,793453,3015794,325534,687920,637002,30990003.0,5497727,145043,304440,22431558.0,17831401,16719136.0,,352701,2834113,984830.0,2836045,187899,17910258,3203705,1999668,7117884,118032599,1067467,855249,2593313,4757054,6220845,26648281,378082,753047,115811,1239165,1661052,,1812778,2281241.0,1230133,2618794,8075118.0,8695063,6742384,2599528,3521078,2013036,8267094,273584,,525102,2214842,1808591.0,128582,3070541,3135540,220540,8880495,13033844,1792599,1458140,754109,92901879,1651887,2711195.0,865918
2024-12-16,3194903,1221252,241915,1247565,738632,1691335,4858180,,1359168,9962882,31793460.0,2490686,,701821,267545,3741009.0,705816,55594578.0,879475,11172432,770276,19679878,1684265,257345.0,290780,8809950.0,384606,4659523.0,266553,416812,2982679,1041776,2971577,493781,483137,359981,23559419.0,8010399,477569,889314,22570507.0,18511887,,,285286,694085,1532998.0,1775316,351715,14693140,3979105,1449668,14329548,89541373,927605,761303,2827124,2269152,6001199,19819764,237470,1508554,107758,1248373,1170698,,2805446,2768375.0,826196,1878564,10297107.0,3198303,6475090,2874919,1360898,1745884,12972923,194074,,662783,1780294,3042208.0,161922,2127679,2922505,350942,31124111,15342133,2557208,479803,834773,129526981,547579,2184909.0,335414
2024-12-17,2676272,3475076,919711,2722179,1148522,7526739,17512978,,2365428,9894577,61963968.0,2842251,,1790140,532736,6758568.0,3094149,44072222.0,1398315,17057776,1099106,89489059,5563078,590664.0,519849,15757838.0,296518,,232340,559756,2078953,3166237,2648420,437520,1930294,1244706,114447889.0,7821868,797463,851306,40544793.0,20337157,,,553308,2846374,4215035.0,4514097,607042,15980244,7952942,2560436,19665427,222377220,1913657,1352542,8862723,3595132,13399903,43429272,786020,1797348,169634,1285327,2357927,,3138334,3538174.0,1275400,4591131,16452033.0,3796974,5071257,2795598,3283179,7990407,22053156,212529,,890422,3822911,4988994.0,389075,18042676,6195605,730394,11827794,32299371,6726736,2615474,2122407,79063544,421668,2044626.0,1992875
2024-12-18,3135526,1123499,387585,817088,1348505,2141304,11711339,,3573076,6693940,25399661.0,10329010,,2721354,306114,2964077.0,918784,53111191.0,1053719,12692614,509486,13299053,2405364,340281.0,251085,5902398.0,287179,4342546.0,353806,325047,4712857,1755945,3917805,408214,540147,1665436,28522617.0,6644940,395209,878204,22241138.0,17505571,21861432.0,,467624,2004385,1571018.0,5564999,215680,19503582,3619671,2139093,13247339,141994525,1117630,1194834,13597698,3459585,6948266,20527219,1461627,2819505,141931,1569010,2343585,,4868840,3868548.0,1691416,1804836,17620383.0,5416519,7116189,2421819,10110965,3624644,16337276,232665,,1220369,2040077,2414469.0,126893,2017454,5911543,554771,22537122,24424525,3535740,883853,1955433,122828797,331363,3614331.0,509039
2024-12-19,3520552,2058985,479996,1190343,1301097,1054275,10731285,,1895911,7927687,51575171.0,5044124,,1648693,329608,2799962.0,1182904,53166712.0,1753828,19791150,438354,24722114,2339575,218093.0,453549,7309326.0,299181,5406601.0,204391,374948,1044447,2958489,2978671,528349,440609,464348,25353052.0,7849986,328984,804470,22167969.0,22468143,17330245.0,,691574,2701281,2413946.0,5716524,180236,15608446,3098056,2799099,13004478,152444095,779092,1014766,7247220,7249407,11738353,15201926,314840,2481049,181551,887815,1840837,,2722220,3770097.0,4487102,3649201,16171546.0,6532189,4794076,2733675,1692978,3126083,13959583,200053,,613261,1945849,1777714.0,113836,9636920,5082671,1341166,22673911,7940149,2685991,1215429,2600161,63503474,308059,11200417.0,632719
2024-12-20,6833022,1814731,956995,1966565,1878176,3157921,13981142,,3840236,12497015,68228161.0,5691136,,2570085,965781,29215147.0,1736062,89845670.0,2461419,40023432,913650,35744242,4446740,569512.0,957563,7094512.0,737497,7432149.0,496163,786110,3486841,3495778,2851093,843365,3539461,982717,50446476.0,13999848,843155,1946429,39768126.0,75955984,24671105.0,,814012,2481078,4323049.0,5993448,484258,30094047,9817440,5512129,36999984,349339807,1386055,2264807,12541016,11826422,21581221,81290524,940073,7840821,278628,1355803,4067449,,5784476,4376945.0,2595859,5318218,23870849.0,10667493,9750515,3558605,4849572,8664207,21158730,588436,,1184143,5065537,4111086.0,337022,3977481,17147511,1819915,40046437,17565552,7470978,2085740,4616390,153387989,655049,7717121.0,2237562
2024-12-23,1114565,674083,292075,526711,413659,644271,8311634,,2737381,4392030,13605305.0,1832119,,652326,196214,1659296.0,997685,15893791.0,691295,8414877,216061,13763018,1247648,231866.0,182132,2559915.0,109525,1660817.0,147998,346526,11662346,1119779,1899385,280650,1308176,251446,35192481.0,3702581,250173,297353,11491229.0,13697932,14752462.0,,170667,672865,1052432.0,1043864,167103,26951120,2280003,2705625,7745286,193151547,444649,1067536,3200023,994062,8028559,12404584,186554,2338564,129570,503271,700804,,2429053,1119927.0,543090,2033428,6533098.0,2551765,3692980,2453322,1388819,1394785,6564724,187485,,322648,1421076,1300695.0,105289,1167914,5095476,1041032,6240707,4666181,2386146,360779,697291,63293094,351640,3987663.0,460631
2024-12-24,2597700,211995,56682,186802,129493,421006,1522082,,754282,953899,8298189.0,587369,,205211,89434,2648680.0,175540,13684120.0,235909,4139038,329932,2873925,552952,110859.0,48737,3457457.0,32607,730715.0,36286,80717,394373,719830,637238,137776,98664,118585,5883053.0,1960702,387165,144520,4651531.0,3604795,6771730.0,,39945,294089,395016.0,363519,62392,2709928,5612830,1345112,2846621,70289585,92070,498647,1744275,1931791,2710417,2627707,227434,844414,48933,523125,1236771,,484832,405243.0,340477,2230060,3908850.0,785016,1484041,514132,224185,379157,3634589,91649,,95232,1400425,808350.0,26495,296882,1909723,111859,3125759,9156125,429210,136649,231083,27798312,51690,418665.0,110297
2024-12-27,1965411,566512,184079,492245,571040,701727,4939254,,1126432,4922461,15970484.0,2498568,,493496,176965,1669011.0,399319,15838283.0,514239,8378961,406177,12891861,1229336,169253.0,166426,2232905.0,134109,1772645.0,108252,283108,1725310,641373,1266408,276156,259007,315205,14333641.0,3344268,281209,232283,14648064.0,13069986,19544274.0,,220870,512647,714831.0,2318914,120933,4499707,2319058,2976736,6577197,63634119,280041,546740,2457139,1541882,5031230,11922203,141359,1352499,98861,571941,750042,,1260940,1588060.0,724581,782113,8634979.0,2775710,2702565,1809617,959371,1123280,5924098,226841,,318443,1029226,1352814.0,111680,1037198,2446047,281469,5777308,5756576,1223677,329859,701914,60270857,206602,873091.0,322671
2024-12-30,1223505,526595,163695,459675,484483,693388,2789781,,812636,2902451,14724719.0,1461264,,364554,230136,1552980.0,405803,16079192.0,735499,7325624,297536,11044942,1070194,157099.0,151716,1813158.0,196948,1980687.0,96009,220178,1378760,880277,1250879,305923,142873,618014,17058714.0,4697717,189770,168617,8024749.0,11565121,9875908.0,,176679,546885,1007455.0,1408371,96844,4556561,2734199,3353430,6994227,43336037,303182,893665,3417048,1191545,5554336,5998305,116368,2614415,95350,486163,660413,,1139345,1174972.0,486600,726911,8792530.0,2367300,3403621,1907916,2356356,2021632,5181790,143833,,311238,1206977,1011044.0,118006,1071354,2460655,297020,12322424,4756991,1453892,743208,595953,40884277,349641,1464828.0,335776
2024-12-31,786798,242160,74692,270783,316288,507898,1510419,,377953,1778902,9253099.0,850191,,230420,118658,1024757.0,201242,8893052.0,543051,4972440,197380,8148134,517811,85316.0,40554,552996.0,72749,911353.0,78352,107332,607598,312237,616301,162755,65904,142244,7131966.0,1742481,103513,107848,4949452.0,5261702,3682554.0,,68547,563043,529291.0,644500,151154,3294858,1028238,740673,4865276,32226362,315229,658349,2064341,924333,2928154,4276990,116653,787900,90838,221247,483422,,567991,543875.0,246348,380404,9132950.0,1173594,1516888,990413,498742,1428225,3092232,33461,,191162,1161644,462993.0,26568,1084148,1136013,175890,4497597,3322451,812775,331131,440056,35862847,258182,508506.0,116136
2025-01-02,874452,535585,810200,517369,486978,803412,4093291,,2588002,3409949,16234904.0,2405603,,695288,215115,2533990.0,291212,26179116.0,697310,9254282,356213,13963098,6796209,146207.0,253635,3003709.0,182033,3139437.0,112654,408752,7303663,2533887,2843717,291058,135295,406747,33657245.0,4493694,217614,276568,7256469.0,22903622,14615543.0,,211670,747754,2614644.0,2243844,130976,4114093,2474782,1034222,9327447,42442125,384679,501176,2983594,1495492,4098784,14251057,217103,2491462,190555,481432,906755,,2592182,1378596.0,469247,784250,16730522.0,1802525,2315267,1306246,1275268,1274465,6040823,251895,,364046,1509231,2483758.0,66431,1649810,6053077,314853,6901396,8201811,1610879,555313,466848,38313245,286300,1263089.0,367726
2025-01-03,1197597,1346195,159403,1546732,436582,654655,13648261,,2879413,15588179,22674822.0,3954594,,757638,325050,2693103.0,327702,28423669.0,1154970,7211624,207369,7837510,3212910,150949.0,223360,2804961.0,177635,3120959.0,103670,254376,926205,8934868,5145749,245965,246377,623148,56405452.0,3512906,156582,308515,7147785.0,22045530,76398272.0,,141712,7399986,13071465.0,2529347,320005,6718425,2807412,1868738,9715180,131283503,491243,435706,2030240,1406012,4362089,16249516,481177,2458073,157161,1423570,689696,,1584098,1861960.0,510657,3458793,6438560.0,1529969,6479534,1547568,1072915,5677194,10583950,128370,,402140,1690268,1513585.0,332822,4855634,2561487,721521,9184231,13377544,1797833,898946,441536,117786934,438279,1829240.0,286048
2025-01-06,3330563,890773,371726,3630575,1278559,1292469,6796528,,2451616,6457701,33697063.0,3377027,,738012,476461,2840098.0,614309,30143079.0,1122805,16255668,304491,42559591,3915684,226177.0,217984,2561474.0,839549,4893705.0,108930,315446,1651063,15569924,3514214,462266,214018,226585,32723639.0,15496097,183512,364577,24132430.0,20891733,25562961.0,,468039,1324388,13535929.0,2319206,334372,10013294,7280791,1653744,13341915,185826184,1234233,944390,5003401,1991621,6182181,14859065,253653,2287753,141272,1187897,1550223,,2311874,9429245.0,1177157,1544951,19109873.0,2555461,9603472,2755470,3865781,2207253,7942966,312670,,516250,2285970,5869141.0,105442,2813752,6197962,2525282,15179106,13961320,3286017,796404,1177468,61929699,297144,4006421.0,4840740
2025-01-07,4436490,1658500,366984,3132520,755197,1150020,6066045,,2763990,6848625,36053588.0,6050632,,1450948,388661,2625161.0,717814,42143206.0,1154376,13215656,339057,9261880,8273360,215639.0,271768,4639035.0,629716,2689024.0,214879,312054,993295,2358656,3131062,403834,309433,397004,50609138.0,5802616,551241,1125721,9253084.0,19327480,17749523.0,,151404,905387,2691307.0,3229651,222299,14158560,5339020,1542518,15973914,169652241,962677,1825293,6735580,1581232,4999670,14200210,872852,2517711,140184,1493690,1058129,,2008568,1996022.0,993822,2900457,16269992.0,2903655,7547517,4318692,1448957,2854327,18385646,401244,,516069,2099669,1988241.0,85703,2169511,6595452,413644,15707639,17849611,3854694,1001097,2136011,71762811,371846,3703284.0,318131
2025-01-08,3055441,1079343,363670,1725178,1175079,1896469,12886678,,1222394,19150380,42976306.0,4753517,,840734,449780,3931608.0,410656,37979014.0,968236,24763166,357402,11253698,1643143,338809.0,520699,3250019.0,253150,2425126.0,166493,267049,1069995,2233582,3551193,433277,350379,555222,24486642.0,3762536,364279,512424,17377321.0,23420002,64536373.0,,196549,798119,908210.0,2530866,396847,12332094,6531030,2385617,51921553,171903554,986159,907969,9097078,2124484,5344665,32049067,478152,6230271,144012,2290581,853518,,2252488,1579174.0,3691611,2000029,12009385.0,2200013,6390058,4414815,2215743,2047781,10527716,268852,,451542,1902803,6598880.0,71982,3870425,6891786,422996,12120406,25150992,2231437,1063750,2774215,95332409,274981,3558914.0,1264050
2025-01-09,5036519,1216967,691506,1095062,863884,2122242,7128973,,2841197,9444869,77895220.0,1777848,,1755083,455153,38088867.0,538715,23103305.0,3804108,14278002,282985,37917063,3963924,211916.0,133559,6983252.0,142885,1949866.0,266408,212556,1184369,1431924,4377546,385365,1179605,465805,35559899.0,4770209,345387,913183,21997463.0,61105458,25323868.0,,191292,2271442,2756839.0,4706473,228212,12853171,8428012,4040536,36382826,101445847,796033,857542,7516975,2831848,4260323,21531051,264158,5168191,122978,1900362,762999,,2298487,1686370.0,572884,4438113,18361106.0,3170291,9093371,2425480,1535907,2211072,13478482,232237,,655824,975957,808428.0,166553,9699085,5498352,446503,22838800,36370611,2715004,631547,1832356,64877500,212816,4184760.0,1422481
2025-01-10,1399471,1103147,303558,1034399,745468,1146885,11746334,,3061815,3484392,58858463.0,2470564,,1591759,456351,27207547.0,479807,40095354.0,1354131,14704474,410130,66879943,1832222,290183.0,485050,4645730.0,515850,4582995.0,118952,383561,1824963,1400190,3953646,387658,217958,600734,48054554.0,4789106,176464,297837,26986751.0,18662771,27366235.0,,252331,1350476,1604622.0,2525404,1931963,18079592,5825885,3174278,28493965,195490326,703298,874563,6310897,1994722,6767355,29190639,440282,4189900,176520,2094053,945684,,4557117,1265914.0,1264123,1301171,12840746.0,4176428,7814184,2489074,2752483,2030087,20667251,240981,,392052,2471322,2913956.0,780483,2142194,4132724,997384,14778245,16134852,2006530,890081,1215716,81248283,266551,5215161.0,641442
2025-01-13,1115920,1291099,502386,930904,448111,1672700,23660188,,3953891,4680022,44675614.0,4253910,,2070129,606197,4988887.0,570529,46834170.0,1077395,12749028,272742,43438246,1447647,213061.0,313190,4139563.0,312933,4501118.0,361455,417477,3185841,2467466,3799759,484669,243748,511166,21549194.0,5573791,163944,691084,17765449.0,36198140,24440178.0,,403236,1516932,4723081.0,1686535,409531,11609465,4864670,3748898,28890834,155457937,1346899,841854,10721447,3494330,6573966,22614023,216590,2732838,137365,2224332,1210009,,2887796,3145836.0,946065,2004485,27535440.0,7666286,6443818,2263834,2877205,4244084,27281071,162107,,951694,2345187,1487291.0,107037,2122627,5841953,530016,16110200,26900761,1844506,835274,2663587,121833067,358895,2318102.0,295796
2025-01-14,2402730,3975777,259170,1404835,866315,8533345,9008215,,3903004,7280551,29124701.0,48950132,,1085568,641217,5484313.0,563843,104427143.0,1163389,14181682,810618,12245837,1978379,380748.0,299406,5436993.0,240366,4833513.0,357267,335812,2034005,1680868,2757898,349551,367194,2339154,31383302.0,8300847,408047,687973,8676670.0,20760701,15656154.0,,254586,1232723,2035099.0,2020693,354040,44640494,9398317,3532615,23503294,175172666,2782554,1134729,4958032,1571359,6611363,23633752,309237,8811446,120906,2878461,1615076,,1915398,3059642.0,1070485,1234596,32926424.0,2917467,8105984,1816096,4775104,3294761,21103161,307551,,2143938,1893418,4651053.0,136588,4316236,4886621,661129,16460083,28780321,4639113,1165320,1373348,79663860,339137,2980491.0,454184
2025-01-15,1973382,3236804,373414,1696064,1232884,1708525,14213637,,1861443,5326500,65565586.0,5255866,,1144782,480484,5534157.0,401063,48695344.0,1278795,26036449,349533,22411040,1631958,425863.0,447126,12015236.0,316322,6735682.0,395523,576937,4230538,2722253,4580477,321253,225690,1486194,29340355.0,7776415,783209,457698,72093978.0,24509644,22915627.0,,774719,1155361,1582115.0,2518951,835876,20908545,8906596,3118405,44164965,209760980,1444782,1502933,4532259,2001542,8526481,26043390,447532,3553899,223399,2413214,1959204,,2392902,1954920.0,1320090,7119843,16406343.0,7150497,9199210,3313564,3127586,5166009,7715071,363444,,543768,1606777,3217703.0,296390,3404482,6441411,802311,16576026,38244294,3292569,1479336,2023023,110691670,422602,4951818.0,679384
2025-01-16,2070901,1416409,479471,1842942,602600,2202818,12765410,,1140265,5051736,37501667.0,6239687,,1418484,390527,4298692.0,1013170,35060269.0,2264416,11720163,257545,8832786,1658367,283593.0,323550,3467971.0,363872,3017079.0,220710,350085,1430891,3135485,13217120,572958,254753,1133270,30049053.0,5918138,426185,508565,66919366.0,24013907,14334923.0,,396467,1412327,1591139.0,2030710,518828,47466292,6938042,3728353,12347312,103256947,486874,2045834,5940205,2327018,8107643,15913948,312380,4961831,231255,2359049,2875450,,2370853,3073834.0,751277,2973385,21546643.0,2904509,5728630,1237903,2383632,6175746,11776593,452518,,580211,1564779,2584968.0,186441,2977624,4563084,842873,26333899,39475123,3282453,1571266,2187501,136513773,504017,2324653.0,956766
2025-01-17,6749347,1526591,346280,904612,2570470,1335695,9005428,,2895289,6060386,51385499.0,3984595,,1278261,478695,3497020.0,515692,40947844.0,1500380,20257803,695284,11930892,2215309,480362.0,347130,3861548.0,253401,2706775.0,227242,813872,2282872,3582994,5786160,531194,243963,739410,74148986.0,10274549,345376,394460,161491728.0,31916347,15979997.0,,275843,1339792,3297455.0,2304537,434272,25590641,5769544,2861840,13477443,180340227,1045940,1395385,6524593,8440577,11483250,22883413,334943,2145386,199449,2342335,1551360,,3338673,4139375.0,1503415,1929880,27940149.0,5168423,7525802,1912371,3307063,3562612,11853851,359936,,1233212,4731519,3299578.0,175622,3739840,4314203,753717,19188945,28755756,3923555,1030519,3066137,102386823,536436,4485332.0,439564
2025-01-20,2052551,1576009,412952,575867,1172788,1573263,12398203,,1013433,5809490,28352078.0,4789127,,931797,257403,2589681.0,1172100,41151712.0,2278198,9602268,1372044,10100065,1765246,352938.0,133211,6941590.0,162683,2172557.0,323001,288250,1374657,2401642,3931970,318569,204552,886920,32678636.0,3752890,417046,288591,21602182.0,22745957,21123884.0,,188981,996956,2585856.0,4558350,235488,20135427,5712689,2060052,10094400,108078956,889331,827496,5856488,3646919,6543134,16260131,179339,2920317,167311,899840,876203,,2101527,2680059.0,680145,1468768,13318674.0,3715207,4315678,1258052,3586071,2057977,12675997,225264,,1297638,1849815,872984.0,149366,1943333,2366044,318060,16618409,12983342,3336149,1034497,797160,165782198,299521,2849754.0,419178
2025-01-21,2368565,2191397,286175,907539,592111,2995449,4064020,,1327333,5529697,39436643.0,3034944,,1005755,335850,2071715.0,772284,36304387.0,2316643,15946286,391411,11309557,3363331,296248.0,287864,2846898.0,372156,2672557.0,550566,482761,1227176,2267256,7343958,305915,241000,318563,21085244.0,4656261,272172,763607,21948856.0,15984094,26919641.0,,215660,1348619,1947875.0,1787003,312464,16514532,6988193,1633880,7216551,271182833,1129971,1648844,3499643,2853358,22532886,19052988,305302,1773010,324442,853358,1699317,,2443098,2002448.0,665743,1616680,13632741.0,4825875,6612104,1486113,1201922,5467818,8134101,383086,,726794,4064689,3004939.0,141573,1749563,4744092,535615,9429420,16605159,3073196,901982,1578837,52154874,605847,2021994.0,2102556
2025-01-22,2413948,1372141,258653,937706,532225,6027595,11846664,,1999147,3977070,119155572.0,5662087,,1033011,375719,4015437.0,724481,27891024.0,2527422,14191299,658825,17952332,6548030,294099.0,312798,4820954.0,250920,6542931.0,526777,377938,1585449,1470486,16132149,319344,213375,642888,16259679.0,3749460,387613,900393,61709874.0,14599008,,,185086,874055,2710978.0,2113213,444401,13843689,5323048,2673268,13630829,211020378,1292823,957317,3856566,1757184,7062488,20662044,140630,1491179,183817,1031114,889830,,2672993,7243403.0,863919,2945495,55831519.0,5513033,5076587,1507894,1491208,5605084,7083339,162943,,851327,4779528,2029512.0,189677,2050761,5632351,787050,18550409,17172754,7172999,913230,1530141,98631972,607266,2012897.0,918119
2025-01-23,8307370,2148603,395784,821577,1046090,2212361,5509338,,3383647,4171264,37652718.0,5962619,,1822036,492238,10454158.0,1650187,25528694.0,3712277,12215103,570413,18483778,8874438,622205.0,358425,7394583.0,234323,2213067.0,238709,457784,2185771,5587252,4648522,310793,819471,576987,57581709.0,11974199,622625,1158870,18135465.0,20377732,19839022.0,,270186,1614641,1104909.0,5778553,349973,27370195,12366271,3224422,13327792,213818158,1968985,606533,4184661,6737696,6897608,73609814,802439,3752632,173795,2300627,3022688,,3915285,1965958.0,1822818,5998059,70632081.0,3764390,8736654,1001248,1441875,4121984,7793224,297787,,1023148,3844205,2015749.0,266427,3087609,5497384,1291862,49622934,32598955,6781633,714403,1034875,56534381,2202768,3784830.0,1343559
2025-01-24,6016484,2477930,450262,759270,642841,2406351,5643922,,1374874,11283314,22990549.0,5236544,,422374,501143,2694029.0,730120,46315438.0,4979586,15545913,344197,10226008,2885250,276015.0,1258030,2794229.0,284306,5767212.0,199145,372654,1256606,1714363,8270191,203973,203907,565843,27736742.0,5012275,225961,331509,10216280.0,39775138,16131309.0,,226963,1162689,2041901.0,1935814,489205,17412197,8189461,3016466,8498839,100919100,434699,799232,3196571,2229768,7167788,12201236,265576,2566476,150848,1576169,1313001,,3497190,2250164.0,1641886,2061929,54606737.0,2662933,5969322,2239357,1942785,2888707,10594536,242873,,689265,1438080,2076248.0,278457,2603696,3620660,566213,19544377,28140820,1828858,675146,1014903,59572722,786318,2330835.0,1027607
2025-01-27,5221550,880096,530571,1069012,729262,2298182,6426136,,1228179,3770297,33626143.0,6817272,,797752,470725,2051409.0,775463,39404680.0,2022050,14217783,520439,21278633,1911014,792529.0,304395,3726451.0,172101,2284045.0,219324,544676,1563740,1387671,12470297,511396,185981,2283311,33814613.0,9362065,359759,659209,23025579.0,17558628,16022415.0,,268965,868628,1148516.0,3365706,733220,15565745,5496591,3294547,11756902,162717101,1009569,821636,7343669,1958589,6875061,10804481,170997,1203730,248904,637378,1027026,,3471644,1636176.0,964708,1156885,18996801.0,3943220,4265674,1852763,2191583,10019577,6118913,375086,,702576,4330642,1440068.0,218101,2170827,3263953,379326,18743818,10354542,3407747,781190,969326,47402382,415147,1908865.0,953004
2025-01-28,1936346,1605356,235988,1235362,1265306,1886682,12199729,,6515272,4082687,39485551.0,9697223,,1476716,298832,4579440.0,752481,36882689.0,2478956,12919036,346959,18835747,7836181,299244.0,397455,3966629.0,137618,2172277.0,144645,221357,2012097,2791333,2124818,347019,327126,407128,22784767.0,8877682,523054,1005529,10815536.0,19402631,13688083.0,,182336,901358,2590914.0,2016060,333784,37507036,7046340,3193307,12537820,169466479,710114,1602069,5985836,2107383,6247073,48996587,255174,3785304,184007,1265582,1296147,,5313095,5040415.0,2417621,1004861,23574084.0,8397525,4997674,2050070,1348125,2770780,5650177,470229,,1001773,2824037,974842.0,470793,2613745,4814970,552860,7488481,15452515,2502448,839718,1065361,62769248,478472,2266595.0,482548
2025-01-29,3283416,685813,535963,1160872,739481,2685058,4215474,,1703695,8992677,44836689.0,7447743,,4169951,737477,1818045.0,1135649,51549072.0,1068587,17285661,295045,11064031,9338922,292755.0,335781,2779489.0,175961,3476301.0,135569,277713,1001726,3035980,2533281,263844,244223,1131337,47750492.0,13830830,666452,759798,12787092.0,19831233,19849737.0,,172567,1406143,1355248.0,2118087,315300,20236266,6151216,4114373,8634971,138268536,776125,1950570,6442036,4253845,6507539,24645311,912237,1204092,134905,1649000,1587085,,2372159,1806415.0,1390449,1191184,14744222.0,4593537,4961363,1707916,1751934,3631818,8374553,467404,,649719,1685150,1160062.0,397176,1846376,10459917,756383,14401819,14424681,3585729,681526,2631764,56298703,419084,2228346.0,420716
2025-01-30,2098718,705865,441065,1086931,2111335,3878656,3502606,,3102211,6373172,32430324.0,2991102,,5173641,543624,5465746.0,477276,28815750.0,1599011,30534368,463773,9860761,1635623,226747.0,402771,4197565.0,203418,3465121.0,128973,580097,1395317,2689563,5499686,263232,285485,750943,36448478.0,6672399,1765603,627339,25637138.0,10693432,19915430.0,,270467,1219052,974567.0,2423114,212200,15161310,8771852,2178336,13014368,89430194,616044,1581557,6826267,2926273,5381218,11626421,192665,1096461,135248,928159,1312924,,2776198,1964538.0,1322367,946711,26399855.0,9141710,5970828,1266003,4035338,10323467,8887877,683720,,522918,3784775,1633276.0,290578,2910574,3927775,498972,10603507,18402006,2422125,655287,1747863,39414698,399427,2755802.0,1076835
2025-01-31,2197298,2035502,397773,861355,766978,6752552,4017818,,2934215,5317781,29162819.0,10206017,,8816848,445468,2711508.0,1225368,52394739.0,1888726,23117831,2147126,45664036,9321193,307334.0,484029,2960743.0,242189,4287727.0,609434,858790,1681370,2421846,6950849,345090,239415,2139696,39381109.0,13746432,1187303,4324134,52468398.0,31734396,17146495.0,,1157873,2303031,1822114.0,15906538,1518656,13987667,5462732,5422363,15903351,122019963,2026987,2174791,4957963,3896182,8698246,36247979,553548,1648833,157218,1506759,1306024,,3865255,2169062.0,1367522,2377101,35061643.0,7189145,5435416,2590436,8881494,3977078,8534089,328927,,5864708,4093476,1299103.0,208237,4110585,6571764,536205,15480349,13476210,4172849,1168529,3912661,45842870,408842,2105104.0,886795
2025-02-03,2271447,613530,299944,823850,781772,2791307,6233551,,3214870,3646196,109731938.0,3456986,,975858,194325,2184694.0,488505,47210612.0,1114233,15646947,623749,13502642,1975278,488480.0,550167,5172065.0,304370,4056368.0,248095,634181,1586109,1564959,2409947,507018,190205,1476846,29667810.0,5853806,388406,1288579,14141704.0,19485136,25554638.0,,237134,1567612,851993.0,2951096,352991,13518705,5523476,2718768,16862875,113008056,533234,885160,3517387,2690749,6124905,15192570,166423,2801199,222601,1257763,919725,,1861031,5476234.0,1690454,1685890,52027573.0,4752931,5491067,2577508,1434112,2366513,13224191,240971,,1319178,3351991,1290760.0,186359,3461772,3152217,826062,10232011,16072754,6458865,730987,1603775,74727172,410045,2316247.0,909141
2025-02-04,1740161,652844,415365,1601573,611343,1413596,7234813,,1998421,4320706,38513525.0,7212175,,1378267,242701,2717476.0,513480,46640495.0,855597,13113467,799237,11081493,3301423,613367.0,246650,2960323.0,157208,6234731.0,385435,415549,2742330,1021684,3015443,392561,203524,562171,97154024.0,15530678,273350,639201,17431829.0,14772711,23768612.0,,273642,865592,1507758.0,1779366,339969,11782597,4754330,2489910,12210759,76487003,774744,791771,4629403,1341639,5382053,57136593,750177,1381666,166790,957749,1167437,,6228109,1271907.0,969220,844907,52647784.0,3287534,5189471,2949786,9463431,1740722,33837130,436186,,1201679,1527171,1281308.0,221230,10411970,3071917,419188,11475897,8765568,2675855,815570,1295429,375547737,751319,2751782.0,423025
2025-02-05,7557136,729361,696279,916675,397773,2700062,8169896,,1977083,11900118,28853413.0,5591061,,1669167,241004,1976082.0,843173,50277715.0,970820,16146347,681987,8520465,2996912,1034009.0,173959,4075636.0,420314,6091102.0,328925,378525,1109777,1548393,5815673,235203,238918,1043798,28682823.0,14173830,304225,625582,24811456.0,42242938,25741350.0,,274520,1114541,1305081.0,2123874,310081,11302122,5599955,2257581,14873251,75820898,888886,2648515,5521067,1767073,4815190,14086791,284989,2416140,150655,1171511,1434401,,2875313,1003199.0,1350312,1119410,60713082.0,3687135,7022721,2839147,2147126,1473810,22247033,407975,,872268,1805170,1457476.0,154874,2622627,2538695,575824,25475779,9737201,2257082,561522,942745,227530844,374686,2002580.0,419953
2025-02-06,7602936,1101678,481913,1327458,914126,2626178,5777080,,2998505,6959807,74428801.0,3698199,,4813400,222950,2920410.0,435676,36040516.0,1246956,19195299,991063,15383375,3322365,540207.0,370161,3151134.0,183938,4337165.0,481014,289187,840042,1495382,5577667,262612,242084,1213328,27894199.0,10080597,281457,1357325,17962585.0,11756513,24825570.0,,308322,1271838,1386545.0,2103635,210743,14733508,4551387,4449390,15276391,167947965,1572957,1497311,9469729,3121577,7933859,16998930,204818,3538911,195900,1450679,1595532,,2191693,1893705.0,1001108,863637,10351126.0,3546085,5765124,2691603,1476175,1684368,6027868,381042,,723578,1954870,1973202.0,123342,3397842,3702710,819458,11638855,21988254,2134685,1445098,1504298,84073636,975616,1485045.0,652938
2025-02-07,8612520,596779,1444444,759382,1228758,8113007,3854461,,4539386,3848487,31910538.0,7949198,,2579697,396468,2965276.0,467990,79059373.0,1205514,22357051,1735950,83150394,4819639,333454.0,364548,3832119.0,361806,4357279.0,83232,656216,6601747,3017841,3333340,255172,490976,787078,63476572.0,13504243,358587,1596485,9416834.0,43924520,20429609.0,,294040,572891,6757575.0,1656860,1579305,14240970,3725558,3205376,62420013,124271192,1122919,1531599,5148298,3859996,4713517,34648633,1670801,1777247,119993,1465130,5064040,,4955161,2414873.0,3547514,5701131,12475576.0,3062572,5972330,2407112,2024775,2211293,7001590,200504,,5717458,2121252,1802179.0,384933,9266308,2844757,452239,8884497,24944951,2746000,699598,2142107,96890983,2020506,1827349.0,458088
2025-02-10,1147067,3493525,809233,671552,648168,8897259,6536826,,1311552,14653290,25448783.0,3589684,,662066,544651,2363217.0,569538,104471976.0,1098662,11634435,731987,61583074,1951672,252168.0,278968,2975381.0,376944,2651934.0,125717,915859,895776,1758532,2265799,430664,1167680,1804487,39317012.0,5809349,263706,535989,14556839.0,35776874,25411093.0,,267585,890756,1862600.0,2144028,1212983,11957357,2816559,2111613,31082971,107969780,672706,774445,4511135,3759788,7248600,28976085,962924,1285117,126455,1201290,1102602,,5617723,1480874.0,1677109,2683737,27722707.0,2531688,3503782,2923393,1905088,3489356,10542669,120094,,1964123,1762619,1162826.0,111886,3708841,3798068,805648,11537072,16456836,5131092,489339,1493150,77714488,2237796,930806.0,1233186
2025-02-11,3200882,2695959,277482,1724873,1653850,3827964,8482403,,11271759,6380171,27287744.0,2722392,,3782985,352015,3201655.0,391248,50335807.0,826291,21657963,927446,43136748,2297627,1454887.0,299354,3860044.0,235803,3475851.0,602594,395812,10534963,940936,12711013,296844,329928,897371,32975655.0,5472759,1667665,532889,28331979.0,32328302,53258534.0,,264494,1398616,1985561.0,6866224,1347548,18851071,6843163,4827378,37866864,94599581,1745080,1149490,4010030,1436777,10671930,18133496,555149,1436434,141167,1133503,1041393,,3416649,5666129.0,1143484,1667020,12391232.0,7068347,7790459,4568897,2559266,9757628,8360709,164306,,939271,1543314,2785507.0,125034,3774153,4400082,802746,21900014,15531775,3905711,3861798,2267033,134544445,1548526,2051076.0,868145
2025-02-12,6617989,1172400,948137,868574,2081980,2699160,7937881,,4282148,7337556,38726785.0,3620221,,1390300,612927,3699251.0,475865,24815171.0,1433825,10780245,600037,14791240,4917729,490273.0,533711,5179470.0,252064,4092716.0,483466,689695,4921903,1579788,3375520,303005,227778,729256,53484062.0,6392034,926972,419547,11401485.0,19511190,38104628.0,,234987,910621,1610121.0,4014613,292457,16068170,7578140,4076222,21116580,204042858,605087,1380335,5232361,1793294,9688649,13403701,263941,5136522,156662,1897108,1439574,,2822569,1593926.0,1170588,998650,9664031.0,7195267,6019406,3668862,4373154,3349137,6118467,633967,,691392,3629383,1504060.0,112760,7264036,2817718,987971,8330220,26142122,3834903,1415213,1690941,104562178,1343896,2887468.0,505419
2025-02-13,1336300,850412,507549,818363,1317049,2523471,4680246,,4659511,6019746,95487410.0,7594100,,3574410,425853,4129068.0,472156,43959044.0,1582780,8769410,1063847,15244076,4378128,370379.0,626499,5491768.0,358052,3953242.0,337471,507259,2561261,2033148,4728059,372411,375823,1096599,55069936.0,6461439,313804,556153,10667455.0,21567042,24755564.0,,298452,744080,3759233.0,2324698,268986,13110667,4178637,2143275,15505048,111306322,1683981,2239706,4205327,2148138,13262450,31133445,172531,1781703,180446,1447117,1262423,,4125327,1710976.0,4346016,880864,82017469.0,3407026,2947813,2388400,2245674,3607853,7079010,480973,,1000279,1937526,1780123.0,135747,3561600,5455692,423869,7892845,13315411,13431910,944754,1034986,100577347,827441,1679138.0,1300101
2025-02-14,1577233,1014050,217917,589686,826569,1400940,4100434,,3001389,15257342,80572764.0,4788350,,799296,470376,3104441.0,711774,49636369.0,1147175,15766068,557036,12385783,3014348,788078.0,571900,10007813.0,259565,2745310.0,301844,444627,2985788,969729,3481655,308015,308693,985998,59698913.0,5980999,366011,385819,16330960.0,20849232,20459990.0,,569920,905826,1248781.0,2833912,423272,7947139,4281142,1787416,7362546,170368157,740076,961453,3719159,2387570,14931762,27256052,318650,887555,113713,1008327,1808967,,6191193,2859241.0,993610,711532,29913556.0,6692184,3365235,1879691,1998895,4060240,10577558,211383,,1691500,2362845,1916752.0,160459,6471040,4153387,763158,22063873,17894260,5474256,991997,1283297,119638401,395459,2915071.0,687557
2025-02-17,1282913,786558,283676,483409,596695,1528853,2832123,,719403,8722562,48798577.0,5658357,,707388,307549,2246660.0,374924,11120120.0,676057,6221778,482641,46543398,3391994,201798.0,139218,2181807.0,136122,2916431.0,224047,437279,1659466,781909,3499589,274238,160548,510052,16489116.0,4423734,172480,205963,18179877.0,15119346,18501905.0,,424551,830676,1580690.0,3844361,362480,4904755,3229560,2189090,9275445,141336733,407767,1177286,4243372,1950081,3762611,16873326,192403,942141,81382,1053950,718517,,6482473,1028827.0,1501447,398200,23038323.0,2166640,6553516,2114459,726946,3167132,14494143,92892,,1780454,1475965,685432.0,153917,1604289,2982674,344472,6494760,14007430,3146568,829265,898885,77153839,278331,762779.0,907889
2025-02-18,1743108,914456,336575,866032,1051946,1999058,5325399,,1256095,13558286,31610524.0,2363273,,551062,435591,3858737.0,619785,23265012.0,994797,42957534,500264,17830085,1987890,307877.0,384028,2956316.0,133456,6349091.0,764293,424133,999958,1040637,3066608,305473,272009,1218361,25392127.0,6033704,279474,586928,29852019.0,24580960,21976215.0,,492706,572163,1962891.0,1404778,184396,20936390,3721813,1746172,11423598,114328877,581454,1817107,4756867,3181715,8009524,35253150,149384,1509355,134079,870887,919956,,3475310,2395815.0,1084925,769428,17128806.0,2332665,9892333,1855470,1638786,2814885,11807743,268839,,983161,2275378,1284905.0,100265,3163070,4022455,833168,23268121,11057881,3092267,896954,899004,55798571,569162,1222364.0,1036294
2025-02-19,2512556,1758401,372657,682272,1564569,1796984,4748502,,1300004,8863366,38353533.0,2710916,,1143740,382635,2946657.0,695015,31834480.0,1388331,14733818,604219,17592178,2193632,379409.0,520996,3715617.0,267768,3090811.0,201339,466838,838437,1332116,7829340,329104,505121,798206,119757499.0,5496067,288169,358853,10792186.0,29770954,31291836.0,,499045,686745,1092114.0,1740522,183114,16745584,5217180,3178098,11429273,101806411,1219294,1801336,4724893,2479541,9779843,24146008,132645,2328986,155202,967763,918890,,3876566,2191987.0,977820,1032284,11238893.0,2695268,6130114,2713736,2631962,3190200,5594879,243825,,1750984,1999519,2220793.0,123924,1836672,5343379,606450,14086530,18407100,4284087,723347,1235016,84186604,590974,1505258.0,526740
2025-02-20,6343187,591276,298218,560545,822481,2703634,16045982,,2955085,25117004,44965737.0,7587304,,1178749,236334,2741170.0,853772,62815077.0,976167,9854145,688027,53551061,4370346,329149.0,469882,6125476.0,111638,3317929.0,189846,372315,745961,910161,3422760,242306,277747,1300795,57053585.0,11416014,273199,256050,18279769.0,25435913,23413720.0,,855303,786986,2041732.0,1555478,175816,8411359,3402121,2167944,8823413,666438787,665478,2673806,5487183,2317513,6670955,26949552,298614,896180,130585,879303,683197,,1910555,2328723.0,1563937,1376972,41403298.0,3816905,5144801,2360267,2091463,1947226,5119717,393776,,1036842,4282036,1103234.0,156830,4212148,7847669,484400,28276910,12248637,4531609,2553990,1645968,76415299,542029,2521246.0,607860
2025-02-21,2073994,1432512,437947,764879,686116,2971096,7351775,,2971779,10886556,41171276.0,10390665,,945990,311558,2835321.0,622152,86698966.0,2080306,14663417,502168,50486440,4485514,251943.0,694351,5458669.0,110527,3799399.0,184302,426896,1915426,1283359,3759990,292414,168935,4512362,94752836.0,10600239,353679,381940,19023490.0,26784718,19642549.0,,697994,1028815,6727080.0,1509581,250098,11453250,4283999,2130526,9067379,283408993,1810842,1606200,4985505,2941103,9898112,31238423,532456,1463724,104734,952972,1148668,,4232827,1703987.0,1215620,1911104,18066414.0,3936734,5370819,4982063,1602388,2543135,21424501,197846,,2866896,1956963,2435275.0,146077,2097265,9638428,559673,21949507,28808653,4832994,1265154,1431839,75060600,683521,2243994.0,532492
2025-02-24,4145829,1003907,438838,621175,676084,1548810,16226358,,1943083,7132102,39817525.0,3389895,,1751677,408404,14603462.0,966606,29505331.0,1510055,10055734,326115,18984268,5010370,219777.0,377958,9710714.0,108625,3533622.0,206944,558762,6855084,1311826,8605204,374353,1151198,3496001,40908475.0,5069844,259553,406512,13233886.0,24003811,13684459.0,,311603,1264488,1576100.0,12988114,270438,11582082,2709637,2071679,12217639,177521351,1012104,1260200,4992240,2581486,7508377,15733145,287217,2388641,123494,883645,661658,,2995319,3993218.0,1082138,2117110,32289936.0,3462070,4847020,3650372,2783293,2030114,7355412,123923,,976654,2381239,2102764.0,623178,1417715,6056566,413828,29891123,10041932,5241025,783725,1075269,99477198,516347,1373727.0,260922
2025-02-25,2999477,1509805,371468,1640100,730419,1499920,8813308,,4093763,15622129,58511638.0,2567226,,1098022,472259,11167733.0,1900582,59017141.0,2152000,11813722,362624,26646622,1975625,794312.0,848974,9717176.0,849050,2371294.0,195176,549600,1345191,2422637,3222071,507350,175351,591412,34691855.0,12448479,448133,553955,28893362.0,26018729,13594405.0,,392580,996683,1362941.0,4004892,255539,9436794,9597525,1650002,13251278,227974016,1235707,911162,7984689,2942453,9288344,32307588,118605,2422604,123703,1266637,2219459,,6133870,3741689.0,1498644,2741075,18028895.0,3651659,5533221,2009562,2574172,2945729,7761677,432922,,1357956,2613936,7006539.0,291605,1888627,9683581,1106245,20791283,35495006,6456599,1021839,1807886,65073273,466046,1775478.0,318040
2025-02-26,5175282,1013896,269362,1095147,932488,1700383,14518420,,4016833,6592139,69455584.0,3683756,,3839146,622934,3771347.0,603115,69134691.0,2419170,11835899,886365,25177182,1904271,395473.0,953052,13073203.0,360437,2972809.0,384785,734111,2001755,912356,3699091,320066,153629,457698,49697803.0,13553338,1582441,472552,19656841.0,23218021,16510849.0,,373454,1680891,1815608.0,1521426,322516,11841064,2553620,1430788,12239175,301841650,1891600,1142844,7454126,1805668,5280038,29295831,510224,3409156,166599,3018500,2017698,,5632671,1577377.0,1519720,595787,28670368.0,3495147,4087229,2323488,1526838,2619996,9438766,434780,,1009966,2136577,4569718.0,94034,4068732,10679384,494442,10126303,26805773,3705697,1067699,887245,62809510,406660,2013732.0,1303048
2025-02-27,6747698,634913,251485,766911,756900,1991074,15907844,,4160614,11695983,136383465.0,3904081,,1210238,665222,2383398.0,540351,,995448,13203835,946390,13247313,3934854,2564251.0,1379980,7256128.0,134239,4287800.0,262762,933489,1017752,1717565,4351876,584762,550985,632328,30097459.0,8180457,900192,1370711,49484797.0,37351508,29124662.0,,582029,1450795,1324665.0,2447273,324333,14066993,3491361,3490321,15026151,155728220,1447385,1222548,5026559,2596103,10072878,34037840,177134,15350142,141866,2291273,1852233,,5355201,5373749.0,1024474,1472932,141250358.0,5338027,4897111,1442922,1635622,1530553,7528393,233501,,1027316,1722454,2151702.0,138217,2886401,9543964,791471,9043656,40303720,4574627,752575,1098939,150467337,738427,9873738.0,1008678
2025-02-28,3699727,2060925,643148,2210403,2307363,5793569,20935521,,4994802,15969631,104348091.0,6936730,,2283991,11909582,4810327.0,1364190,68589964.0,1800734,32152013,1594268,80559180,3882520,813765.0,499160,12548444.0,883860,8391211.0,288790,14692269,2501599,5920874,3939915,301376,1416991,1348062,43879233.0,18309624,940948,1409131,71901400.0,100448770,49423853.0,,1330193,3521355,1800016.0,5050203,693246,30498274,17820740,6750762,23625153,338012901,2581614,2749945,12284146,4396313,10948942,129319915,359479,9693779,134527,21423337,4464508,,5607426,7365321.0,3108593,4355483,77890567.0,9285040,9980920,6204342,4123191,5111138,20337256,307479,,4076476,2639074,6159460.0,300257,7832962,22772748,1148938,19236085,345640717,9971915,1172344,2985961,241836763,2041926,13299547.0,878399
2025-03-03,16814678,969738,306422,1821977,970860,2917931,19072903,,3298899,48851301,47887027.0,3518323,,1700606,559645,3809636.0,1992849,101741803.0,4394143,12280964,555116,53739732,1605923,423775.0,352833,14259740.0,337412,3887794.0,334741,841445,973506,979049,2748657,319775,499827,678573,63021866.0,6544613,322570,423245,25177530.0,40081355,33465827.0,,840405,1338715,7421602.0,3571031,274641,10749699,5423713,3849759,11076373,244900531,1453941,1142316,5294417,4855801,10233347,53945931,203303,4586789,130821,1299093,1886528,,2652622,6795036.0,1173280,2520620,37579526.0,4153389,5833613,2224118,2765019,2472217,14214769,210519,,1403455,1548278,2656599.0,120567,5294065,10712942,476123,18746285,82566652,4182876,709520,1189369,83582137,1253405,2646263.0,497107
2025-03-04,2095331,939913,445550,1823050,890919,1865807,27174964,,3693789,31393602,71125845.0,7636299,,3049040,443419,3248276.0,1679380,117915456.0,2877215,13650274,1055231,30759438,1957934,425105.0,1263495,8982545.0,276622,2781641.0,267465,529133,903445,3040213,5326907,435921,508368,1719608,35182127.0,9446777,659553,1023304,33293037.0,26339558,30579012.0,,389041,2205489,6230005.0,11853264,701862,20331365,3542836,3843580,15944968,134878965,898825,1437959,4824317,7800027,11870264,19504863,175594,6136326,255322,5239189,1550445,,4032138,2888949.0,1849553,1411075,32908635.0,5502820,6768602,1994462,3970090,2399735,14583734,427701,,1417791,4757361,3772900.0,113459,1867488,7405700,597810,26635201,37707610,5133380,678276,1353770,84892538,2873085,4159026.0,761548
2025-03-05,12042677,606130,649131,1199522,1513540,1371143,16748550,,5463457,23192478,109193473.0,3481861,,2159106,1034263,3303436.0,879872,44752858.0,1411748,18772483,451401,17821848,4609082,1594342.0,718559,14917706.0,405352,7410606.0,425012,737372,1383429,3115744,5549799,1065312,861937,1447352,35486043.0,7701162,364302,1309359,20923598.0,24074743,25772616.0,,400524,1413242,2589001.0,7352116,442405,19062128,2808418,6078343,13129737,295216104,1185103,1765242,12106249,4178739,22542849,40694191,191102,4189099,153179,1680967,1520166,,5863105,4612501.0,1841009,1150920,48724978.0,8271819,5460628,10675427,2179684,5689503,13318210,590197,,1322391,3631961,3706406.0,371813,2747184,7389683,914675,51508867,58831465,5315921,1704960,1469312,106637831,1084156,13989411.0,1282479
2025-03-06,7191073,1195533,1080575,1289011,1071982,1967067,11578373,,2085930,14528670,69237234.0,4223600,,2104444,574722,4824472.0,1631679,65366412.0,1658708,18469658,739295,18725181,4225261,1091556.0,732711,4776684.0,275971,5963856.0,485584,630342,2319873,1676446,5641237,378555,245569,1364266,38100047.0,10557852,487845,991945,13882850.0,29804821,28480690.0,,494935,2079274,1461526.0,9662563,1065096,16480710,3837115,6684287,12204223,257764007,1924387,2162133,5939229,16054011,12321809,31429188,244599,2627180,222834,4663167,1897521,,4608336,3158676.0,3165030,1186183,32645535.0,18038486,6709073,7707522,5102089,2885803,12483390,611838,,1567381,2857338,2123874.0,143185,2491120,7703904,543895,24988853,47000273,5037136,1101690,2117211,61116702,877029,3806903.0,913366
2025-03-07,2136955,1109820,565308,1426938,902351,1504897,8549630,,3117551,16814434,39777130.0,2959160,,1665119,501436,2771575.0,990963,43666529.0,1880322,24854782,735404,14210842,2984332,654002.0,655236,3822132.0,328074,4839485.0,231299,640096,1724538,1218776,2860344,428122,283031,841958,33075409.0,8914164,512609,777010,11077260.0,46851769,27509349.0,,418138,1205036,934805.0,12532105,664525,12414373,5101907,3954752,16148126,188578570,1976542,1132901,4259348,15237210,6124256,28283880,210701,1964969,206393,1576529,2519045,,3429233,2491976.0,1826162,1851470,31808188.0,16074104,12220836,7938744,4432103,2580722,8829502,335568,,1534921,2113560,2128038.0,154821,2148801,7629476,613085,9108570,26256037,4537000,1122110,2124799,96971178,635459,4461507.0,695020
2025-03-10,6114073,774633,518986,2321062,847830,2532791,18263059,,2680025,10358553,96013777.0,3125810,,6163279,679298,4287259.0,1147069,46811623.0,1612754,24011219,798090,22492402,2368437,1401946.0,1338850,5850832.0,196930,5961855.0,262468,381221,2765660,1827710,7178447,652945,190398,1447349,90913508.0,26729072,611470,608551,33335258.0,28712273,30587073.0,,498154,2127732,3451627.0,7334320,603579,11427177,6173093,8125750,15277837,349889268,2327942,1066957,10130064,14334581,13711206,55989909,278549,2633308,239154,1978264,1040070,,3660476,8516628.0,1923508,3361355,109187068.0,10539291,6266175,4242641,8096463,5163521,9915817,439570,,2716214,2436924,2047346.0,417799,10392148,8378957,440494,36151878,28876510,6627316,662092,2691830,189589571,1212309,2794215.0,1192561
2025-03-11,3113462,1054451,1001232,1523466,1077863,2158214,11683377,,2003279,7071402,64205536.0,3553278,,2510329,1243022,2206333.0,513755,39596852.0,1510900,19887271,785690,37784925,6249997,479939.0,908221,7161283.0,239565,3537615.0,398590,518737,2212144,3464682,4537499,537711,1346051,1077506,46110242.0,13728194,1521569,1017601,17663824.0,35168491,61161789.0,,613278,2846309,1664618.0,5149906,431858,18001219,4495628,4031015,18104818,196281942,1416532,1283558,6675570,7275902,10609748,31378664,586410,25060364,214380,2993587,1601448,,3973098,2378031.0,1633378,2679066,32601477.0,11353053,7897940,3400565,6025985,5797824,13011253,460026,,1328478,2766965,2990429.0,272430,2653756,10793475,711920,24816684,21323497,6360779,1039317,2005918,110837399,870295,3069961.0,614555
2025-03-12,2093512,1429649,603624,1100458,791323,2119516,8587023,,2588248,7505072,53815331.0,3901813,,2037850,353736,1815876.0,1619364,40079176.0,1534445,25177811,1531078,40110828,6091996,470394.0,844266,6934162.0,184943,4411596.0,560684,479006,1193076,1228671,2602597,455196,846786,1331385,29954384.0,9995623,524166,794732,19624832.0,30560699,49593178.0,,530024,3555909,3189026.0,4675051,429129,14162607,10309697,2902664,41081290,206727078,1287560,970508,5045982,6276334,14252395,26491073,300490,3925903,184551,1829198,1157390,,4431425,4006435.0,1196504,2486357,24028446.0,11066041,8978230,2292867,2005914,1934031,12445552,732702,,2177614,1888268,3172531.0,224077,2953326,8153772,583824,9988515,15409403,5617361,816035,1028072,86728528,445272,4692972.0,437443
2025-03-13,9914161,1367897,377398,734737,1024192,12545219,20190838,,2893497,5822859,35149260.0,3677041,,2818206,331138,2211465.0,951782,30381819.0,1283304,28939398,624047,18858359,3258126,655429.0,487387,3434118.0,266288,3982400.0,426526,1779280,1477200,2193345,3067167,328427,1073119,2700254,31827172.0,11176848,1812722,683408,18547295.0,22828435,31601198.0,,484107,1477911,1166485.0,5863410,295210,14112224,4030279,3957660,23715360,112868480,2422998,1349251,4762201,5165232,6476884,35816949,193193,3111841,391537,1434212,1366189,,3440511,3335524.0,1274388,1203253,17464226.0,9005559,4238983,3117952,1755737,1408330,12126429,322688,,1051483,1827890,4335725.0,269782,2345538,7724526,474731,11345779,18063290,6606111,1219813,956427,86534150,732838,3981604.0,414389
2025-03-14,2077450,636714,1014975,938483,752982,1818279,14141115,,2288953,8887352,40187488.0,3349182,,2493239,455848,2680983.0,1710635,51564755.0,1917221,21048622,684691,27537568,2163784,493417.0,354655,8613723.0,480709,5951519.0,492755,855788,3047934,1009219,2664687,353814,310052,1796124,31379897.0,7108865,579535,961356,12993125.0,20728833,17605841.0,,898059,1855616,772801.0,4713163,369680,19142232,4727993,1886603,15099670,102579078,1191438,1036776,7101001,3960190,14521852,21176655,340964,3147435,311772,802556,1336851,,4445135,1986745.0,2084899,1991170,21962657.0,6311450,21831774,2114708,4353601,1544867,8552403,641900,,893916,2617871,9780089.0,213876,3483440,6633498,492681,36864637,11734126,3878289,1025732,1444694,78317317,468583,4838934.0,364952
2025-03-17,1480333,480259,386727,665398,798088,1522832,7982484,,1670383,8497305,47951738.0,3079082,,2228330,181407,3558275.0,397562,42880741.0,2322405,28049324,441069,39372915,1938066,273941.0,282319,3878505.0,228372,3196144.0,682051,370471,1267312,638272,1650530,361982,265938,1289119,30196185.0,6922581,419848,395557,9757880.0,12922266,21326809.0,,347532,1268617,1469112.0,6277869,272805,15619868,4766732,1707661,19011818,81117818,1396533,981282,11267470,3912622,8634375,37771556,739755,2543187,207066,1341746,1101902,,4068368,1704994.0,756077,1783630,39386164.0,4293536,13216638,3588766,1960032,4271508,14969064,180300,,780548,2012543,1797857.0,126747,3135643,6902973,787242,44177939,12219557,6260950,380516,2243357,131776691,380233,3331414.0,938125
2025-03-18,6143901,1225510,327511,458892,1784378,2116036,10428678,,1483611,7565704,54934802.0,9014310,,2589115,1160879,4253158.0,697947,33049836.0,2236429,20610194,2609444,12173518,3242594,238517.0,366994,7724343.0,197861,3934221.0,497909,652455,1453771,829190,9147484,383226,166201,1099587,32243601.0,8141666,417732,687328,32236114.0,42782722,27425008.0,,303553,1304019,1387364.0,3445726,262470,10326633,4046993,2141668,20882364,355043864,943280,925022,8794679,3225551,9006799,57687672,270391,8313314,211643,922127,1732887,,3191772,2293543.0,1098223,1211729,15554294.0,4468825,9816766,2139349,2684018,1805775,8090245,156660,,1279807,1894519,1432184.0,134917,1961244,7998355,486960,20839892,52490659,3473917,550523,1393905,87764298,551755,3392313.0,479504
2025-03-19,1936152,939291,525719,3047585,1492673,3728495,12453583,,1410679,7479293,40816410.0,8063304,,1036231,208905,5938462.0,932830,39490699.0,1314099,14034615,430989,27277288,4165966,303749.0,410004,2432178.0,159889,5100229.0,542803,463484,1020086,1079960,2260464,269072,476045,937933,39351234.0,10068477,515393,511323,65689127.0,16401680,30559486.0,,439647,2646564,1064726.0,5452482,507154,18767060,6375175,2522009,14940460,123062339,1233641,873923,18191933,3885888,11407416,37174288,175263,2567891,203432,4463934,1127385,,4712773,2496940.0,962638,1379498,18681274.0,3195525,10769558,2387087,2952158,4921515,8383133,282179,,775169,1595318,2307030.0,109263,1242516,8557884,382979,21992832,16878831,4931675,620049,1397129,53281737,565426,2816535.0,942992
2025-03-20,1563244,1200483,469577,4613880,1151982,1863002,16279919,,1506768,6609244,35080182.0,9729225,,1093820,371301,2535053.0,2256599,53475526.0,1148746,17207595,415750,14185795,9151814,477949.0,403967,4495816.0,241073,14425807.0,286158,356372,2627821,1831935,7311877,459688,1385281,954774,43449177.0,13843851,645564,492407,29019331.0,31597430,18479195.0,,1943333,3025530,1204945.0,4841867,316516,15959209,5225409,2950504,36962302,153445921,944708,1544654,18859041,6159754,10412955,20734268,406251,3724717,216526,952469,1983156,,3365480,1641041.0,1083308,1070446,28678742.0,12586895,7417598,3078171,3197334,8779032,7437068,127515,,818904,1658580,7251298.0,136854,4236448,6170228,1633235,29155654,13972058,4327693,730359,6641283,55066960,391333,6101177.0,1437395
2025-03-21,8838709,2467993,1589722,1323406,2597077,7497818,14773546,,3858629,16033957,72074784.0,8529755,,3557244,1068317,7514440.0,2156966,129841217.0,4094378,46203984,1181108,68721414,7199176,747320.0,28688214,10934793.0,809074,7493079.0,524872,2257234,4358035,2642778,5006052,742558,968194,1379462,84522472.0,20824917,843794,1130107,150487860.0,68350881,50515498.0,,963846,4281691,5951262.0,7984578,714996,30152565,12845440,7871101,43675371,267646157,1300474,2865943,12704865,5928022,21667907,90941702,1047782,3990411,454872,2601337,4514895,,7956181,4469807.0,2100936,3836593,24201521.0,11836721,11479766,4519784,4998526,7072170,24000899,619359,,2139913,4370264,3044823.0,268229,8788096,13982612,1523829,44763361,80501280,8181697,1462318,4490113,189388710,689858,8673248.0,2047972
2025-03-24,2011279,961622,381090,706369,1479438,3037517,4619977,,973505,4572521,34814034.0,2402467,,1995648,351017,9710925.0,920622,28081446.0,1117813,11840292,335240,16697071,2173713,332659.0,846945,2359644.0,163729,3631379.0,174807,366657,5225191,1025354,5187286,501108,302614,645866,39990295.0,7647400,424902,817754,14595116.0,12608852,11334066.0,,500978,2769977,1667909.0,4695825,556399,28199789,8685360,1588729,9334558,100425696,697105,823354,7754035,2151277,6137883,15889542,291656,4468438,217375,988210,1624494,,4017885,1998274.0,618342,795007,13026531.0,4544705,5735731,1273561,1600689,2539418,5608416,243684,,843875,1865547,1884462.0,144863,1139627,4343548,359573,14487396,16999462,3516946,507294,617558,63351490,307975,3539654.0,350724
2025-03-25,5963013,1250680,994116,685223,1044938,3350276,11038169,,2722505,12997223,73406373.0,2867709,,6260029,678457,3258386.0,628143,82148900.0,3918819,13803346,1841840,24946592,5406844,291854.0,1119850,4261923.0,195906,4353731.0,207842,314996,3124718,1149772,6700484,400565,242129,530750,51681226.0,9504295,618017,777312,26412851.0,42060244,32191231.0,,750463,2678940,1652219.0,3994995,635224,38284612,19317460,4111153,20481775,154240079,3049934,912731,8834501,2944453,9038257,47427772,363904,4555528,165496,2334322,3750418,,14070718,2520570.0,1731300,2681469,42392553.0,8471559,7160952,2358454,3903809,2243643,23218375,556213,,2482511,1847116,1768170.0,166633,5801796,10459927,375821,45545102,35016826,8341896,1112256,4524896,112659634,641512,3074841.0,391226
2025-03-26,4557365,1051109,503915,701091,1507477,7251500,8539268,,1736077,6422870,33447570.0,4363418,,2167757,439555,2402858.0,536220,30169898.0,1356447,12726110,1691762,32234912,5765017,1139013.0,1007221,4300000.0,147458,4256816.0,160003,281801,1359258,765548,2968552,435259,172915,950362,36576784.0,6531939,637045,382769,20830345.0,18401399,15209532.0,,312570,757262,2500439.0,3412223,358917,10814787,8290415,3766463,12342046,170809473,688913,1101499,10946217,2303453,6730240,17063327,581091,7232546,182109,1493619,1869896,,2402044,1506830.0,621804,1584727,16023158.0,9532666,3760262,3083019,2511991,2622794,17198416,226676,,869028,2213585,1694142.0,106653,3050795,9216601,999189,41366790,30434578,3483867,629143,1024838,43623067,320241,2185340.0,414515
2025-03-27,1963803,776662,430208,809199,1655844,2139212,7507874,,1525128,6668939,49575169.0,3377190,,2213877,286105,3397205.0,776994,55300657.0,2704923,12410801,721945,14562698,5674187,381481.0,709308,2154882.0,208006,4053541.0,236822,427413,1453260,803450,4505492,332949,588318,630841,38235758.0,5389968,441914,499055,10156726.0,22478305,17315957.0,,323757,1044020,2220517.0,2814847,457447,11629089,6759571,3760022,13502899,145705643,1593726,1616473,14968418,2575852,7780981,25924868,553195,3166546,156893,989942,1547113,,2801681,1742978.0,710722,2397102,10855888.0,4754732,8622373,1684795,2181965,2577744,10656183,497360,,1040468,2174365,2825571.0,345963,3268308,6871512,633421,13235091,28077103,4026118,483328,2618106,34979218,392649,2453220.0,725212
2025-03-28,2303409,607867,291251,2286700,1112047,1278595,5309757,,1392509,5084955,52813410.0,2882009,,2221598,224412,3073053.0,530324,40556610.0,2493621,12277958,559082,8768968,3030684,398212.0,785252,1786509.0,187754,3014403.0,262220,389269,1174094,1358226,6212367,354553,256922,1158619,42681804.0,5749188,405516,516009,16473192.0,16143531,19376269.0,,348502,709921,1558652.0,2826958,389392,9499367,5522218,2483077,12602987,122117702,696595,679506,18723725,2684736,10516181,17133743,446035,1777529,130145,846375,1656280,,2946236,2104607.0,726382,1255166,13973476.0,4195099,7663464,1384124,2132310,5290305,7951731,182456,,759031,1726900,1956450.0,968335,3150381,10364879,532089,26757573,45333800,4034098,755805,1534257,86268732,794446,3172763.0,382244
2025-03-31,8712819,1452425,1012211,1095994,995923,2685342,7198150,,1652602,6490133,79020262.0,5585824,,2595478,1230308,3493415.0,896533,43785191.0,1391557,19677940,659487,30499400,2842379,548216.0,480067,3704979.0,190765,3068000.0,286638,536009,2293194,1194340,5384434,506679,738221,692987,52770112.0,9532133,520220,674225,17763699.0,25759441,42834820.0,,590479,2767862,3665515.0,12370812,561703,18330856,6381159,2996476,18989345,138963541,1004280,1660992,10176502,7006708,10020573,17675748,596637,1882305,275003,1645740,1892319,,2914551,3042492.0,1021747,1340070,28326862.0,3982915,8212325,2040327,2704292,2535671,10694481,186584,,1671277,2802728,2575950.0,829242,2542675,7173911,922534,16215499,16148487,5728063,727677,2400686,92064180,375604,3404789.0,963939
2025-04-01,1753663,3335971,419061,934175,747915,1824739,10689128,,1216768,4890558,42981084.0,4322535,,2634471,266562,3501154.0,694791,25402881.0,2963861,13929926,434829,15579940,2272525,439988.0,335405,5634632.0,133932,2094196.0,306372,275741,1275621,985129,3793677,384885,255047,753393,36559632.0,8622454,488361,544531,14839181.0,16914739,61925938.0,,332475,889063,997845.0,3785504,462456,16249164,4931957,2873594,13985927,115463759,718731,1275827,7010120,2764282,12295722,17561558,473042,1424308,121158,1049945,1901752,,2153750,1480222.0,621348,1847302,31386457.0,4241602,9298984,2296428,2214010,5320603,8633598,177743,,635969,1513904,1857137.0,1159960,2601005,5241605,451344,16470937,11866452,3988701,493974,1019499,55971444,749820,4514451.0,676797
2025-04-02,2028904,835345,719563,1080359,619197,1190200,8145532,,1425815,6100680,33005123.0,2755160,,3046546,363538,5247259.0,929297,34314699.0,1086247,18019238,581580,11473200,2509997,464964.0,399275,5468135.0,178901,4305133.0,198922,355099,1497402,1086145,3575274,424781,112020,693722,28221270.0,7781741,630742,761699,14618091.0,17444364,21901737.0,,343639,1132560,1016260.0,2875914,612336,12004622,3933505,10627237,14694052,84774862,912859,1259959,13019684,3777099,6344028,16627962,295097,1540116,139372,848450,1298693,,1705886,1739319.0,783037,1148844,13297549.0,6759043,4829634,1995172,1751143,1387129,7455141,244727,,903882,1613320,1333317.0,507587,4383836,5086261,442721,12132094,18210249,3278274,438833,917590,58696418,589177,4166045.0,468507
2025-04-03,3977650,1056354,740121,1378422,2483358,2437052,9763977,,2026649,21431749,83298971.0,7033330,,4243192,344966,13313150.0,1124574,57403350.0,2717137,50836190,761742,18619612,4884274,443409.0,804981,9529908.0,206112,7028799.0,391437,517410,1743632,1293567,4033263,644505,184847,3548610,66089533.0,12590773,387927,686983,33361473.0,44432340,28034389.0,,472004,2657564,2587741.0,9005936,725076,44707891,8486038,3789901,24857638,167018827,1038128,2087960,9643842,2829539,12245628,45098227,315672,3297893,245964,1445131,2441524,,3699070,2678197.0,885977,3518688,20386194.0,11448979,5269809,1529100,4769759,2125886,15066303,460883,,963846,3114650,2361488.0,205407,5067516,11975280,899903,30187474,20505514,5672260,1304066,2164262,355701297,574979,13156672.0,607049
2025-04-04,5968853,2194746,1081624,2231018,2779490,2054298,16956977,,2201554,11034709,148960169.0,9801915,,3510733,706608,4761287.0,1347870,69140272.0,3040842,29674336,1802654,28747834,5013657,532546.0,760808,7905534.0,462999,5302591.0,857786,513515,3558255,2399020,9855997,878644,567209,4984193,98272422.0,10584485,599610,786527,36362233.0,42916672,38453616.0,,609584,3494716,2403784.0,6091609,907475,23198453,12374537,7996403,44027814,325638829,1681232,2238424,19517288,6221242,19218747,34363973,454964,4145808,365406,1956020,2846898,,9597722,4224848.0,1326384,1857107,56625803.0,7292425,9658254,3714377,4121063,7608087,21615208,352607,,1672408,4789276,3458293.0,433708,7308383,12411769,1334489,20674211,35366765,7268821,1496073,2516848,149626535,1715055,3747507.0,1001032
2025-04-07,5519043,3595728,1306837,2772299,2422046,2853570,22863857,,6315153,12657129,127396742.0,13415681,,4216154,488648,5330834.0,2476779,77746410.0,3384021,35248358,1068006,23656113,5509791,1097483.0,792488,9580184.0,546562,9220066.0,669847,758138,4630376,2804485,8490564,1681991,910982,1946049,111896551.0,20251028,849761,1159687,36976027.0,50946823,59627829.0,,1440548,2706636,4358424.0,6626173,1423299,23038394,9704141,7271784,74790009,334145339,1992731,2678184,24244939,9433003,21054553,63089054,1066008,4143158,575980,1753975,3148610,,7098685,5175342.0,1921489,3771035,65354737.0,23207892,13025379,5016032,4096201,5798737,20823771,2458815,,1809357,6690481,4822686.0,398838,6382791,14807897,1730430,24107834,38599184,9382704,2229842,3868989,373414321,1086070,8378620.0,1189415
2025-04-08,7779234,1240022,1410152,2014580,1893012,4544218,16412990,,3453705,13123571,91562896.0,6998894,,2693507,727703,6653491.0,1234859,52382300.0,3924911,33862414,1811932,44225268,6619664,533365.0,504087,16580389.0,617756,6782996.0,363727,1008943,5080719,3032505,5440740,1140639,274326,7324229,120478163.0,17967315,545139,1456781,45103321.0,51920540,,,898013,2373137,3734430.0,7340745,1309527,17013966,8514624,10613748,43151401,193350831,2307618,2028320,28117402,5388499,12834330,57765830,921236,2548211,395303,1506189,4576977,,4880340,5058538.0,1206865,2733546,38882657.0,7970556,9340923,4448071,3484242,3826716,16045622,369921,,2873645,4109044,5461887.0,243135,8721864,12118718,1479505,17610598,29846808,9595050,1585128,4164713,107776075,1112309,4564661.0,722901
2025-04-09,5087167,1266968,1147574,1932636,1478726,2431049,12573465,,3442448,13667067,67187218.0,4432678,,2455693,532890,4819590.0,1603569,109096037.0,1492049,33098408,2366714,71081693,2613066,499732.0,488614,19138192.0,469131,8616931.0,385257,582246,1726149,2444844,4818516,730585,231575,1719424,71963022.0,19854588,964219,604550,26231400.0,39115283,60264919.0,,729093,3840224,3304188.0,5114913,1583592,35301159,8886481,3299429,47544779,180728014,1591885,1880393,13873380,5063364,13340200,49651776,704520,1678615,421487,3973278,2772039,,4566685,3717877.0,1225975,2823655,47280968.0,4977203,7359951,3170268,5374317,11264699,27494558,322362,,1304062,2530643,4702926.0,323373,3882051,10635311,652803,22844143,32101693,6060684,1664045,1631872,121149324,858481,3849860.0,984817
2025-04-10,3317601,899180,1029678,1492306,1683269,3443946,11575753,,3712987,7530564,103159497.0,4851979,,2860102,492295,8099333.0,999729,46714392.0,4008526,21313021,1231845,131689835,2415319,532558.0,889128,6651716.0,592068,4152759.0,314184,563341,3848851,1599056,9007301,972832,330930,1223491,65915142.0,17010637,526338,704885,30625057.0,38982513,58422745.0,,677617,4511633,4114127.0,14365346,1976096,34882140,13981607,2740145,44246584,191915978,895159,1513998,26942156,5344461,10209632,31603334,500056,1769464,299255,1969809,1859474,,6004634,2821449.0,2862285,3554674,32741353.0,18390534,16746567,3053504,3480610,5248734,13119231,591463,,1178382,4978621,6199412.0,163930,3231348,9087094,3297029,49332461,27988096,7210883,1570466,3542148,147973478,681033,3215767.0,851339
2025-04-11,6694720,1025576,709175,1189351,1370518,4388816,11590218,,5087944,9279473,74749197.0,11594416,,1924267,804934,3166154.0,841616,80521952.0,1341459,21192619,2298940,20670441,2166778,667638.0,323513,11307011.0,194281,5806722.0,214755,725321,2431826,1707303,2475707,606335,170391,1689941,52689673.0,18823224,469544,995745,27582431.0,66920622,27545575.0,,1327133,3461406,4522367.0,3613896,805921,14928738,5984818,3208400,23659112,398027737,1388234,1143302,5856511,3454731,12786873,31483671,828725,1637380,155716,1196605,1984210,,6323847,2569183.0,2777393,3178178,70247723.0,5670355,8168099,2157596,3354358,7184115,17776542,273470,,908081,2241136,7413879.0,301375,6548562,9478631,885003,31430099,25473809,6097514,973426,1921101,67871119,566222,3420859.0,543316
2025-04-14,2501297,748753,597522,765598,755717,1528717,12018236,,1379564,7618104,30875395.0,3988904,,1351779,379668,5271635.0,460876,60724929.0,1182270,16818016,668898,18741572,2609093,302940.0,205835,8276040.0,155922,4002839.0,154636,484124,1560608,923642,3501200,408701,170353,1294268,41219234.0,9809611,313745,843936,12207522.0,19520753,24047386.0,,519531,1431741,1653430.0,8036155,832266,18556621,6703344,2015740,19406063,86826609,855076,812202,11763977,3630718,9477518,19950399,316425,2720313,119261,968209,1598695,,4729446,1773529.0,874504,1616635,12695568.0,3786675,8457606,1874969,2277617,4505647,9862707,206044,,923160,2208325,1899036.0,171096,1545626,5614550,616766,22515468,14849597,3938228,935350,1449255,82067084,360204,2879027.0,453378
2025-04-15,7629172,674994,450081,1251068,3148636,6045773,8336544,,3745275,10379399,42882246.0,5887946,,1525141,779453,6672081.0,626211,37146060.0,2015937,11224800,339825,36584048,1526141,265394.0,256480,5171612.0,264491,2746371.0,461465,484126,4713455,3580201,2626919,384531,197101,1144585,88782321.0,7277404,479401,1588511,39244944.0,19130783,15656298.0,,815813,3140515,1768865.0,16936191,1128483,7790561,9545090,2307718,17899410,115490880,545630,1007386,9871003,2316239,13509248,32277087,698107,2232359,106478,703488,2024003,,3039221,2075138.0,4528476,6554434,21759808.0,3574936,5043930,1242088,1766178,2949197,13610650,262289,,1768522,1956047,3351798.0,160011,2526867,8968968,524527,36426515,26717926,3543800,767603,1443006,43687318,313876,1951239.0,393824
2025-04-16,3768723,901571,1287406,1264845,1165449,1924083,9645260,,1901968,7850612,82382137.0,5318124,,2087868,277498,5688349.0,5290263,42450199.0,837371,14981717,850074,26732432,2147250,314691.0,328810,5469965.0,227474,2981199.0,271017,643176,1232726,1199103,1948421,400305,68855,1152567,50697681.0,6578428,296579,1128691,15048158.0,38902067,14111097.0,,650228,1877734,1698705.0,3832961,865030,9099430,5245224,4108791,19386442,106517222,574199,1041548,8738158,2955503,11891055,23269276,574207,3227014,151422,1362025,1716209,,5205305,2268644.0,1196821,2596840,44747977.0,3910891,9249787,1274378,1587906,2569200,8155747,139195,,889592,2394985,2140034.0,117013,2200210,8333334,641290,21873636,18206004,3186978,1540283,1266772,66193780,1045949,2717871.0,622665
2025-04-17,2688009,760810,764203,1080268,595857,1528905,8595898,,3270915,4852422,27299550.0,5157552,,1287216,301402,5038606.0,3366556,57541666.0,948915,10436250,556594,7478116,1996588,193262.0,218375,3079828.0,318018,2402726.0,261189,677566,1546829,947358,2229602,331675,88258,1248962,39716709.0,26509202,330178,806193,15359270.0,25564627,11330774.0,,646000,1084942,2437273.0,1745249,418155,49882114,3294135,2560477,15854471,84202176,561562,670982,3492698,2193087,9887470,19004565,172144,2471191,138060,1103431,1307513,,6751973,1887432.0,1148132,2138596,38524513.0,6915353,17430115,1204159,1519495,6992397,6800648,434978,,3847985,5005589,1934531.0,156695,1674826,5993929,525138,21422613,27008671,6760714,703032,1120890,53100070,287468,4720334.0,302469
2025-04-22,2053957,1790352,904044,1679535,677332,8907046,9928338,,2355704,7183370,49402964.0,7365530,,5109964,1243012,3099217.0,1439379,61004040.0,1153069,17035816,371822,84843234,2980524,261890.0,524320,5531497.0,594797,3767027.0,232169,1570427,1829338,1467130,2262089,432791,67714,5028057,88059669.0,15059103,295974,1439633,12498410.0,24080789,30422371.0,,667558,1136144,1276803.0,1985691,1713396,8666114,3888460,1887896,36036734,197232243,1281560,610221,7783171,2493425,7684462,25517090,1183316,2169847,108212,699685,1614741,,4723362,4091620.0,2562107,3088894,29309413.0,7954249,15504205,1029440,1915034,1981012,17669325,408307,,1773969,2502897,3074930.0,167488,1812267,5189040,963843,21298679,25031569,5888999,1434768,2519605,88228502,1431101,3572982.0,375168
2025-04-23,11387971,589811,625583,683113,1680776,7449083,10280928,,4199351,6196958,37152214.0,4000076,,2264547,339239,12200159.0,2167765,107716696.0,4170409,14980320,628862,31328357,3057433,984915.0,693289,4933083.0,476794,3145953.0,563798,764577,1947369,1157928,6829483,497291,176919,5154886,75968697.0,11614773,417915,1149013,18222478.0,32269920,37761501.0,,373291,1179224,4423814.0,4829471,537867,30992164,7784093,2141717,38738225,152942297,689358,1293161,6019335,5542454,12487882,36687936,1377163,1998517,151133,2003556,2321472,,6907639,3303412.0,1962484,1822473,13393077.0,5609115,13116878,2131987,2074450,5722629,21687809,374653,,792250,3974015,2347832.0,278810,1752034,6535198,512918,22633126,32046377,5155141,888101,2380766,91634835,1719567,2007244.0,2011465
2025-04-24,5889460,614303,477112,696733,1976523,2131110,6066430,,4024887,6610166,85245595.0,6789893,,10606196,301634,2815801.0,1597025,43690936.0,2688875,10058039,353253,9823200,3477071,699254.0,356670,5150507.0,208387,3196986.0,220488,653173,1935289,1237010,11672339,302592,202508,1061868,158776358.0,9805681,340491,565613,33685519.0,27094256,50902987.0,,438851,1445967,1955637.0,13460901,1117932,51685648,3564071,4093787,30486273,120151468,1116125,677149,3862367,3775383,11089282,62072094,612838,2436819,85842,1803308,1605903,,14350915,2994383.0,1592373,3246488,16153297.0,4939057,12881249,1231832,1902063,4689917,8111450,604114,,1755740,3954700,1774851.0,120993,2875694,4737783,1492026,41237125,13985727,5177871,744733,3562867,91747135,1116684,2779574.0,1967567
2025-04-25,1672954,884675,397396,666622,887495,1559087,11171405,,2801716,6164442,32894742.0,4641553,,1275743,233360,2403833.0,1296905,49611980.0,1458105,14788829,368805,13072416,6140020,444396.0,387851,8557788.0,235001,6416793.0,141556,1093175,5654626,1017118,13032716,209975,188824,1004059,33589103.0,7504582,755451,342950,47936556.0,37463850,28308987.0,,329710,1466129,2974857.0,21977017,1420801,16295222,8287479,1679167,20206766,86609543,582964,1103957,4030021,2405367,6665927,59670220,1295080,2415569,85465,1306096,3102067,,3919056,4266898.0,3974929,3346705,12818833.0,4203074,8150295,1571292,1459168,1280453,4302954,155396,,614642,1968308,1990884.0,110975,1197288,4566724,903192,34230891,14583142,2917624,813015,1762233,47598653,408870,5650158.0,412827
2025-04-28,4602183,950876,345682,728911,597805,1661263,8158997,,3055606,4986642,27585988.0,4240056,,3087830,340284,4477523.0,1762116,23412809.0,1860919,17498038,614611,16493806,2918581,393281.0,191968,2432980.0,165555,2668898.0,190397,392127,6668135,1166412,2154221,427459,118246,574675,46560698.0,5335649,612437,423159,35786662.0,44853208,28124497.0,,246567,1027318,1772639.0,5321873,289871,7626604,3919594,2750228,19792823,77187035,716148,1038353,4321028,3488254,9041338,65591596,296981,2232647,200559,6869429,1390511,,2026115,3137712.0,1623575,2036736,26625834.0,6227281,11394997,1139913,1753557,1401527,14392508,114435,,1928063,1402663,2106748.0,104828,1600615,6715978,309726,33908619,19263654,2250146,750880,1190369,46557637,489703,2531543.0,449533
2025-04-29,1309263,2879005,446683,763494,921428,1886170,11738687,,2494668,6722059,38025663.0,3725478,,3252640,396211,3219931.0,641297,46069812.0,1274430,12777781,600754,13094911,3791494,931073.0,341932,2342076.0,199961,3843394.0,214677,297861,4423646,1040619,3986330,232474,216583,4476416,33414499.0,9851339,401622,556701,14854103.0,26126887,13429520.0,,554855,968451,2514627.0,2604573,494855,17302045,13630194,2358926,21377479,109899014,579536,650517,4854519,2415565,7425170,16235653,215248,1863254,100792,1098263,1313003,,3011783,1428631.0,726642,2718358,9023716.0,3716195,7421727,3450506,1707712,1485175,4198086,381852,,972747,1272913,1865490.0,201994,1433187,6014188,342707,16949812,14756013,4089312,2111787,1346442,39046932,464398,7566778.0,446553
2025-04-30,8303969,1834319,1227731,1395572,3501049,3793293,10984668,,3299755,8720614,95599721.0,10008190,,4703814,416856,3982242.0,1114883,63167054.0,2468610,20047786,1057011,29216599,5270260,947065.0,395876,4137754.0,360774,6280679.0,478000,473197,9297928,2101109,4311423,419370,169226,4583147,114671645.0,15145047,426768,1092470,33201195.0,61730556,21802890.0,,582724,2158726,2338788.0,5651321,354515,50971918,10789375,2715928,31525627,467866561,2142536,1328671,8400605,4866618,17231139,75304639,749075,3189361,180366,1355460,2778423,,9805880,4162538.0,2975072,2877099,53386489.0,6054531,9098210,3468926,1833541,8104293,12603627,542441,,1346250,1866770,3622294.0,178897,3990164,10308905,868022,36491415,18442574,6344953,2479100,2340430,78779592,825030,3725025.0,777451
2025-05-01,3832498,820919,196850,476951,509308,4555030,7117840,,1222912,1880906,23323919.0,2121946,,1149684,131705,2516004.0,570412,28353933.0,555492,9259510,226161,11301099,1484728,231873.0,341843,3279995.0,92804,1085806.0,165543,346786,2548487,893612,4127200,232603,140520,314830,54288865.0,5518378,131091,268302,16038256.0,8103324,8911660.0,,313160,861733,2026029.0,1819939,201677,7335513,1432284,1072274,16319286,77820492,1429690,362337,2766631,1672935,4733875,18711375,94084,977030,120306,1201881,1568128,,1039208,1063676.0,507137,4352698,65408723.0,2701990,4347812,1974945,910306,749531,4203522,190966,,503771,1007316,1955381.0,75621,1827992,4499699,238158,12743239,14334497,1511140,598475,617540,26877916,283976,1322798.0,622505
2025-05-02,4506835,775810,483195,1084803,1222269,1920728,7874536,,2168988,6153827,37012296.0,8330818,,2031032,281194,7163742.0,2086286,77010895.0,1478974,12464417,835422,25616816,2653719,356813.0,508488,3043840.0,193453,3001382.0,447830,409240,1913655,1646236,5408556,302251,117854,646844,45783656.0,7904765,313285,1045823,23544093.0,14245949,22533603.0,,488214,1186655,1918949.0,2939086,475640,10253842,8386486,2198759,27719076,191448540,760115,1059061,6668393,3125433,11320850,36870619,190329,2543540,86193,1757601,1881381,,2956341,1613491.0,1188372,2956715,63007571.0,3704554,11809000,4687970,1953914,2010983,12476281,311625,,1053197,1437799,2448007.0,154086,2692769,17547028,957890,40736223,13496585,2522943,2150146,1490113,40475877,617231,3190263.0,630123
2025-05-06,6169030,766907,551936,903300,1074412,2473979,8258512,,2984243,5038256,53053469.0,14842348,,4616822,357974,6368641.0,1273934,68516653.0,1915441,16646350,1888117,36176023,6726369,665514.0,669563,2400630.0,974620,4282826.0,318939,2205139,2442169,1037407,3889679,375997,407357,2492019,76257652.0,5967410,418671,491990,39140262.0,39393593,13237715.0,,600991,1969856,3904806.0,24493824,323546,9934624,4828604,3305402,19647571,88777942,744309,1462723,35268038,2421229,11769736,69588053,1366518,2284667,110160,1073848,4375207,,2637506,4192427.0,4401053,2656711,44093041.0,3613774,10437569,2031552,2121039,2033620,13071819,297775,,3131446,1889242,1953698.0,157544,2889763,9161544,788705,12905037,18503694,4758397,1999657,1322614,48172810,364959,4024388.0,528634
2025-05-07,5764738,1208762,764048,945529,994844,6403719,10147677,,3690976,5030087,57720572.0,11196046,,2203171,424404,4753584.0,827859,41413782.0,1595785,26104217,482498,27196362,2629938,531056.0,320740,3414100.0,247688,6329981.0,309232,283596,7061574,1483840,6004437,270633,613407,964658,142655379.0,8343337,429062,462636,54596524.0,45150921,21580301.0,,398037,1058852,2442391.0,3820636,325098,51534244,5302124,2562432,52202978,137274246,1754079,1240248,7601228,3554111,14522848,81006376,1375154,4608589,96092,7018979,1463511,,2789675,4740279.0,733434,1704757,44678881.0,8290539,11255431,2532965,1313199,5525702,19314995,133359,,929990,1686619,2399937.0,133598,2530243,10156288,1195061,33015867,15428388,3364539,1452555,1723616,154997219,321821,2401997.0,579829
2025-05-08,2047803,883712,624544,1317859,1029532,1726495,11524519,,2288161,5410805,68823766.0,4450438,,2426790,301185,4825767.0,906892,46424062.0,2397171,24227025,461447,58645816,3004224,435400.0,391840,3654605.0,416884,3854067.0,200427,574699,1522890,1215375,8026841,415174,139667,624673,32014639.0,8730270,580461,442027,19870594.0,22943988,23180144.0,,477212,1373668,5260875.0,5612735,852898,18089282,12354074,4128618,22132201,168990983,1475373,1815788,6042865,3488113,12866531,21675756,447811,1539272,86221,1540408,1236511,,3252562,2494718.0,932059,2184074,24458792.0,6521585,7846892,2932346,1127975,3058980,9867295,275330,,1223627,1342833,1434315.0,166523,4903074,4686419,1209951,16602643,19752906,2929808,1092045,2335484,74637972,1418305,2276997.0,1029699
2025-05-09,2436080,1281470,792981,902462,495999,2331738,3993573,,2846412,9042404,30367934.0,5960229,,2470129,217729,4180091.0,1591009,71754912.0,851222,10137006,532085,24961413,3820027,307539.0,472089,2655182.0,497137,2171150.0,187851,504782,3826824,621667,2646042,329776,97239,776951,30075041.0,6894239,234592,523235,18792102.0,14103346,28083502.0,,281015,1490198,1477495.0,3023084,218632,12718426,5396570,1176733,18582258,74741640,2041183,1042475,8884297,3267750,7011406,30891800,415989,1304745,142336,896922,818001,,3657361,3975252.0,1367899,3009800,49835816.0,4713968,6014042,1756686,1279525,2295044,5495023,505839,,943500,1403917,1609990.0,93927,1704235,4702393,452530,15241348,15362300,2390372,1608671,1291521,46093853,1181922,2281488.0,509324
2025-05-12,2689480,1065981,477591,1048962,1555075,3617407,6614319,,3037827,5760725,56096457.0,8666370,,2190864,240588,5495856.0,866152,53156865.0,3944023,15143358,691146,17793879,2105249,486873.0,557234,4011584.0,263199,3279983.0,228360,454761,1624426,1191390,4752448,394616,319339,1536696,48906107.0,10821571,731841,939608,24516456.0,22458007,24552258.0,,989522,1822647,1816851.0,4676670,404669,18541870,6579035,2727217,26835100,96104258,1882159,1252207,17393913,2836849,10013046,22472202,255529,1893703,158107,1500532,1072305,,4270679,3348147.0,1011126,2149225,13924759.0,4610689,7942237,1875923,1195444,8297160,9192386,317610,,1379966,1996358,1430547.0,137633,1984231,7772582,481671,19092553,27394464,2807301,1137446,1322757,76953059,977570,4442755.0,458057
2025-05-13,4532551,913657,461033,846456,1056435,4380177,6440180,,1527172,3288559,34889792.0,5774845,,2229787,241589,3370438.0,933310,59136448.0,1663246,12101813,378856,15405650,2577584,406496.0,252531,5384129.0,860408,3084543.0,362066,413607,3407175,1455674,3587845,360533,134442,1077874,28968494.0,8414733,833601,666266,18518032.0,24256726,22859751.0,,633848,1623141,2006611.0,2446829,204769,14364073,5082950,2446349,17654592,81960193,790256,1294712,7954730,3093787,10007633,20230147,253731,2542912,127051,1063712,1533735,,2219170,1720573.0,949488,1876655,19255291.0,35354819,7962047,1189469,3905997,7320016,7858663,339306,,685628,2037019,1930196.0,244587,2830359,6331144,1174696,11558929,17856392,3954826,1831694,2041809,52813508,443902,2876005.0,337032
2025-05-14,1949667,877320,606611,645399,1369446,3365141,13434192,,3888375,6685888,34788080.0,6500147,,2197495,432802,12969112.0,788391,19978916.0,6199434,12096089,1327575,71329008,4582447,455672.0,304100,4698668.0,667219,4144194.0,251860,374839,2453277,1721710,4891618,334160,158185,810052,33588813.0,7977140,465008,617010,18695750.0,26793827,25259364.0,,397223,1489748,5480513.0,5148404,320949,18647135,9384713,10372731,16396021,121072846,3339475,1384567,24736550,4327004,28086318,22812015,271597,2299577,211692,1089092,1689112,,2419166,2315490.0,1197019,1862563,27434536.0,6118402,8172108,1315563,2240743,6761888,5810256,208922,,1240845,2464772,1448508.0,326116,1683541,5276965,817723,17353396,25126711,3525317,758505,1239219,75305182,454016,1881494.0,398722
2025-05-15,5807542,1194100,881948,963017,853098,3403371,13225325,,2520670,5775297,43328424.0,21358501,,3640838,777246,19027072.0,621983,147397335.0,2922133,22374679,622916,36027314,4383307,340032.0,260265,9815590.0,768847,3365485.0,237673,379287,3285579,2874661,8028622,261842,623057,5821964,67061063.0,6957104,937358,1459502,55531670.0,31126586,48717870.0,,704777,6133950,5495737.0,4084711,406278,48258828,4199292,5062792,28726908,132893628,2540066,728705,4300147,3096466,25277420,47182320,903679,950927,103464,934121,2974083,,2564440,3992565.0,2437278,2566453,47698535.0,5277370,6617174,1183961,4596493,4749118,10085051,226914,,1774593,1814557,1711891.0,581397,2431532,4468180,435840,29879902,20976676,3557060,659103,4351422,170963879,475296,2981884.0,1035784
2025-05-16,3771164,766940,491864,1017004,1008853,1901519,13019751,,2953993,4685496,34896375.0,6039959,,2545765,171012,3766207.0,581112,63199859.0,1961951,32376113,613902,20206275,2375990,314450.0,330018,9581675.0,244139,3597463.0,442859,523492,2173603,1566386,3695916,889748,89420,1568712,99276323.0,9853322,481892,520503,19172213.0,30265522,43184442.0,,296095,2348414,2303168.0,3168211,416092,19209282,7076222,4926242,21893120,104857710,1597342,1062370,13695135,3252819,19648547,41834976,327164,1271689,167056,1079541,2103785,,2092191,2961611.0,928683,1435430,21065253.0,10631581,7425278,1326279,2437425,2521935,8749732,192880,,743386,3077293,11101630.0,191182,4590343,8391073,1398441,42015553,18595399,4589133,699152,1343543,77020150,438169,4981849.0,482767
2025-05-19,7523011,1307503,491436,964978,571474,7346059,7224906,,2530300,4070484,30040938.0,5149121,,14613631,425347,5708163.0,477186,31004504.0,2297320,18188252,1523109,47395962,1714222,566377.0,1033617,5910263.0,309661,7228301.0,270121,597134,12392578,3286169,4160360,724976,123260,1425419,32951541.0,11004991,420901,968778,11596422.0,14766788,20234410.0,,919353,954843,3090210.0,1946010,1187430,62593505,5647093,1496052,22150080,98566048,847521,867603,16138319,6927381,7357500,13117877,270566,1676512,129057,913841,1421174,,2287155,1946053.0,1913127,2850557,48110953.0,9003224,8904810,1130001,4921401,1751763,13249627,178029,,555134,1698641,1326472.0,495871,2204657,6707633,459030,23277153,19778548,3283500,2182208,4060162,108176262,487005,2645434.0,415078
2025-05-20,2783405,557371,597464,491389,968662,2406537,12021883,,2290631,4028644,28093280.0,9213908,,1426473,161304,3202624.0,1922454,42706803.0,1829071,20264270,373583,38878515,1590096,366449.0,316140,11893142.0,293545,2270989.0,937545,301802,3693948,1078990,5546751,515619,193409,781716,32745719.0,7106313,642443,671205,12050899.0,14569466,37671711.0,,618543,943872,1978830.0,2274451,250992,18810296,6509503,2224151,18805375,243945017,1201659,600247,6090375,2878277,8891813,13500304,223177,2540497,122123,941066,2810262,,2116926,1296347.0,989948,2066982,17714004.0,4148969,9195447,1223155,1795355,2094895,6158814,145807,,2300168,1483124,2046525.0,254386,10676709,4314267,895401,20048821,24635673,2209033,683331,1805035,162009143,441364,2399673.0,780205
2025-05-21,2810336,1018541,394757,1734156,406456,2258364,8458596,,3446520,4585863,27263394.0,9315270,,1138194,241714,3657903.0,1359043,39693317.0,1393480,20514360,394801,21880682,1730293,408246.0,323772,4233994.0,217843,3957544.0,335350,350209,1655734,1238339,4119586,250479,101581,784548,26296063.0,6028115,574972,1022009,16969171.0,19722067,25973536.0,,572410,1195735,1458927.0,1760675,444241,49477044,6130109,3009234,21185867,181142677,985259,1010258,5012542,1971781,11910306,57620044,287968,1623243,124796,948500,860641,,4655086,2767389.0,1770778,1038318,44005194.0,5599264,6742952,1166001,1171387,2129504,12448997,79620,,871273,1566328,1373973.0,219006,6335187,4307220,1004571,17127633,33423982,2703255,722237,1826169,111441020,346021,2356466.0,540104
2025-05-22,2072254,1038142,680081,628490,611309,1328487,7961391,,1081442,5598028,31204174.0,4342497,,2100155,271647,3773101.0,4620669,33567788.0,1370158,34228341,324150,17433925,1698835,378810.0,277842,6135696.0,323087,3233880.0,469924,388620,1428794,1731798,9074016,244689,126160,1265018,27044375.0,7562460,432182,533510,13998617.0,25527321,36476519.0,,276857,1285212,3329866.0,2282652,709484,22703357,15213982,3165008,21220190,173830624,755502,778265,3873458,2351411,12107303,27260166,155660,1644878,209179,918502,1360831,,2028172,2718783.0,766336,900183,20613618.0,5129295,6617398,2401645,1440681,1554311,8625795,161569,,908604,1498009,1689127.0,217970,9986655,3938019,611982,23353155,29491324,2366394,818389,1176396,70549976,525909,2683967.0,533038
2025-05-23,13656461,800259,984386,590069,681577,2461222,12652000,,3121052,5741074,39132476.0,9605781,,2424272,264402,3552025.0,652265,68761148.0,1148485,18217578,5390532,24625944,2938559,612432.0,260696,11448375.0,176293,4732951.0,354374,355980,1639680,1238847,9423606,292256,145473,1493341,31450279.0,6000623,390752,832180,24930367.0,26111325,33997774.0,,341414,1722696,3044075.0,4507533,516400,11368444,10469251,3199436,30284057,265113370,552122,826388,13989834,3346055,8177094,39870912,426821,2785640,194216,843210,1040782,,1998165,1905414.0,4708393,2559932,26928798.0,4141813,5173332,1554342,6083001,2524748,12757346,135338,,745976,1746620,2668169.0,246241,6096156,6690088,775852,34675837,11281520,4101497,992564,1469347,88219330,359184,3552737.0,645755
2025-05-27,8560054,1111177,659755,470524,768944,2925537,8924876,,1149268,5956313,30892653.0,3873427,,1821689,713596,5185218.0,1225673,25792649.0,2665373,14069167,1223047,45731816,3046039,249726.0,211431,9804228.0,269842,3612957.0,213270,341104,1341632,3597864,2497633,262828,238590,1360135,27707022.0,7238131,992296,552029,29170189.0,12623383,28534289.0,,254440,1622295,3030406.0,2606613,454554,19125197,13556044,3639462,25400723,103375583,849676,868485,8616246,2597369,9829368,20531204,296465,2648920,157544,692090,1663272,,2436430,2401141.0,867844,961838,15595007.0,9466546,7403753,2050111,1405046,1441070,6556238,404539,,689318,1165637,4387067.0,261486,5756323,5539756,518628,23069084,13512517,3103484,800345,1406637,172367140,365687,1588114.0,450632
2025-05-28,1832261,1084423,607045,765948,1460994,2481658,6709814,,1144372,7891146,20539081.0,2166286,,1262718,132659,5229787.0,956353,20800349.0,945337,17737344,692109,19619941,1530384,291619.0,206545,6068183.0,308289,4273342.0,199877,286157,1800756,1667974,4572382,322254,151451,772899,45043796.0,6234036,692407,512770,29611224.0,14428953,18096609.0,,260293,890358,974463.0,2169575,470061,11923783,17900562,2213589,27431497,116810465,589797,775946,6600031,2717091,9761002,13127414,182605,1294249,222370,1361321,1326361,,3656236,1797588.0,844037,1042557,11083101.0,6034722,10484677,8903737,2263201,1850107,6511827,751945,,643631,1192994,2074211.0,181337,4020434,6526101,692258,28804407,31100465,2731728,686754,1409052,192910846,246106,1552534.0,615324
2025-05-29,3024701,1052542,262374,636064,493074,11321808,4378387,,1615691,5354125,27844325.0,9585081,,1045061,1011948,2371353.0,459416,100124387.0,1020548,7688891,475995,11718069,1001111,165497.0,230404,8433132.0,240895,3384112.0,362187,260644,1108501,1580425,4392362,213359,297100,890574,66993452.0,6679720,358105,273299,14651170.0,19470077,42398561.0,,255357,885648,4077498.0,9179213,427761,10777204,13388256,1850907,53768569,198915839,2525988,780188,4650771,2008570,13991115,59595022,347277,2240006,175880,3566010,1324666,,3704948,5504968.0,1906528,2487482,35269615.0,5501092,7379844,1031530,1257636,3317908,6151901,363638,,892129,1320382,2221696.0,65165,1690407,4671631,828795,15783569,9983852,1837176,506638,1040806,64918484,392099,1354389.0,296917
2025-05-30,5987806,2248843,1675429,2258500,1805436,6853514,33812903,,5838803,12771457,52310756.0,8208643,,6958388,448776,4208421.0,1621737,70816140.0,1791231,106001632,3279364,37830200,6801013,1290047.0,301361,7987830.0,1238968,7736944.0,402108,939701,3076269,3443587,4544327,303285,355109,907893,105186841.0,23132350,1913572,1483837,80249527.0,47295115,27894531.0,,1851435,3848870,2034900.0,8759919,1052295,33392403,19994856,9204939,27707771,241372205,2206333,2664221,40222535,6748115,17813626,56603816,594184,3403567,105418,1231140,4915348,,6006865,6581437.0,2368884,3093344,24781131.0,9293050,19171420,8507422,5796046,13440319,20094472,129088,,3785187,1317592,3475424.0,725168,6397176,9130852,1483441,27554898,23204015,6346276,2115544,9932793,276578650,747361,5180873.0,1087452
2025-06-02,3242093,1542840,879692,648516,744470,2870709,4662302,,2458816,8873325,18595152.0,4530446,,1298958,279513,2962650.0,549909,57424797.0,989849,11227317,388876,18654730,1499023,241822.0,266528,6834271.0,265266,2969951.0,186127,573916,1153706,1183524,2948324,232825,170199,1123075,26080572.0,9108119,270591,876509,21221289.0,19382984,48873983.0,,619393,1213914,1350231.0,2269800,529277,9696591,8054998,2222810,34266774,102317832,947546,752476,7649252,2659246,9591848,23406650,159169,2570531,80869,796517,1977753,,1606420,2054735.0,1371842,1825628,12342485.0,5558402,4305027,1761033,2207629,4908043,8560407,133816,,972120,1278393,2271979.0,103746,2111934,3997333,699851,26933204,16285635,3551722,1286035,1353126,63884582,307413,4427553.0,503521
2025-06-03,4285696,2016484,356754,1370787,675696,4010457,4796244,,1407779,8238126,27269277.0,3733266,,1325640,561345,5231277.0,901931,43808164.0,707508,10905752,1511715,29019590,2692749,278139.0,343648,3792947.0,244026,4633017.0,139730,359460,1586696,1006108,3095103,248109,260797,1877074,29640143.0,9061321,377923,747639,26322229.0,16873055,11655427.0,,840710,1324038,2087372.0,1495804,997471,8739327,11200044,3232867,22063391,118194151,608927,651375,6275470,2046999,11364869,16769997,172590,3355368,77900,1171003,7908309,,2360098,3423038.0,2060419,2911111,28058494.0,8286565,7418910,2289814,1959603,2675693,9000698,203572,,576729,1901919,3819201.0,120291,2530931,4666527,574997,17578071,15909234,3154895,781268,1432997,55294558,371508,2909992.0,378087
2025-06-04,2183610,1560836,863806,889965,749300,3289157,7631572,,4148339,7646209,42342840.0,2334025,,1643680,337902,20101190.0,1111019,39426523.0,2218562,11226569,3395989,38068179,3971590,1522654.0,271295,8817839.0,343501,2762235.0,131365,533220,904590,1368454,3928321,319426,135202,811422,52814538.0,5213601,402572,719542,27712767.0,17795899,23095171.0,,429532,1618317,1490347.0,11431738,845902,9043335,10359488,2214963,16835707,107346909,552507,964955,9788694,2692865,15139436,17842654,446020,2355322,94440,1079174,2414544,,2583076,4038351.0,1168179,2196772,15174372.0,4002732,9923345,1803803,3455762,1981506,8968944,92355,,945270,1497015,2146594.0,139429,2603601,4592874,613310,14450677,19114743,2671714,803157,3399067,71240284,500705,3166294.0,467697
2025-06-05,3854371,1153104,751010,521161,1318855,3178785,3640306,,1238583,6326787,23868229.0,4293309,,1228757,403035,14397104.0,1138376,31743541.0,1228746,11486804,1293472,19994073,2487160,299234.0,179029,19421837.0,329514,3833741.0,311726,586166,557313,1198704,3298172,217104,283299,1784783,35090162.0,6136545,218363,367568,17202725.0,14080862,19355858.0,,281556,1104536,1701671.0,1905707,894311,8652324,7237677,1968492,25345025,121681757,521527,707986,5328345,1864714,7067418,19700104,124096,1306705,132190,1692604,2440137,,2104464,2599004.0,1229162,2046684,20877766.0,2830674,8785386,2206131,1992731,4078508,4621772,90085,,693834,1456884,2312950.0,178286,1262501,6327200,640597,15886173,21103269,2622555,2197028,1403330,107138657,272437,3533358.0,796853
2025-06-06,2374964,698599,679517,467028,836435,1284634,4861045,,1035006,6976130,38557917.0,8163462,,1020002,193591,18029449.0,1081855,43475081.0,622775,14820787,260328,15486173,1173343,286985.0,132674,6208317.0,230096,3408644.0,93402,380966,667451,793799,2020969,205096,80587,2291676,24188902.0,7337013,532617,330604,9153663.0,17220530,10822727.0,,214943,1772666,856276.0,1655159,265131,8565483,5765444,3672385,17687515,80805117,484161,854250,4842868,1849439,4285510,7734318,83962,912495,139461,813321,1758684,,1625810,4274560.0,3553341,1946966,13535152.0,3244770,7092894,1260243,1665309,2884505,5181355,119406,,650438,1099189,1916911.0,92571,2266257,4345117,534461,12834657,14097126,2631488,647429,929402,224259137,240601,1813864.0,340313
2025-06-09,1836323,711090,226236,378272,534073,1866179,4566077,,629958,6148215,17946358.0,3793708,,3346894,120996,6081776.0,888505,57331584.0,796444,9327256,199480,21540558,1145871,166604.0,156102,2579445.0,272306,3902718.0,187242,372480,584964,4474696,1776870,337792,117527,1028809,37723026.0,3847004,252350,458449,30677778.0,9799876,19413218.0,,197478,1188929,1004802.0,1539871,379944,9434102,7179895,1079251,20204058,78074284,487564,720055,16630409,2260155,5549015,14756552,90263,1108468,67579,536633,1290484,,1929488,1780557.0,1628228,1273437,9857456.0,3657749,4876045,1383203,1171758,1267037,4287204,144937,,382933,1332674,1096205.0,182714,1438842,3317753,299370,16308504,12842611,1976807,852571,658992,58107834,294006,5062692.0,324928
2025-06-10,1486433,754225,560756,838473,494658,7589037,4364149,,910149,6766808,71278280.0,6478501,,1601652,168979,17632814.0,1284031,40145605.0,1337250,11779637,425875,28305982,2013483,304913.0,203919,8160799.0,295150,2674037.0,165414,389231,945768,2071978,2037464,226168,313774,1664573,26669976.0,17136734,538982,474101,12292984.0,14056205,,,330295,750439,1405638.0,5811900,484658,14031466,8288070,1729925,21721006,103482213,1028647,590081,11514915,2775067,6182150,13665854,267268,3926256,82139,1231055,1430166,,2681434,2318806.0,719390,1670841,17789909.0,5662964,6160450,1354168,1604273,3172390,9586948,133499,,752082,1281946,1411540.0,128439,1317558,4747912,339916,12563982,25015817,3049105,494221,982012,83682534,440473,5441325.0,387148
2025-06-11,2452118,871641,665633,498046,1160146,2327823,4099860,,1482294,9144204,48031211.0,4356441,,2550637,175303,8379101.0,699447,80967448.0,1308499,20343169,357099,24888742,4251947,383941.0,257828,4143553.0,255995,2697643.0,183279,354147,684224,1344451,5607922,493521,91824,1131823,63479253.0,15815612,289565,553929,10935984.0,18698462,22008791.0,,239510,787185,1433832.0,4285682,827827,13206236,6149228,4992631,17159654,137687116,1095334,734629,10367334,2491519,9709214,15748925,282983,1607192,115253,1888943,1638523,,1354274,3106558.0,1091370,1401729,13557377.0,2953771,6048209,1506043,1573098,4549365,11983745,105667,,646599,1355403,1298833.0,177321,3412395,4522991,324993,18777963,19678771,2722570,833174,1282420,71799629,400211,5546917.0,322474
2025-06-12,2204264,829326,382255,667607,1596391,3593777,4745537,,1172368,6883090,46385664.0,3321381,,1802148,333138,6784667.0,559698,31667426.0,838271,35377504,850722,11557893,6403222,301096.0,357416,5388884.0,230660,2637123.0,178285,384010,828573,1096924,10063122,263255,95745,1239576,32940863.0,7395989,420660,1754275,11982498.0,19116818,47743620.0,,497139,756817,1526301.0,3220303,508925,15712882,4717376,2780600,18936249,132619247,760792,996892,7441542,3828382,9596236,18336299,189576,1025878,87451,983175,2746753,,1753009,2127382.0,699233,3267773,15188521.0,3485436,5880116,3742813,3275895,1792754,5741349,100886,,491326,913655,1894939.0,146350,2371203,3830503,334585,23315796,14887326,2527345,1900434,1048680,106282014,509077,2939977.0,518675
2025-06-13,2368437,938480,554890,575350,1057476,4379630,5757026,,1985957,12734831,61656560.0,3560007,,1519603,264688,6730566.0,611332,55383616.0,766062,19481909,701109,17819624,4666464,190139.0,383759,3299631.0,218427,2302103.0,102611,473913,938441,2541766,6687967,336801,64832,1749139,36313947.0,9549960,395454,918096,13511808.0,17169948,30166263.0,,344435,612972,1129790.0,6165643,619306,16446241,3100061,3464954,19765037,85908285,814221,986924,9199217,1985451,8112170,25090100,140160,1889675,90753,713707,1960262,,1652177,2798061.0,929550,2401064,17595403.0,3379336,4641629,1846277,1989788,1555968,8181869,142550,,496402,1025406,1380615.0,232313,1737128,4452116,279425,15913180,12245436,2836058,850877,1717943,92163197,1302589,2948813.0,651175
2025-06-16,1871083,692825,374624,660105,554598,2522217,6878142,,2181759,5310967,32419385.0,2805711,,1867402,507031,,542905,49134940.0,1232360,20486975,436060,89565535,1622107,627461.0,177834,6574951.0,176309,4165649.0,225253,582028,3262986,987065,9091538,204949,149520,1339091,27424256.0,9117271,274667,1057036,21094599.0,13905144,62043513.0,,434986,2152525,2124597.0,4279333,301830,15263856,3228160,3904152,13562421,103355633,3086660,480946,6959236,2919473,11056039,14188176,290431,1070459,65005,738731,1720907,,2647264,2717261.0,1047440,2239799,20036595.0,3237694,4480203,3353349,4072624,5158350,7355048,230313,,945892,1810658,1869381.0,79431,3126608,4576477,437308,23145429,16509419,3548315,634794,1246306,123217901,471583,2760473.0,424204
2025-06-17,1726135,750722,1013113,2217670,1715459,1730395,12788124,,2577127,5112595,33319731.0,5628996,,7086717,392726,10723974.0,1966189,28624075.0,1433325,15414674,579510,73321890,1392671,1158526.0,183239,4741110.0,190251,4952196.0,253131,603626,2084289,1675915,2937286,342988,100898,1534452,37077328.0,12363192,305846,541378,17715371.0,20393694,24545726.0,,664983,1021360,6732346.0,3404613,587334,9533535,4200747,2262706,17431378,109818169,2663718,508030,13182384,2529573,13465559,33751647,556063,2684654,104624,1081594,1637077,,3433269,4376420.0,2776657,1652338,23654735.0,4428388,6027042,1783506,4023742,2802209,4573578,135072,,644897,7029975,2721922.0,95346,7427215,4613400,677487,11570223,14556388,2321854,866581,3129690,79473822,294020,3221798.0,569781
2025-06-18,3438074,877694,582444,1003139,1386630,2445132,4586370,,1423209,4911288,31743515.0,4828591,,1247051,327081,8665434.0,1372260,33191048.0,2430477,15179584,381209,16557519,2708709,315310.0,480392,3988218.0,183479,3969166.0,373089,448319,1843393,1728298,3623153,323174,2330668,552146,28302295.0,8649492,410986,712426,25285492.0,24621848,17194810.0,,467853,914077,1107868.0,2351166,503753,12006756,3884329,1943355,32208414,71508436,588272,1052551,6240922,2478206,10742196,21528149,160047,2140067,60861,819790,1879844,,2812004,2120301.0,1400397,1778826,10433494.0,2470853,4646313,1787684,3288407,3316207,6950792,130320,,739134,1926992,1829056.0,97719,1597119,6574144,375135,18926269,14718637,2118419,878492,1952264,97032901,435975,2795093.0,662382
2025-06-19,2242695,685922,422835,666777,619247,2062914,4662696,,815343,3570530,15272321.0,2029762,,1094687,397075,5687718.0,1102836,20510885.0,1806918,10812248,220945,10478203,1242072,348453.0,175607,3876371.0,224999,4308425.0,205169,260294,778183,824732,2657840,276496,149704,626384,17087317.0,5124382,268315,326561,9244048.0,12085391,10078575.0,,446794,531537,1059138.0,2596143,322474,9682465,2405677,1621929,17851833,41980242,479201,679545,6840699,4118563,6517654,7636226,149040,1921634,66712,996116,1530307,,2369998,3266287.0,1120636,1024838,6531116.0,2691154,3924446,972191,1949090,1454166,9581681,41994,,423323,1122870,1550186.0,80463,1243914,2639220,244547,14534248,8982590,1823022,459779,1198532,129213421,224647,2250088.0,550996
2025-06-20,7173140,2047430,4575136,1341212,2019182,3546830,16882137,,4603842,13950586,54976252.0,7864687,,4052317,2252041,18158033.0,2096173,86764409.0,2758616,90283587,736016,28127352,5121668,767515.0,942914,5999443.0,648224,10490753.0,585894,3216539,3048600,6446328,6828032,429541,484359,3306587,156612093.0,24023738,1404118,1163484,70145674.0,38758234,32392727.0,,1750254,5733435,6947686.0,5308086,1169061,26864861,8033486,5853818,26083778,202054195,2260319,1936193,26109332,10366586,20476411,88788068,422651,3710334,980274,2130758,3058273,,4739456,7522891.0,2592750,3780450,26022592.0,12280639,23290859,11427893,5344738,5904682,20055645,635631,,1589475,3667711,4261243.0,416181,5790112,12494811,1087539,33357447,52682101,8985475,3437834,2971243,279977555,923171,7241855.0,1427605
2025-06-23,2040507,1026947,375617,999258,885022,1672606,5494360,,1754277,12815476,24584331.0,2685060,,996667,387333,11197324.0,998794,27073210.0,908531,11237109,268051,18843543,2092140,264438.0,397445,7019431.0,294441,3525011.0,190494,451442,685059,4972204,4260132,305009,350493,680039,20215476.0,10650109,400006,274130,11533880.0,14579422,27450611.0,,371579,864820,1935953.0,1927447,685327,18971718,3301582,1176524,14869555,81415546,655346,1204797,6956751,3106044,6788042,19385748,396908,2980707,185239,2184592,2551602,,1782204,2733253.0,1322405,2523719,16511816.0,3584697,4832810,1166173,1377559,1541387,25251337,186783,,1058430,1901715,1121851.0,221257,1057429,8046138,343416,15979575,23019331,2523903,551753,1296693,66120988,319321,1632623.0,1545676
2025-06-24,2834024,857201,479949,1133716,941477,2188642,6221092,,4087245,10188660,53443541.0,3246630,,1474173,458490,7804505.0,1250428,129366562.0,1294521,52517277,1123298,66719649,9388542,234159.0,413203,9112405.0,301461,4956955.0,388197,662601,997911,3336736,6568831,275277,1143586,674038,84071718.0,13353271,355021,556160,27491709.0,19006709,36367282.0,,520922,1528548,4402820.0,5105041,655320,28735301,4546716,2917865,10873262,100002889,5336069,1108712,4912818,3195099,18799237,45559087,276474,7919342,127285,1105942,1573210,,5083517,3332321.0,925274,1425150,21780767.0,6042795,6608155,1216334,6141835,1492078,11960172,93498,,583309,1448672,2099844.0,129021,6491973,4633508,428119,21076591,18991719,3473573,448615,1769107,73959072,360326,3600558.0,396041
2025-06-25,1956361,1328541,616568,1394749,805245,2170176,3928402,,2081995,20596938,28326349.0,4467754,,1316187,617301,17268881.0,1056534,53717578.0,1567533,9852298,580446,10292288,2276651,285169.0,243666,4895056.0,189329,3031870.0,266633,263534,1008475,1213666,3002644,299332,110113,2174509,43431411.0,6551029,362568,537127,21136600.0,17002277,19717783.0,,368325,2208418,1804460.0,3559754,243505,48632462,4522427,1787621,12844512,63065900,3200490,1087553,5187851,2835664,13598349,25655587,170972,2028864,115897,1015916,1898050,,2567592,3098737.0,976931,1123802,16865904.0,5707591,5944829,2049369,4526498,2372678,8022261,297627,,874907,2289525,2582503.0,197578,7514321,4154251,932340,21654882,13961569,5233503,799556,1914116,58903700,464652,4001406.0,976675
2025-06-26,3410259,1416197,556349,1362768,1870702,1516027,3106790,,4208272,12147627,27767378.0,4070386,,1485093,493939,4619886.0,651876,34892096.0,1669666,14232129,474044,30092514,3865723,244872.0,365697,3088568.0,405823,6019172.0,317298,258111,1954154,2446614,10649472,357908,188705,1007568,54212156.0,12916831,1046258,857457,31240062.0,14114825,15213363.0,,262106,1628250,2531882.0,3150572,298370,21468392,6332991,1738610,10366614,86863304,1558822,1431717,4290069,3551169,8924839,22443852,214024,3163596,331879,1544250,1738895,,2520180,2213867.0,743693,964864,60381529.0,3628487,6619218,2649554,3440834,1695994,13481509,140753,,581114,1555103,1164636.0,140664,2038624,4824185,419256,12441391,11720564,2892561,650820,1706744,100327300,459844,4410744.0,369944
2025-06-27,1913573,524372,406825,1444760,856712,1489787,5149478,,1298688,4613646,35720599.0,6807533,,1124441,583859,7192398.0,1131692,25884475.0,2033660,12619787,283008,17856269,2174145,570914.0,365658,2906246.0,234021,4474108.0,211148,478057,883883,1062451,2448419,255138,233961,861274,28342738.0,4971977,277443,1209506,21061916.0,10567117,14629101.0,,210436,1642225,1375377.0,12577958,191107,38583569,7477250,1617469,12788134,98600772,1201009,868778,4018375,4052740,13995171,16285081,173630,2631758,330076,1149301,2060204,,1997004,1606420.0,717196,858257,25455506.0,3848419,3193406,3235538,4577396,2688251,8510630,264701,,555093,1725704,1935215.0,180894,2174062,4028636,441441,26732574,16724293,3191915,556973,1014850,120238024,633808,4293556.0,476721
2025-06-30,2365698,665502,372187,1068270,875638,3214433,7305921,,1692827,5176806,22865391.0,11616423,,1547075,494974,11948006.0,960296,31200259.0,1576470,17800818,2223972,20803783,2120388,757288.0,189390,4648284.0,430903,4719520.0,154724,274515,4810064,1341891,11932811,462707,101021,705296,40570370.0,8874664,368186,847436,20320520.0,17119058,29865045.0,,250780,1276220,1665059.0,3665351,479215,19744582,10304255,2606179,14960104,86783208,716460,886671,5527656,2941501,9975510,12925364,144957,2814251,211741,1452725,1986152,,4191304,1677642.0,1080888,1637730,34906930.0,5165491,7471824,2573862,4530598,2775902,8585589,113752,,877757,1859054,1551916.0,133094,2137458,4934259,520673,20082337,12798129,2961347,778786,1439800,98235467,536586,4016716.0,502806
2025-07-01,1432669,675810,517305,764007,876741,1627746,43029886,,1530192,9552703,24617583.0,4437127,,1393475,1133068,9056300.0,558873,23390766.0,5919643,10679641,3466007,25062152,3138541,330015.0,258971,11947526.0,300233,3639232.0,301858,343067,2037725,1421746,1887248,188105,215168,3245610,60547992.0,11687307,390134,577232,38731312.0,9032401,30589591.0,,266195,1042073,2735816.0,4552810,581490,15684291,5359509,3468046,9796332,103026972,1120110,1099812,3963059,3322816,14379095,15072237,179768,3995143,178462,2878222,1733538,,2152035,2652950.0,725832,1965069,21101219.0,6205295,9027645,1561667,3348946,1572218,8644638,420827,,4108496,6582076,1720530.0,205045,1347653,4503161,530925,12020851,34935815,2575089,441575,1323733,80456994,431468,3856100.0,869848
2025-07-02,2809553,675263,679623,726029,866007,1778611,5410034,,1305789,7924959,51318423.0,4216436,,3917003,1304380,12733669.0,839626,41820614.0,1826598,11721844,2324187,11006326,3050427,325728.0,288084,19565348.0,186378,7255473.0,254430,432388,1148006,2679385,3055002,229654,585141,1589217,107944026.0,12624524,321776,669239,20208800.0,21394590,33471308.0,,737730,1077233,4161751.0,2296487,199372,28950433,7414892,3641189,35508011,270311976,1002702,1542595,5470632,3408498,11305440,62637572,278508,2930629,180575,2642977,1535082,,2250827,3546202.0,1325601,1270930,24475447.0,2834654,9143561,2281427,5354961,2271317,5700101,295150,,570065,1945436,1075033.0,224074,1903713,5170159,629097,26048114,35404778,2336681,1313841,1257421,67421709,1327093,4642295.0,1291607
2025-07-03,2691326,774295,285771,833084,1712883,1406148,9710849,,1996860,3332800,33811657.0,5247468,,1900892,814176,6570256.0,1508232,22330639.0,1318977,12119054,552453,22243130,1965300,338007.0,220035,7670479.0,205237,5436169.0,293663,390957,5538643,1038287,1824797,251623,233914,793188,39368339.0,7926084,227130,438265,15165198.0,14119669,11524933.0,,205212,555035,1223630.0,1932001,160831,30817762,5413355,3233879,14132466,113286062,680158,1010248,4031977,1842415,7958878,26726121,198108,1605350,176152,1432921,971375,,1879495,2866363.0,902893,895066,9770302.0,5642221,9614526,1949457,2126921,1317943,7078168,236919,,663894,1384233,848856.0,172105,1968088,4428486,626804,11326582,14214692,1618425,744340,1779944,51126632,367920,3005077.0,661702
2025-07-04,874412,323248,748647,432848,827129,585174,3129807,,927347,2056060,15476731.0,1732910,,1241923,466527,2867291.0,331081,13796592.0,3098394,4447903,428187,6954459,1882537,232939.0,104713,18551226.0,156548,2796255.0,100507,276530,541259,550029,15401449,162329,101994,713984,18327124.0,4005881,760202,203742,20578347.0,5223757,7506295.0,,129789,265968,798844.0,1585790,188785,10088288,2760436,1119434,8217758,65462622,363010,952065,2726694,1535887,5882258,12350569,86120,1218990,104544,889363,917668,,1014362,1174406.0,308116,646434,13392330.0,1209231,5540867,9137020,4227720,620720,3412973,89850,,245652,717098,399884.0,90015,1099042,3016011,357118,15937176,12980320,1236818,714394,1185276,72891923,167126,1578125.0,918189
2025-07-07,976247,634298,351355,521615,629972,1046772,6363627,,821187,3786879,19248214.0,6148681,,2131095,460260,2861176.0,685789,21738133.0,670758,6527354,317329,9720074,1429068,205527.0,171335,3134342.0,218467,1736624.0,117913,755843,896056,836058,1809122,256242,124199,633025,15474688.0,5518641,170770,452597,14696293.0,17323618,22217964.0,,385565,1781262,1200458.0,2416547,175584,14096831,2475744,2116921,11455841,152870985,723343,967378,2861418,2114722,10066900,39675323,195268,1086976,103734,994690,911764,,1894372,1366280.0,432254,672493,20386921.0,2887192,3747586,1986370,1632049,1007358,8324601,237707,,347269,7742995,875889.0,126021,1366953,4145680,314716,9531405,8920593,1587943,594097,2250111,59496886,294188,1683686.0,248504
2025-07-08,2560896,3686533,390885,903611,857682,1783666,3485045,,1762578,4166098,38120942.0,3896932,,2451792,672801,5072350.0,1651708,33963249.0,1313419,12207257,612063,15936202,1900434,289708.0,167726,5041750.0,303521,3460447.0,445205,470335,2491407,1611605,3117307,417001,223169,761449,42325829.0,6247440,517392,699388,26872060.0,13258641,17314184.0,,313222,1494771,1030700.0,2569250,195153,48305551,10262632,1858343,12618393,82252537,742091,1323820,4489862,1962413,9114160,46042871,453908,2357959,133187,1110666,2266439,,2316026,2373093.0,518722,1382483,14703561.0,4211765,6885861,2067434,3850467,2054531,8254358,187972,,646246,4649742,1319655.0,195821,2344400,4548425,883954,17543545,14947732,2176030,807816,2082860,75265801,756036,3606465.0,465644
2025-07-09,2159666,487873,473471,1099924,1495319,2190678,4617117,,2459821,3701006,33057727.0,6835411,,1865201,524019,5591293.0,377260,31344969.0,1994374,8639499,488097,12316610,1532283,191274.0,132010,3647147.0,363022,5612118.0,299043,417839,1108395,1541210,3603909,344406,112188,886575,46435822.0,7848611,459293,434278,14308007.0,15706147,25406363.0,,242333,643186,888837.0,2000708,251075,15591470,3425955,1720296,15328372,184166593,981361,1113416,4002334,1534068,6360570,33781299,473115,1618529,183758,1663012,2364717,,3903692,3290957.0,727149,1006781,14346514.0,3530362,5205942,1527615,1181933,1449524,7608923,144519,,826267,1537536,2004554.0,186441,2329865,6080314,259882,12603474,18763614,1854217,608784,795255,53161917,580904,16481111.0,595223
2025-07-10,3136638,573640,714846,969667,1203044,1666900,4874179,,1490017,3329362,55679501.0,6970493,,1535640,420793,3784806.0,379133,24807720.0,918075,11255631,387914,9386010,1819932,283298.0,268448,5084611.0,340036,5538610.0,179941,262322,1085262,822431,3215531,379118,137018,726587,37677090.0,7057049,329239,352520,31608146.0,12701478,28425737.0,,496062,1014952,909854.0,12553496,309566,9637757,4844378,2626211,13735232,178289236,1215403,830130,4097650,1431331,9463492,32212700,826385,1898816,148537,958361,1257040,,2609624,5533046.0,2064951,868164,17511991.0,4379601,5594593,2936513,1444810,1601010,7161468,189682,,574380,1382698,1861377.0,123143,5112666,7150372,381003,12490889,9859287,2717274,720589,930912,69643768,584528,8431759.0,815425
2025-07-11,7222430,701898,229133,613889,795851,1921192,4461667,,1745919,2933396,26291575.0,14385853,,2358870,420428,4522284.0,432844,45905506.0,1318864,9492146,293992,10509873,2207464,197288.0,352837,8723363.0,694598,3516055.0,353386,315638,1615812,786663,4126510,222856,167858,963858,53617584.0,8542394,192564,394320,12631105.0,12557833,14216948.0,,166682,4088869,2853177.0,8058052,266528,46242472,5952178,1869084,17329257,60673496,1160217,636746,3026559,1357474,14000762,67939835,302060,2096609,106221,756213,940980,,2195630,2099060.0,3855751,1949182,17886774.0,1988267,10753975,1597275,1656650,1104840,6735708,165113,,537379,1374500,1548468.0,114140,5187187,8133494,357374,7866814,13134649,2191942,757660,951431,44100713,337677,6787339.0,1949232
2025-07-14,1238652,726983,532403,459708,599629,1944202,4178668,,1212374,4152463,17404955.0,4585839,,1755441,449613,4997340.0,739989,34437153.0,673583,8946454,287165,7477370,1092237,201268.0,171585,2345838.0,231499,3647002.0,270024,344861,912222,727497,2186767,287030,124443,1216054,29268370.0,6480862,234849,356861,12148525.0,12621910,15085174.0,,178918,453806,2030847.0,1943767,430555,41052503,4519324,1135959,16752010,64842231,424193,440226,4996301,1672831,12385151,9841727,164255,1271971,100624,903979,1153525,,1295268,1482524.0,447856,792064,9055126.0,2393413,5959893,1566832,1949245,2027732,5037521,91446,,387900,1513879,1040440.0,96506,14399094,3944708,219464,9911312,13505125,1817810,418325,1049441,48457281,294931,5519273.0,374716
2025-07-15,8216716,585351,323801,478808,764003,2405528,5206981,,1440667,3338824,37652535.0,10195810,,1259202,890573,23417026.0,485296,60586915.0,1087307,9499539,1851383,10233025,1915762,317068.0,590849,12942744.0,201805,2858272.0,566196,252099,1262702,1410436,3315842,395524,217019,1594537,45033549.0,13459931,356533,560984,9242167.0,14421861,22944161.0,,1353899,3369881,2839134.0,3019955,308914,13922806,5374801,2283353,16533352,81239796,664153,656556,3748939,1429152,10405557,12421976,357035,1945671,182222,2271267,1394320,,2315773,2559072.0,1750879,1079132,9296274.0,3043490,5000575,1890846,1195067,2304671,7935201,155465,,892170,1443951,2497730.0,211127,3710142,10517727,645912,8332024,31581020,3120544,670659,913596,42600923,907700,11748165.0,1220866
2025-07-16,2783076,605897,230842,916198,696793,1316447,13749887,,1465976,3633249,41093798.0,4558317,,1477859,411644,9426311.0,434866,40480091.0,810816,9582442,425357,12839137,4155374,413013.0,308494,8565512.0,159442,4453182.0,180244,655735,767863,3113967,2670007,286342,368474,721143,25594104.0,7539555,205422,405012,48986914.0,13538376,17226300.0,,293686,650942,3651391.0,2449401,116772,14848078,3709702,4445907,19442505,75069499,521542,760317,3743798,2705465,14928626,16472201,123086,4557262,133786,2053433,981545,,1750918,2740561.0,752542,905429,6815803.0,4870488,18154410,2091677,1171066,4259807,4324491,141172,,670338,2268673,1994465.0,106561,1310235,4617637,439968,12365897,21824588,2650337,767923,1047864,48629015,434681,4244545.0,616861
2025-07-17,1518521,4578327,438598,594393,526058,1048043,5659303,,1296345,3688415,21147896.0,3284071,,1239583,350157,5770149.0,447340,18616386.0,1320896,8813246,319929,10994132,2044479,262237.0,173316,6089509.0,184413,7166859.0,457805,219194,1184711,886122,18850998,214551,452539,961410,21589270.0,9609826,469816,532050,14377951.0,13462228,21998669.0,,465622,708240,813711.0,1866017,136371,11219388,4779590,2480656,14099242,105260269,430296,1551101,3663948,2523606,8577694,19089944,128390,10501596,165329,1119959,1048218,,2361886,1415507.0,609051,1052959,14094994.0,2200091,4561284,1765817,1872107,2691747,4611850,379639,,811053,1606371,972811.0,93038,1630808,6097260,440096,11230477,18697684,3533682,838546,1145293,57099478,314824,4613620.0,440763
2025-07-18,4724967,803200,337519,755991,1167459,1516677,3542667,,1470444,5558195,26646132.0,2519592,,1229503,426936,7583137.0,622377,33574405.0,2760924,18495733,1678430,17183857,2065909,278239.0,238711,7353925.0,132028,4059359.0,183946,268879,766719,1023985,4358340,329465,680934,652849,31436628.0,17187294,327453,528967,13940950.0,18707419,18418784.0,,435246,1422914,902381.0,3538425,124138,11510516,6296563,1899125,9583600,150515034,491588,1625392,3198139,3689227,7936648,39477922,522552,9736988,102950,885979,1578785,,2263019,2440032.0,1407625,1289270,19732187.0,3266417,13815417,2519983,2656583,2101825,5753357,242695,,952390,1426002,1216821.0,284130,2182845,4337433,703946,9146749,11695084,2514081,1065759,3121245,51908056,410163,4011441.0,445632
2025-07-21,3947892,379947,244668,533653,1458313,934852,3410284,,2460332,6810399,43624091.0,4101183,,1149798,294686,3855816.0,384930,75777242.0,1283331,10918615,218685,17182328,7700321,194345.0,157756,3287382.0,177881,3514980.0,158958,1043376,582658,946291,5880437,288952,228081,763298,70540004.0,7097180,297375,419958,14487835.0,20417553,26730675.0,,279126,759870,3915614.0,2222575,581928,6051686,5642836,1458979,13144142,170174629,577785,717552,4082043,2010750,6676907,11664209,121010,4206190,159641,838503,1231838,,1634715,4564166.0,1088310,1636634,29086199.0,3819820,4949739,1837008,4049840,1217751,10499560,133008,,491353,1193827,1134061.0,153546,2101611,7352377,361507,28791786,11773587,2093382,1358910,1736992,62462034,519770,2718908.0,358970
2025-07-22,1620401,417260,411513,634780,1026148,1420897,6109725,,2054805,4884765,29163457.0,3380261,,1446186,306418,3469707.0,1478707,50772910.0,791667,10601616,732841,26184326,4722624,297199.0,176603,5732558.0,201418,3164091.0,232642,227016,1208510,2017181,4127757,291107,163494,883129,,6468572,280552,783834,34056875.0,16914346,16060767.0,,263247,1555669,830042.0,1802603,369672,7245812,3821674,1302314,24026577,75529349,628709,1411087,3055496,3051466,9264584,12908434,156871,4434228,149639,705128,1149672,,1869290,3000050.0,804627,1592253,23375842.0,5227196,7174945,1298842,2244859,2033087,5124328,321463,,621173,1864717,1966454.0,164837,2809104,5631137,432136,21978498,10036532,2899600,787499,5105480,48988115,363944,3683046.0,363977
2025-07-23,4520793,622619,403702,561295,779722,1189072,5541554,,1968248,3734949,54654264.0,1949172,,1346622,255351,14645509.0,910331,28920350.0,1029555,9147773,373057,18908884,4035262,280223.0,194513,11082944.0,190501,4049599.0,144638,2313964,791419,1040635,4974644,576824,97236,2348886,51434373.0,9105955,166873,574235,21763643.0,16338862,33996070.0,,401510,2216861,1228941.0,4691679,182875,12477884,4084470,1882855,13114822,134766315,1337946,1120132,3257363,2179378,13111699,16103457,131762,2980724,113218,697131,8169314,,2760608,2077643.0,2409498,1313101,11832226.0,3431108,24186241,1756170,2853109,2812494,4288010,172141,,552703,1024710,3191376.0,119097,3108598,7357500,538679,12081584,12462156,2030494,489012,1750135,51077314,582834,4789059.0,410628
2025-07-24,1647496,500516,290343,1028397,1988566,1280859,3482381,,1827824,2251340,33393108.0,2649048,,1546100,308489,4548759.0,701000,26851726.0,1274458,49057450,331832,21182119,2231696,259358.0,176039,4442762.0,248428,3779226.0,211685,274215,1911954,1287346,3715110,354375,117677,738982,22567966.0,8056479,192755,401311,25442285.0,13057823,18092571.0,,272249,1552693,956670.0,2625850,329239,12171716,8253565,1090580,9626990,140580670,1365887,799178,7720060,2549494,7833893,14401004,132882,5606855,89653,733205,1449544,,4234231,1944116.0,3671008,973084,17480815.0,9034206,7785103,2101841,2679605,1653954,5222486,205763,,911968,1559656,2764304.0,89740,2852166,5755785,425418,14774808,16744065,1842913,642194,1282982,176990201,270714,3531338.0,291256
2025-07-25,6659093,624859,171388,1500395,778802,4496468,5926548,,6844997,7095895,73558090.0,1725585,,1535914,467701,14311183.0,426679,51000737.0,4626906,28722911,353884,13177370,4384571,891636.0,639203,5661477.0,138136,5524296.0,234577,232193,8303132,1417348,28703861,212381,73369,14035526,44348440.0,4945598,196583,483427,17577897.0,10304104,23558801.0,,377590,1399294,1015634.0,3767197,374953,11453677,4169016,1541853,7272277,280158764,1402696,1153660,8577792,2375512,4900714,61448009,236922,2292973,109654,696654,1552311,,2350685,3553565.0,5177876,5397136,33353364.0,10445591,3730844,1861427,4333550,2408349,5301385,210902,,488186,1274820,1242318.0,183927,7626420,11328123,328269,26898101,16314115,3197275,1300874,2896977,102244021,439647,3575548.0,445475
2025-07-28,3876086,602515,240546,653191,752792,1870356,2751829,,5723914,4003084,23321180.0,2146002,,2801267,436063,5575965.0,728068,19955995.0,765596,14273098,362274,16990983,3270765,464013.0,770688,3994938.0,170340,2749812.0,254895,392839,2403952,1553499,3864588,301581,126309,3236941,30280433.0,7412838,242180,318421,9900847.0,12621272,10080083.0,,174920,624966,1339650.0,1829689,315609,17154299,4336048,1516157,11905164,112590183,1081938,722662,4014396,1750685,4660147,17869816,161353,3683343,134600,960800,1876445,,2452055,1948436.0,1062943,2191462,48615866.0,11067357,3215807,1733990,4709656,1657925,10452144,144463,,607575,1598238,1254545.0,79218,1849127,6952144,498472,6748967,19337594,2583460,835385,734107,46835880,467181,2778358.0,397101
2025-07-29,4771481,686144,1113342,832065,497460,1163193,3577621,,5839192,7636268,54910973.0,5624929,,1371960,369669,9176038.0,401749,21342212.0,1583020,21298882,852323,50754684,2236397,1203978.0,190909,10969321.0,293022,3206597.0,258094,399479,1859371,1006640,2711019,343404,128408,694094,53546384.0,7579505,293926,329075,20882268.0,18609371,11694580.0,,225539,962084,1930716.0,2895920,144664,9211930,4030292,1155132,11922326,102168223,1270929,856543,4151025,2531414,10152594,16444772,181072,2840499,160304,572920,1400982,,3021995,2112944.0,1250592,1600869,25352691.0,8929353,17777194,2250740,2832548,2316918,7328692,196329,,646730,1469054,2150460.0,94379,1907828,5845472,455349,11105094,18250920,2968757,1311125,1123630,59164321,699484,6557038.0,829117
2025-07-30,2413583,494088,278962,694758,462437,1039967,3355799,,4702408,6795371,34619306.0,4101828,,2381993,363510,3186285.0,585853,21332138.0,950263,12010099,279547,45137948,1522266,667981.0,146330,14935032.0,167685,3012652.0,272198,287738,1206257,781853,3664831,219337,75165,500140,29232578.0,11478290,231338,881495,16842743.0,36229610,11329521.0,,257297,1036415,784095.0,2999166,205973,9122038,4664830,1477035,14039303,135023233,989685,785614,3644527,2588210,14338980,11200604,230776,910862,123233,1452088,1431398,,2611244,2064850.0,1283419,1301779,15746222.0,6893708,6136629,1976933,5017954,5423982,5476305,167069,,623897,1522538,3989877.0,159366,5228331,4601304,1226149,11157209,93808839,3792354,1087435,939774,75588717,307634,3877456.0,391573
2025-07-31,3918723,704929,438192,704661,1878708,2109599,6337043,,2856741,5610154,52230372.0,8646997,,1996630,305664,4124974.0,625728,22493257.0,3325347,15792868,389645,18799737,3283613,653409.0,261396,6955263.0,275034,7477330.0,235445,593394,1456197,1455942,3494817,286136,199143,611975,51410214.0,14502769,1887041,753533,42159950.0,19221044,20683497.0,,425442,996190,2505257.0,4063427,356401,8539829,4523867,3286648,10305008,198367912,4375856,4833303,10283109,5333727,8129288,13657600,320236,1818101,141393,824092,1997515,,2529644,4818208.0,1602699,2170298,53131402.0,13637738,6324958,4279795,1754684,4502759,8370693,302709,,733523,2284638,3421272.0,163869,8115285,7646351,529328,17749689,30695499,5624791,1054192,1668119,84844420,862044,4383045.0,791628
2025-08-01,2722099,732943,399311,779914,819278,1413081,4843762,,2265511,3888871,31946918.0,4828504,,1993368,441481,5907135.0,1744510,16472706.0,1160566,10523797,2307921,16238435,2194888,536252.0,222378,10209914.0,231736,5282079.0,188870,340155,3908504,1012378,2652111,381285,232276,5493608,32461363.0,8562116,1793549,686456,22140230.0,20515990,29797856.0,,477597,1477529,1925163.0,6912305,1085454,5676263,3889493,1403011,12485245,164670629,1728481,1728644,3438072,5354065,13042412,17950341,312036,2356953,186428,960329,3737993,,2859642,4769110.0,789521,1608795,16590695.0,10016964,7922421,1823796,7436930,6285862,5167404,114158,,557765,1532440,1749719.0,92398,1794955,5136530,508282,13910386,26432107,2534904,825403,2310877,64721845,2302368,3546142.0,567262
2025-08-04,6428207,706194,341488,958394,649987,2409284,9104214,,2619721,2829752,46854272.0,4813515,,1280573,318913,5363982.0,1745711,72572085.0,2342300,17722868,483685,10454884,7754953,612612.0,318179,11131338.0,143250,10238591.0,228361,1254077,741160,950381,3594370,424111,252299,810726,80417791.0,7424856,420449,555119,16613940.0,24997049,14363555.0,,324090,757619,1578044.0,2598880,444320,8708967,6282984,2127751,16043480,466266950,1562505,1608713,5442535,8071481,6272141,18691815,825464,2105558,105984,731329,3116042,,10215746,3719117.0,1265823,1310616,64270332.0,5137769,5380203,2918901,2295977,2637889,13027226,366922,,740506,1426288,2166250.0,184128,2119827,4175132,301639,28436965,35759568,4657508,848150,8680012,100407769,466306,3398189.0,1105143
2025-08-05,1287835,910094,366218,472512,610849,1470235,3523903,,1929022,2011874,28505056.0,4687814,,1652081,424223,6303614.0,513965,50131497.0,767388,22130531,825633,16029624,1623814,313961.0,358103,13586633.0,153600,12111922.0,254837,369026,851832,1668574,3914871,557415,305790,1565266,30443539.0,6715381,496846,675664,22691309.0,14854667,18616395.0,,317820,1258355,701663.0,2067854,553919,8381280,8393834,1708271,19791670,258192353,2069856,1265182,4930790,5745477,5151546,11425732,229112,2021621,104995,688604,1974563,,3080298,2050688.0,1023479,1837441,19465288.0,33415775,5645205,1422977,1852704,3139579,9901655,345603,,1089830,1740585,10001760.0,143840,1348260,5184904,764700,24378453,14360717,2785244,885668,1677899,45566514,1092999,4227365.0,321505
2025-08-06,2176007,747251,1572841,533506,878157,2024141,5077476,,1355456,1968601,64620801.0,2611877,,2037775,565657,6391585.0,1586182,42527695.0,1279700,21122128,1817402,13640502,2525539,653759.0,289769,10096899.0,149859,9889280.0,195953,565811,887516,1593240,2173628,441879,148204,2149157,104636913.0,7134923,473349,563211,23605711.0,23676486,14201293.0,,618668,1971393,1290214.0,9731398,498637,9031585,8277199,2099002,38399593,163354662,2518436,958919,6155533,5122765,7658369,20160894,285362,2695973,316680,1389928,2633597,,6346159,3646736.0,2285567,1623625,9560948.0,3525511,6718888,1878974,1185675,2223085,7474270,334472,,1403495,1543218,4529121.0,188476,1319974,4158404,658827,21380315,35462887,2143211,806876,5743374,65641079,739692,3186609.0,771033
2025-08-07,6406555,884094,341437,536396,791067,1215669,4544396,,5872552,4362864,83644462.0,2565817,,2315525,338948,3539180.0,800606,46680063.0,1426001,17245623,1113004,12587391,5224340,2032616.0,743910,17078896.0,164048,7396685.0,176693,250149,1541058,1549668,18157288,408134,108094,1270085,32789269.0,9345794,1909928,756731,28185336.0,20878998,24738233.0,,1372767,1900674,1478063.0,1830034,268970,7817706,4254537,3653597,18214227,86656239,1545199,2467971,4790482,4373403,6501733,27446214,393731,6922509,129904,1355533,2009610,,2798530,6637266.0,713930,7702066,58989268.0,5253326,5148865,3555144,1564356,2223667,12176102,202603,,651276,1727438,4067531.0,112528,2252849,10151248,901517,45375430,18129115,2803026,1045657,1595273,74155037,891638,8994550.0,647675
2025-08-08,6988255,559100,425301,449368,749871,1234160,3743093,,3307227,7269694,71584352.0,2946972,,3901573,441166,3794966.0,494296,45055968.0,1795265,13363359,1387346,35090665,4021172,518993.0,432543,13925293.0,175876,3042991.0,158308,311041,4883625,1640341,2909108,321586,84342,1727675,47666236.0,5056069,663893,351148,16606660.0,15550763,9372096.0,,579001,2045420,949650.0,10035993,243861,7563992,1974391,1673078,11653756,194250259,1247946,1052934,5971987,3048626,6747250,55330100,493441,4044700,124643,1113538,2764466,,3525334,6853002.0,3616262,2575366,51876753.0,6629799,2554681,2640983,1789089,1950089,9901676,334591,,626011,1364776,3228860.0,121827,2668630,3908571,648293,20914431,12105748,1943892,706888,2119350,41354560,346936,8848353.0,440773
2025-08-11,4675399,558488,220083,524847,843992,773443,3134734,,2952554,4802518,16640285.0,3143276,,1684257,298020,4658160.0,422437,14438974.0,2014352,13083669,570185,11689499,1039197,669968.0,193301,5061062.0,265275,3790432.0,256126,205200,1053994,1145881,1586969,271899,84551,825994,34915841.0,4395748,667240,330608,9244248.0,17436132,10795068.0,,282947,1205442,855057.0,1436857,243288,6895511,1416928,1275363,12787719,169210484,927474,1928179,4168976,2009176,4149607,12999719,261211,1861525,161289,615692,802680,,3329805,1180561.0,593462,837141,23366748.0,2657609,2543636,1079261,1746262,1639232,4013703,217035,,532656,1208565,1432442.0,79257,2586646,3811919,289573,19907891,15490510,1467365,580356,858356,50338327,212854,4885137.0,226778
2025-08-12,1499893,546700,268197,697736,515754,574594,8385830,,2207453,3935497,26541665.0,2169044,,2416073,336841,3930603.0,322914,24965275.0,2695413,56009686,711010,17426009,1561664,727874.0,251577,5164701.0,254556,4066286.0,281823,232399,1815106,1112312,2468147,255354,55103,1745276,24297370.0,7158994,688709,431205,13689406.0,19884939,27723064.0,,568356,535560,916426.0,1947810,358951,8593571,3460625,1222868,17232536,72394771,2235559,3232092,5614244,4193230,8392088,13097127,204977,2267640,114411,1432606,2000559,,4408807,2987407.0,561064,1245950,30126826.0,3763750,3895887,1380247,3133790,2090944,9676367,126015,,904867,2152434,3132253.0,463755,3371176,4728076,578016,9868332,30830077,1922413,405782,1818385,43422348,1255641,5527323.0,419086
2025-08-13,7061451,471558,550496,1037402,881859,1185207,6145646,,1598480,4337303,23288060.0,4460312,,7905483,305688,4260327.0,898153,26121859.0,3073358,13655315,1303521,54470989,1761831,328463.0,240598,3751677.0,294464,5751926.0,381258,183290,1112910,1018184,1812614,377490,92545,1049090,25216024.0,4772357,806235,309145,11390506.0,32025951,16571285.0,,193117,779764,1209295.0,1471545,291827,26436219,5928163,1839163,14534755,52548412,2713325,1254202,9026674,3242565,6496430,23707165,264341,1971366,103879,3329877,1666812,,9504733,1604824.0,668204,2989623,34254950.0,4367569,3011620,1247976,1299062,2047179,5113448,172973,,2500720,1559843,2240973.0,372636,6560779,4196950,223531,18481439,41794157,3577639,958335,1833416,38619314,889256,5524341.0,510390
2025-08-14,3678852,3043274,1230946,631045,1546508,987187,8460727,,2115415,4082477,20413339.0,4689003,,5758415,537544,2804246.0,624262,34587274.0,814730,17956544,393543,17354004,1238506,357933.0,196857,23500761.0,269857,4203304.0,486872,197918,1212662,1396966,1982037,286302,149610,737252,20566627.0,4704302,769981,704192,33854717.0,14352752,9082423.0,,179574,1669353,1135701.0,2255831,223777,27926846,2594342,1343784,15951516,57366305,2106259,1090074,3809852,5457032,7990625,21181982,212505,4748690,112918,1429918,1259052,,5369875,3063120.0,653806,1136004,12998633.0,3241506,2680626,869447,1669619,1827633,5116724,222050,,501886,1368351,5925047.0,106301,2970457,6740253,388847,7046009,14425879,2269749,2726949,1759144,27486757,427098,4477531.0,1134274
2025-08-15,8129913,508200,986675,783036,1160155,1123000,5834345,,2185395,3618256,32981703.0,5863945,,4259369,429620,3034337.0,698418,31568974.0,1928139,10962591,757919,17251053,1163255,492187.0,164452,4413285.0,479729,3787891.0,217212,223395,1134791,1165786,2076358,313884,111438,1138195,25242860.0,8992195,431643,472378,12173349.0,25240873,16949131.0,,206648,1210235,5314741.0,2059573,293040,19299548,2585551,1539398,17789013,85740480,1122973,1136887,3740012,3567739,4903489,22121970,260848,1724843,254992,1231617,1275143,,4394984,7121261.0,2123353,5772503,18669581.0,3218878,4370754,1317759,2265568,2078525,15746518,205079,,526986,2030425,1902845.0,159510,2389799,11242269,236666,8711230,16300995,5898873,1417429,822212,27151703,501967,4509860.0,754990
2025-08-18,10310944,443156,379005,1128193,748893,884327,21525903,,3644208,4607151,20397846.0,2674167,,5815734,385264,2277872.0,420190,35449902.0,622567,7715015,428905,12883482,1262572,353565.0,108181,2832229.0,244302,4219128.0,638396,1836363,8398555,1741576,1605517,257743,71178,6598117,110913021.0,5767809,893417,412370,23124078.0,39748110,7986579.0,,527951,3141072,2304886.0,3099834,329908,25036440,2288201,1288906,16039647,238602929,1483098,4028045,4755309,1592273,7124714,15360759,168496,3280959,76115,2541175,1065828,,2348160,4152534.0,904103,4533946,67865264.0,2862516,2565302,1061311,2110930,1990411,7863882,112215,,6622308,2486369,2612767.0,106278,1467431,9957786,309127,7705770,21919195,3449943,707102,3148028,35135555,1571661,3471454.0,320251
2025-08-19,7499513,761665,558750,700887,431089,1343385,2809555,,5698126,5731462,14132345.0,2290921,,6698813,516753,7161037.0,662074,14057912.0,1668454,14288332,358089,14904949,1090585,496505.0,227178,3785271.0,322289,3338759.0,330244,271607,982619,895773,1956939,384631,98159,4696467,48975290.0,8101395,382206,526193,11693692.0,13258252,12142252.0,,318804,2965362,823795.0,1913503,414907,21410838,2290273,1271232,27873171,79553556,2255018,1030780,7062589,3925362,4263409,32956820,388229,1023949,254719,1373706,2276791,,3887801,1323343.0,2017438,1265141,107047042.0,2736613,3769746,1565623,1364312,1738838,5088786,444252,,1418007,1700929,2797178.0,147468,1652628,4515537,309840,9893104,15094150,1627187,1056319,750902,34568937,377032,3068397.0,481312
2025-08-20,9075016,2378486,364146,783636,1169733,1407669,4639583,,1329692,5112819,20100018.0,3962172,,4866045,633627,3008033.0,744914,25269959.0,1272299,48123136,554710,7758360,1151937,314216.0,310078,13084468.0,217022,2675983.0,159552,241164,952233,1042512,2353854,340315,141354,4206269,43907218.0,13331992,355512,471974,13159805.0,19731399,14117075.0,,1445741,1631841,1482436.0,3198333,210156,9530272,1854546,1800113,22568886,184896809,1237419,686007,3399346,2309137,4198385,13993778,386002,975878,230948,1063623,1672812,,3392441,2031155.0,697593,864991,41373129.0,2690361,3302606,1435764,1282087,2560503,10360399,130715,,777587,2034328,8231497.0,138561,1402903,5211661,731702,13990508,21180652,3318297,771222,1329126,40678972,305598,6895598.0,292261
2025-08-21,2237162,462140,317939,483248,965616,1508434,3152509,,768494,2734670,19805084.0,2911923,,3227357,482722,2156070.0,611614,11443606.0,583216,7911813,488495,9216818,1141342,690864.0,115594,7639372.0,143474,2876760.0,341965,230104,705908,859838,2343337,269900,125728,552396,25216770.0,4636770,317523,297000,10209032.0,13109615,7304211.0,,151380,539533,895365.0,1543371,153355,7584286,1969495,1194599,21433333,86999236,837259,766757,3073786,3159839,4768111,17553529,156283,723585,222444,915438,1087885,,2456538,1060613.0,720295,1350163,31216123.0,17230951,2525694,1400168,2581594,1351801,4078425,562276,,672892,1584368,1568670.0,156255,1568601,2630661,656171,8372814,22024538,2784934,886960,2790294,24271880,587730,3314996.0,303075
2025-08-22,5037946,262018,357933,677022,431992,758590,3367855,,1009953,2762991,23768320.0,2909816,,1847824,294455,2675404.0,693570,17464270.0,929937,6830258,341551,6670256,1530178,699415.0,232355,21112915.0,162220,2956796.0,132416,182009,650440,745213,2189715,213908,100867,843837,22266779.0,4401733,250636,313879,12610808.0,10967192,19682427.0,,299924,724831,3132968.0,1026899,204185,10031625,2007550,1152795,15472497,129810324,717739,566879,2937967,1571642,3768661,8461827,419562,839669,135932,1271615,927545,,1957685,1774603.0,465295,1182473,19697453.0,2864161,2690611,1399455,1632173,1639599,3541589,185644,,577031,1714182,2564226.0,107613,1977825,3968440,921528,6046291,20022991,3090888,961671,1154313,29096868,350712,2515936.0,270079
2025-08-26,2805272,1348574,1231409,1044065,920576,2909135,17558787,,2980596,5837519,29403636.0,12930663,,4278892,509920,3377641.0,2163455,36811362.0,1890980,33144227,773283,82676410,3138949,11944707.0,417693,14250762.0,572955,5872661.0,381642,484241,1860762,2828134,1649081,328949,111937,22791045,51413824.0,15274673,959418,1251063,25127134.0,50035992,14549083.0,,1195791,1969436,5138080.0,6594387,433021,20675652,10595010,4181930,38029867,270173252,1642679,1141885,12547930,3651666,14462811,34423767,213769,2549982,120743,1362595,4378759,,6770435,4899269.0,2307683,1888636,36324443.0,9369092,9832342,2658736,5917830,2729352,12890357,658395,,3866977,2941935,3279228.0,448907,2077353,9093002,540763,20617024,23510648,7130256,1300994,3660899,100869320,982035,12029970.0,548324
2025-08-27,9512778,474795,704375,542780,1751339,967837,7536330,,1352887,2992444,34678914.0,3664203,,2812302,414983,2264399.0,1433970,22284850.0,2047417,14307022,364616,18563381,1470788,887659.0,406685,7715988.0,251928,2770912.0,128526,203576,1136057,855030,5336749,323627,90158,739155,17825679.0,11955010,469649,480558,12228516.0,16440045,9165916.0,,1138220,1967832,1166356.0,2365249,248418,25506815,2579160,1207958,15210615,145282073,1077984,849907,3522789,2823206,5985964,24934358,494541,1106162,110631,619290,876928,,2658093,1264317.0,897984,1489634,32114459.0,3012585,3546358,1259077,1317503,890415,4892822,419035,,471972,1602173,2692124.0,163820,2019039,6113469,336641,21260562,12655008,4160387,1214820,1007116,48575113,302727,3187132.0,296505
2025-08-28,18253461,460692,749232,550051,440539,931456,4989652,,1255394,2562709,21372591.0,6392912,,1883754,385853,2147084.0,1018788,20812352.0,2120968,18058823,703601,8897159,2487578,539467.0,253088,4321722.0,521516,8112549.0,149554,476136,1688972,547225,4463725,293472,84990,960853,32057037.0,3617505,549690,321373,17563225.0,10650943,8910679.0,,267024,1118986,899450.0,1242827,140556,15315759,4523119,3120102,13071105,129086340,956107,494952,3992055,3923202,12548232,16813025,127711,1031081,121381,976631,783042,,3330964,1152382.0,645892,1905163,20205964.0,2852688,4472366,1146665,9398762,1550130,3394153,362632,,473211,1914847,1640449.0,161276,2345002,3615969,226856,5299436,22321835,2022143,1492322,867677,57493293,357883,2849139.0,488112
2025-08-29,2311929,693105,365633,1763077,735523,1488890,4529634,,1041551,3743618,43548289.0,2492699,,2457112,306867,2762881.0,1071041,25391010.0,1333883,15109313,444878,10978042,2684210,378189.0,1017687,4312361.0,288988,3507223.0,217968,1280625,1232220,1005363,2925182,333833,101290,1294729,20875837.0,10636697,497921,538151,15334729.0,21949401,8606642.0,,765273,1150748,1590263.0,1558398,195056,13423994,3869763,2509228,20258765,237182612,1265165,1047031,5657106,3922391,8628492,30172776,215894,1286383,156030,1452885,1328013,,4585072,970493.0,1788166,1216891,51650668.0,4772851,4381511,2097333,1866293,2097227,5073789,540218,,523191,2564375,3849188.0,315267,2132810,5311828,315802,10804335,26620045,4124240,1235567,1029238,46898351,401980,4895705.0,390642
2025-09-01,1202864,1140919,456643,438295,377204,773911,6117643,,808650,2335839,17417191.0,1251628,,2055635,192628,2039504.0,827472,10711713.0,1982591,7405979,222927,6719620,1129545,332242.0,179638,3021428.0,336341,2485387.0,174195,253575,430570,521871,1545263,371248,75184,4793846,51546247.0,2801867,1111140,185756,10326516.0,8507247,9660638.0,,576100,612813,795889.0,1038259,412869,14659214,1882699,921508,12422614,83956870,643006,842434,2698578,2058330,3702827,14476808,78715,1178891,68362,1096125,1012789,,2004563,1094689.0,430491,810378,15566490.0,2484361,2361383,1309960,1716578,1183988,3248001,173384,,269868,1506822,1683885.0,178699,4275327,3160936,255936,8043861,13362944,2085656,1012464,865485,27518219,292758,1970748.0,230795
2025-09-02,1423039,664462,935256,996555,501591,1612942,6844964,,1047973,2730454,28693331.0,3525741,,1939985,353180,6620628.0,2206764,25817829.0,2088673,19054900,515584,15692007,1584751,370110.0,405464,4035472.0,491564,8165337.0,283814,406498,1371097,1047784,4175614,506238,155808,1784340,22827677.0,6177183,809246,417586,30480163.0,16297718,15666661.0,,344520,1181269,1523560.0,1564532,457195,9031688,2587462,2766858,42393640,140465038,1139997,1000923,7479012,4368574,8891292,24155769,290989,1886412,128837,1432492,1411290,,4264941,1560470.0,783596,1688708,15091640.0,2926636,5029084,2178603,3071734,3705633,4889674,453334,,664024,2577629,3718203.0,220301,3698638,2364049,630797,8720294,42832517,3211948,1437830,1750034,52126520,608980,2920645.0,684119
2025-09-03,3532894,573098,771421,1345899,797970,2125843,11456869,,2746169,2833781,24744128.0,3768384,,5255763,669548,3020184.0,896303,28435122.0,2749716,18968259,332054,12852994,1766731,406808.0,422702,4271737.0,293069,3863802.0,423145,788015,909969,1297448,2635459,618695,191667,10849320,26076803.0,6540257,530488,411023,16072287.0,19749274,17670556.0,,752070,2395500,1827319.0,1776211,617213,8110177,5531241,2681283,21223373,171791383,1684823,1523718,13310914,3332076,11267131,26776211,228332,2652786,264080,1012471,3047473,,3781945,2810717.0,907584,2292578,9038193.0,2663117,4732737,1889722,1539432,2475547,7444586,458938,,609467,4055449,3121691.0,155151,3626249,3197638,375581,11350259,28567245,3557821,1826429,1014351,38378141,399041,3232777.0,659660
2025-09-04,2660030,789160,328788,724480,654148,1559494,7093381,,1241306,2642806,23574721.0,2201260,,2236837,249525,2262411.0,828694,17266479.0,900680,24924672,304126,10976899,1800426,306328.0,603305,8536386.0,595955,4451168.0,324729,288539,1575635,1622503,6737136,296122,243359,2024861,15419549.0,4924082,681435,443105,15738305.0,14119124,16237893.0,,218699,1003580,669913.0,2352745,318745,6495633,3533466,1918780,13725238,71708142,1062547,1459202,5628497,2410566,8576146,12942590,159083,1111721,125687,904372,1870201,,5104788,1249163.0,1186524,2174930,9666835.0,5143460,5549108,1472130,1119278,2184388,7942239,219345,,442521,1856607,2070274.0,111200,3430502,3026679,494663,9849581,19653925,3166245,2171266,889353,33753542,430551,4371421.0,414529
2025-09-05,1842494,531718,622390,757880,746303,2079063,8183835,,1828847,2338550,24020916.0,2712045,,1905914,262415,2222470.0,1109426,23606597.0,773405,12680214,384967,10064696,2194818,716761.0,287988,11012582.0,203456,2794825.0,294517,394277,1060089,1338873,3677349,313065,73918,1239632,27754552.0,8162820,1130248,569899,11189701.0,19995092,11893257.0,,549374,755104,667990.0,2095105,175996,11751308,2497446,2416323,13304541,88938849,1070734,1221365,4252795,4921820,7213557,22382102,172661,1220414,139213,889170,2181822,,3701696,1691108.0,1191050,1247595,16485511.0,2848254,7856317,1032757,1808451,2457971,8368499,280973,,525671,1618646,2144079.0,153154,2638395,2958932,410577,10087169,19780700,3623242,1174914,1106712,28225692,667285,2526420.0,292538
2025-09-08,1283217,712857,1383719,860679,391171,1424995,4890111,,1168085,2900537,19572415.0,2014084,,1892393,132614,2591957.0,2632006,16152813.0,723534,18616312,366528,10363561,1489959,500640.0,334471,4138630.0,408460,2927626.0,277179,317177,1109509,852438,2173271,380808,204175,1446634,15757152.0,4123913,411317,405033,22949694.0,14270323,9150282.0,,360948,1239066,1494821.0,1736451,183329,9278555,3287424,2085604,13821532,84965111,808799,1360956,4497173,3959029,6458379,10714016,204112,947448,107238,1540836,1666123,,2582948,1148890.0,1235176,1082447,16031675.0,3000311,4842305,1189368,1263583,1380493,7757302,482085,,371845,1637898,2128774.0,115158,2393758,3758433,228518,10638223,20495474,2786131,911660,722558,44906142,582748,2647845.0,266316
2025-09-09,10292878,685260,566623,835506,770286,1427172,3432446,,983897,2922393,25656974.0,1604229,,1995184,164258,2465791.0,1059428,18521788.0,2028377,11828424,317241,9727037,2191354,378862.0,199848,3963951.0,323128,2751819.0,264805,619856,844893,1163630,2898959,310376,73761,1198102,72775411.0,5966699,1050725,683514,13225912.0,23018289,15211963.0,,223635,863470,1179815.0,1546192,190649,7311948,7375790,1657900,25149129,156255088,1593524,1512114,3855285,2357168,6073878,14192031,146337,1109090,109735,565892,1082074,,2617281,2473000.0,1108421,2439926,18980678.0,2670933,4592262,1301260,4116728,1538779,7942183,332084,,380202,2084977,2912894.0,112099,1667685,2622083,418174,18891216,15401036,2561408,986339,749509,73286165,449929,2972957.0,248551
2025-09-10,11079723,2880344,461073,683525,705547,2282236,9582299,,1129592,6771246,30874965.0,1858917,,3394084,198386,2141121.0,1151228,19543015.0,2294788,26793908,360203,15802396,1626721,294094.0,379788,4991855.0,1904981,4196746.0,175221,286614,828772,1500549,13248552,414236,114445,909579,38745325.0,7155115,537356,563202,20768265.0,25164805,20861368.0,,254086,1754926,977128.0,1792635,252973,8659795,6192543,2380082,17285095,583767076,2876963,1562109,8257452,3504301,5927083,11743641,208128,1519544,165069,1448464,1643421,,3572537,2620430.0,1231126,2347099,27928350.0,3521935,3899369,1895503,2217836,1617663,9229460,323157,,484231,2361905,2281569.0,142311,1302182,3547036,280941,7663877,14483437,2176515,1210680,7307028,36369948,463749,3022882.0,339173
2025-09-11,4533903,1370338,415275,754109,739965,2063175,2637464,,1267493,7898089,33834978.0,2723655,,3836257,401066,5142827.0,1655844,15131375.0,1195834,9960334,396496,17025626,1803464,328781.0,274523,6642539.0,481230,2468562.0,238210,380883,999565,1868535,2850250,341712,160391,1752520,22833223.0,4628092,599461,1098790,11386626.0,31309384,18828840.0,,399764,3890148,1582142.0,1779179,481794,5654710,5047066,2504863,11605642,143717980,1830081,1703510,4779926,3406824,5580880,7567858,744566,3017960,120175,811790,1291829,,3218965,1515281.0,1275690,1882981,37670289.0,3286000,3414989,1213221,1513005,1679334,7204499,304393,,480947,2042118,4058465.0,353423,1553369,3291517,353188,13387209,28021337,3043738,1009203,2310540,45623142,502084,3848783.0,349610
2025-09-12,3682547,907114,253619,594943,641659,1474787,3865271,,1925210,4609778,14315611.0,3144706,,3461705,195106,2079462.0,1068125,25498496.0,2398152,10014677,264046,13053429,2521413,697040.0,447644,4778796.0,376547,3869929.0,167656,465599,801320,1485863,2802847,343767,160476,1232043,31883835.0,5918386,518635,805308,16206590.0,13702254,12142102.0,,436831,1402883,1415202.0,927188,435161,8708720,3366744,1786152,12034922,166467992,1452903,1381574,3537939,3365311,5355084,12331855,134886,15990208,162821,690941,1455488,,3542537,1429290.0,640768,4006741,28261200.0,3871908,5544940,914313,1927390,1649419,10408670,410662,,462999,2618030,2510899.0,149925,1918549,2812252,217995,8732541,10974515,3797759,802117,1289626,96537862,454605,3791340.0,231662
2025-09-15,13585830,935094,229604,610377,1412178,7072529,13917922,,3189911,5303155,20158639.0,4275782,,2354821,134976,4073570.0,2024681,104013174.0,1474592,20907627,389355,44327161,1869225,476848.0,277221,3861195.0,236326,2790636.0,197312,408943,2451371,7766614,2971249,304588,64491,2337772,67153997.0,13702131,424472,1167611,13537403.0,27834908,8840262.0,,902738,1311749,1700639.0,10451886,914661,6388139,2651544,3149168,23633635,96521867,3757113,1363834,7981903,2721618,13108978,13511785,746746,5668038,148954,952977,990363,,4408072,7891345.0,506679,1258974,97142991.0,1653575,11053265,1021316,3539909,6135896,5987439,389997,,502394,1487600,4279996.0,107107,1935287,3054436,281085,6857542,39118617,7829704,1187470,692694,39787965,494671,3820948.0,178768
2025-09-16,7265599,534764,473565,1206168,1242890,1884588,4438665,,4005429,5603650,51928207.0,2448009,,1777037,586468,3589706.0,843118,22498521.0,2924132,15355726,620284,15212495,1741190,523666.0,255619,6984657.0,207092,6127827.0,225800,1824205,676461,3526471,4264991,370069,209236,1305424,82288320.0,6629720,809910,768356,33839386.0,31676336,10659076.0,,326979,691258,2846671.0,2333202,464719,26788318,4412883,1880560,9048743,519724867,2101582,1410402,5821748,1697772,8141703,26513354,519162,5235856,94550,963473,1191820,,3244938,5217111.0,3640126,942797,28533986.0,2897217,7514988,1067249,1385485,2950835,6184722,304088,,563489,4022774,3869645.0,185104,2077450,4953546,420691,8630720,11150393,3114794,1177881,6393279,44364574,818025,6793006.0,749515
2025-09-17,3704422,784960,797560,533114,2284552,1575735,7328141,,1404446,3290341,28082218.0,4064410,,3322985,510260,2281100.0,1131755,17359648.0,3042688,13773634,563203,28866733,1623009,490463.0,142468,4992268.0,237216,3869798.0,159480,419669,1057856,1293500,3794769,355574,163376,1373397,35707212.0,7093080,475627,819703,17174501.0,17301410,10268935.0,,457127,1263056,1297128.0,2485323,439512,7566761,4724133,1849500,10616813,61959943,1288347,1179592,4821154,2384589,5039947,19239456,478978,6216214,110306,775504,1854026,,6270370,2770577.0,1005459,1447192,26338500.0,2275497,10872338,1257861,1629833,3519246,7243439,353884,,475290,3232294,2994331.0,133403,1500967,3513273,292426,8732634,14081829,2099241,1473598,691817,53215603,554784,3401772.0,321820
2025-09-18,4128703,519053,318733,818074,859353,1232991,8649005,,2290770,4117164,24966437.0,3798618,,3887548,179812,3491688.0,848171,22085919.0,1060039,13048448,489068,45371512,1827111,1494723.0,276010,5415404.0,499136,4292456.0,329080,626193,646371,4230490,3789503,279637,757913,1243900,30760852.0,4173385,783926,662755,24113180.0,18697468,9758391.0,,562153,1926644,3851366.0,4395468,590075,10985153,4935574,5427646,8348880,74695669,1573065,1317131,5808603,3332337,13641572,14495424,595068,3604455,116077,1018624,1198676,,7344609,3268513.0,1274238,2721570,31819855.0,2548849,5803588,1653123,1354128,2173658,9887601,335920,,667376,3948320,4002667.0,129396,2536556,3171169,599031,8916099,20634842,4314161,1588105,701094,64086659,702016,4670505.0,411218
2025-09-19,6052680,1428775,1526182,2012341,2374423,3722598,16114687,,4377013,11539835,78944993.0,14786685,,4675744,1135208,13044715.0,1322978,56987459.0,10570823,43789848,1233494,49423200,5335834,1777447.0,211947,14636923.0,458678,8422221.0,701432,6004865,3210770,3137038,5117167,818586,249901,13426665,59234212.0,12382635,872164,1894805,54692007.0,69619169,20970729.0,,731801,3421176,3805297.0,5614305,1372845,28791644,20612183,11234466,41310838,252775174,3069754,3534538,20983609,6526040,23651117,89167496,595910,10599068,291022,2279875,3535544,,7555984,4749538.0,2139356,3921199,26641257.0,8454374,13324598,3690097,5515186,10193251,22421970,19493955,,1967563,4624513,6618799.0,319156,5344125,9754418,1644740,39471412,128460678,10225348,13613511,3526193,191323095,1267791,16308078.0,838114
2025-09-22,2053921,752277,279386,569604,657112,1786211,2917319,,1463375,7741081,27294342.0,2920821,,1823967,147808,1874335.0,575002,16640447.0,1445095,15547891,269785,24685253,2058046,383287.0,243758,5787605.0,207959,3727419.0,172309,438028,782052,841143,2645889,277350,50366,1685695,31120733.0,3121100,333918,841051,18278520.0,15552133,11666781.0,,301234,1802635,727880.0,1553391,595874,13119044,10170739,6141575,10920240,124710281,910389,969511,3866406,5295611,4207477,33590452,186965,3330458,87158,712675,1156727,,2408808,1736197.0,383006,1119083,16104573.0,4351615,4909719,1132944,1543261,1395220,8288254,705021,,1562656,1509512,6704022.0,89288,3379447,2237244,263043,13733448,15726561,2367257,1044114,781607,73940236,933792,2942299.0,332721
2025-09-23,1701485,3922866,1084556,1276263,1742007,2645217,4536131,,1477037,4324029,36179557.0,2960308,,2152619,605414,3920948.0,698604,24821995.0,1682641,16054776,381625,34772203,7449299,412095.0,301372,10283828.0,177978,5265797.0,279636,398618,740398,4466378,3691640,348954,180475,1953556,67810069.0,4434259,374272,491194,24887931.0,21629074,8534670.0,,1038450,821201,835391.0,1646383,180375,12430520,14864898,16857007,12070895,80462567,1038248,1066626,3599619,2803829,8667891,20289929,308186,3124263,89000,1774163,1846857,,3980787,1854747.0,1526161,2068533,16716981.0,1860691,3851312,1427680,2855396,2633712,12203609,267700,,1492462,3223746,5455233.0,136606,2068011,12291387,231364,7784555,21412754,2470088,1172110,948656,78347270,1955920,3334076.0,371051
2025-09-24,8412592,3895663,854254,793839,2850852,3062148,7839135,,1431392,13320487,23537903.0,3695119,,1748164,263149,4011348.0,1240085,25832606.0,2310482,15370027,373345,35638043,3711740,340089.0,332226,9493304.0,175370,6276743.0,318826,451028,845342,2020905,1709868,482338,67871,1032185,49092108.0,3729139,334698,369343,34755502.0,17202902,11406546.0,,545577,903058,904368.0,3499890,805996,36844929,7787720,9311996,10184233,82081022,911907,758189,2617050,3385438,7873853,17641523,246407,2531201,95017,606263,3070417,,3573390,4480799.0,1291970,4064451,45546085.0,3224976,3216909,1295265,1445626,1221214,15441161,137592,,892600,1657373,6993744.0,116124,3432340,5096102,454224,12939933,18500414,5199617,1280377,1691925,43576174,2334982,2453275.0,267969
2025-09-25,3100806,643868,1564889,1145361,1268225,1411345,3933064,,1788993,5198494,31719401.0,3605183,,2498232,284107,2836290.0,725352,15982764.0,812674,18568671,334785,11551921,5021230,370454.0,312700,7877611.0,255145,5222423.0,172870,528414,968708,3106185,13876436,305683,64799,3127836,93889285.0,10050952,365791,822231,23447673.0,26504526,8336442.0,,244610,1787141,671353.0,2181780,380755,23587307,6587039,2707303,11300125,89039714,3307901,986965,8341478,1854231,9908891,18389590,94278,2482329,147421,573186,1491282,,3915846,3676388.0,1089919,1491092,11992714.0,15220648,3910300,1511285,2622812,1422083,6752067,243944,,723016,2028858,5073653.0,121048,3575377,2652732,359027,7036030,15219844,2812085,2388476,1527434,43993659,949785,2403212.0,347219
2025-09-26,2361647,702644,589769,734784,900893,5891230,6825809,,1552339,8769374,28960805.0,2602922,,2278517,160697,3379295.0,1177039,21759064.0,903131,9864459,285468,22153581,3828479,568960.0,178948,8889263.0,312095,3708968.0,524599,333967,2066678,1903034,2779648,409786,81977,846773,93991698.0,7059845,656854,553097,26068585.0,18576509,10455345.0,,540428,1840328,3865308.0,2119780,312622,10311948,7697280,2265917,18967836,115990917,2373923,1498372,5362043,3153075,6216517,34365055,166255,2263479,154538,724500,1252827,,4480702,8225344.0,5406160,1636755,19971099.0,4796160,3283217,1926562,2043267,1479682,9441387,243687,,941004,1866118,6444030.0,159336,2328002,3550029,317757,8820366,8248753,3301785,1106810,976620,35901857,3369379,4140398.0,548552
2025-09-29,2849470,573877,665461,620416,1457050,1449157,3973407,,2264944,5307469,21435248.0,2948988,,2729969,523586,3488824.0,797603,21452484.0,866179,27379146,808414,11273582,1739901,739652.0,818740,5508078.0,208081,5096569.0,366343,506102,1115586,902917,7648270,604833,130636,781739,39907974.0,10796177,479909,591212,15579701.0,17737370,10919274.0,,234758,2711379,1100148.0,2217460,873426,18144834,6179775,5037943,14105701,69134985,1375895,894591,6984485,2040124,7213368,29950292,192418,3207611,170988,1139264,1688940,,4648451,1812845.0,1219337,1260015,17770213.0,4793289,2685748,1405310,1112286,1450680,6529905,78122,,935337,1816222,4598868.0,166985,2124800,3724608,822367,8530328,20577761,2655290,1138876,943897,34759076,906418,2851708.0,733978
2025-09-30,3111851,762127,604510,1178722,1680299,2612573,15178895,,2361749,5687578,35398710.0,3545749,,2424253,377128,4925847.0,1324736,30090159.0,1483653,74762999,988323,17178415,3183284,1010589.0,958590,9097321.0,243959,4243257.0,645875,584562,1904603,1322433,3312622,551020,140714,1532989,42479772.0,15239081,990793,643195,32045520.0,27347228,11017346.0,,275447,1483448,2197850.0,3247361,433545,11440526,8351888,3604523,21314791,99152808,2048283,1822106,6924562,4783861,14343480,20431464,713441,2676919,256445,1254848,1365060,,4016822,3123428.0,1917845,3164214,19770482.0,12715193,4359609,2540473,2562612,3086000,11695440,122839,,924230,2307528,5562483.0,155792,1931329,5664481,571315,13852765,22865291,4094912,1116074,7693624,56385664,2087297,5956043.0,435384
2025-10-01,6426803,605796,377155,812523,1398856,4815714,4978440,,4372321,8994561,44205760.0,2334884,,2773525,256026,4403350.0,805916,33344723.0,808317,19145238,632655,20153722,6281299,879629.0,432814,7703248.0,289576,4157960.0,294333,1528036,1778538,4533664,2641648,503590,228495,3149407,55574086.0,19599004,2018063,493610,22933441.0,39206708,15154974.0,,268776,1401341,5479449.0,5433270,472666,18730599,5090548,4083496,17840801,171949071,5143012,1574605,22503109,4176499,7867370,25889231,185027,2410941,163408,1041165,2603579,,3119749,3492557.0,2619823,1982566,28677057.0,11183917,6558237,1515995,11494320,2562043,8954446,163560,,920545,1736506,4321466.0,153063,3188965,3743887,405441,48885896,22649944,2734901,1475281,859488,35339383,827826,4236027.0,289394
2025-10-02,1750123,1228039,539097,1350532,2277166,2516438,4506162,,3183803,3170609,37181357.0,5221552,,5820242,424240,6290689.0,2131112,21743652.0,980059,20795703,1294955,17209296,2475964,712867.0,262287,6779119.0,241763,3287807.0,316490,306217,1076952,4551841,2205712,421283,193338,1145040,60696360.0,18482205,957313,487217,18483729.0,15501057,12602323.0,,327216,2747746,1963742.0,2490902,238983,18416990,4681769,1940981,18967000,91325825,2018431,738499,3941211,2511144,6442541,39164275,421220,5987699,125906,1943332,1501162,,4665241,1839312.0,490733,1962806,10318067.0,5404099,4028807,1840998,4416433,2175601,4925823,372241,,375151,1705020,5784142.0,107220,3898659,3433711,356572,21630498,27752660,2531212,994087,877141,59710733,1118396,3657475.0,423717
2025-10-03,5232952,494919,636315,562863,872564,2121108,4507302,,2234625,2386507,34745760.0,4609050,,2504280,219058,5152850.0,915053,19667945.0,674253,16564626,692183,8501017,1187972,1014768.0,243087,3369998.0,226885,3063720.0,705781,324302,965569,2270837,2618489,268804,206972,923777,86267341.0,23609726,642260,498159,18604533.0,12222495,8046021.0,,256109,3986834,1401226.0,1416648,424443,8097986,5563095,3134337,20059046,63734323,2574017,764823,4372564,4805991,3533866,20969084,778325,1461161,114542,1453316,1200178,,3102434,3851488.0,4236653,1279630,30233521.0,5551170,3638083,3064191,2759494,3233693,4386953,115612,,804794,2269723,2891364.0,189086,1626525,2670115,329167,11521531,37637973,1854893,1104982,765345,45806234,1100909,3545243.0,485478
2025-10-06,2632951,450879,1382275,564780,910728,984071,3337696,,2970877,2649469,28622908.0,3217415,,2567649,152162,3803323.0,579986,25329234.0,546994,12391966,594130,8994479,2582717,426993.0,287851,4500806.0,223389,4324519.0,268222,536751,671535,1434056,2473956,400140,96090,816223,40277374.0,10331194,796882,443800,12789534.0,13155817,6903625.0,,215967,2504388,1376643.0,1392947,334621,11624125,6140006,2001988,21297527,139393600,1015612,7933528,6245212,2060614,4395899,17216711,221819,1864028,95757,722308,1425815,,3371284,3519386.0,540443,1270272,35037725.0,4238485,3507319,2627574,1803672,2299292,6207026,466026,,635265,2344149,5328984.0,183826,1680734,2124783,334094,19183270,25705530,2504398,1211698,677482,44400164,658378,3309030.0,319371
2025-10-07,2431485,871384,992804,652273,869340,1426376,6298771,,1597439,3966809,33197675.0,4111512,,2338289,135333,25886307.0,355963,27008645.0,2161833,18188293,559431,14237633,1280062,536151.0,196752,7251006.0,171028,4507641.0,187128,810798,1622461,1095236,1913688,352508,91446,769341,31048002.0,6500501,455966,564444,17490889.0,12102834,15397092.0,,325908,1239424,3235166.0,1639131,408005,25141020,5725012,2383835,20670452,132788497,1142787,4629719,5937122,1961441,10706956,8955814,129588,3627171,109739,1088425,2227994,,4485116,1761674.0,1117886,1631060,12463634.0,6885803,36027423,2769224,3544886,1557841,7855845,295971,,1102350,2083637,5552358.0,129250,2839535,4370765,360190,14580223,19232884,2802199,946585,1100093,40630059,809054,3401107.0,331888
2025-10-08,7996750,545707,1313874,1053657,1015481,1779351,8678830,,2932465,2797903,45185809.0,3566829,,2193588,216345,7253516.0,759025,24008022.0,1072464,38994824,517159,11148110,2697537,503272.0,217971,6710706.0,287790,2790962.0,252008,583011,1451322,1699248,2212616,480667,72243,1138811,58160381.0,6702998,775946,611274,51422332.0,13581808,28673937.0,,196748,2425645,1065025.0,2779406,359987,23649558,3832082,2655215,29074643,168075543,954278,3197594,14291396,1839192,15807358,13871243,170673,2383204,112364,1361659,1852777,,3027935,2605388.0,816092,1461177,11928408.0,12364845,2827607,1685595,3741587,2730715,8206993,731581,,1030290,1942256,2905446.0,109336,3690342,5894713,641002,12779378,28757381,2628368,4387338,826072,53458152,501134,3455706.0,793100
2025-10-09,6904874,689152,984400,1007155,949194,2771151,9641092,,2356449,3245209,36965461.0,6877029,,2505181,163062,6979422.0,392998,16298538.0,2419035,16858489,424845,9227279,3173212,855346.0,234234,5434062.0,235572,3348750.0,340255,677028,834935,1806734,2763402,683623,141504,1250864,62217791.0,7883091,927778,503424,30698276.0,55784487,27107719.0,,211163,1715027,1859629.0,4282288,329943,11109552,22050164,8839370,17841679,333028579,1204293,3935185,4768354,4079383,10936286,15287866,293323,2977396,132674,1263341,1760626,,2532445,2128213.0,623030,2240763,9279117.0,20714368,2690810,3925965,2842792,4127356,6164237,311288,,802648,3211780,1920795.0,104663,3552899,4054738,318008,7543457,29570706,3518077,4622382,1364004,66269794,715494,5011734.0,396743
2025-10-10,3406374,635069,805846,623120,1324120,1296873,4334838,,4525646,3579140,29639365.0,11192474,,2642447,265639,7493160.0,669929,21816120.0,701954,8995537,354809,13336330,3944456,498458.0,86278,4201934.0,200975,8114531.0,257074,1245259,1619419,1287939,2616865,528024,152990,1140929,35028597.0,6735576,576039,607572,26883055.0,24770338,10240245.0,,416245,962636,1106943.0,1631986,766643,12671870,4460188,2129966,33542426,72798782,1791220,4117720,3663193,12198338,8830204,14310715,174326,5140989,146393,1061383,1727908,,2165094,2499152.0,715400,1517077,14957492.0,22217788,3547489,4396237,2026998,1364752,8258446,164469,,562278,2536756,1729409.0,82716,1924030,11201771,1214163,11138965,13217224,3315038,2814443,944873,57892482,760203,7157997.0,534532
2025-10-13,14828168,612602,534570,557658,1012283,8301689,5669595,,1233986,3196314,26450947.0,7424612,,2900028,127713,3621923.0,1062395,23009060.0,975223,11464537,1102218,52874038,2483717,558878.0,106771,5300973.0,123786,2921611.0,199786,694080,5796699,4031732,1869443,674605,77436,2553743,146899938.0,5558662,324964,557937,45529527.0,36635020,8388731.0,,558935,3477268,942692.0,8462109,783170,10599389,6264257,2540385,29899389,108901859,2598175,2535395,7536698,6151767,12981948,15930362,846870,1407310,151283,1235697,1221212,,2919874,1933144.0,3517999,1810475,42174375.0,2932106,3491612,2521166,1924532,2328677,8635236,102042,,2943882,6510188,2986371.0,107032,1732593,3127699,214700,15501937,31559038,4116553,3102645,5719593,69685528,3080716,3484782.0,313852
2025-10-14,2869996,688599,529620,1207351,1193680,1830842,4260770,,2583306,3435560,25709451.0,7268053,,2326585,403873,6161036.0,620101,37492258.0,955289,14409446,382169,13509262,1739010,435006.0,229973,4214474.0,214905,3668942.0,414081,1149928,1905640,943544,15867326,459504,93159,1188100,40076557.0,4670763,350638,335909,18899905.0,16883442,12395551.0,,273709,1421271,1597270.0,1960212,338035,9729982,6626933,6746866,41485397,87298233,941584,2042567,5660552,5798676,15170393,11708276,205558,1773180,187968,2105426,1648788,,2516395,2259533.0,1697141,2477789,81873639.0,6540348,2652113,1786386,1805095,2736705,4906155,170407,,867798,3424197,2538154.0,269922,1990988,2523173,332717,36713599,24316796,3568246,5801933,1813051,45706545,653457,5229066.0,408228
2025-10-15,2556556,401929,469946,1022194,958062,1654558,6171559,,1646380,4766879,28507828.0,2625398,,2417592,279249,4995636.0,583972,27199747.0,1454368,10015132,533587,20892389,1508840,363979.0,165752,3853946.0,255338,6351419.0,322412,724478,2545976,1142218,8230039,403038,159203,927846,25632164.0,6560534,340679,520214,13173569.0,19080476,16383525.0,,266601,1035234,2321888.0,1276009,290686,8077080,4297753,7683415,33329498,105188882,1310691,1920678,21153336,2176180,8941160,19832590,291071,1731792,122953,1287145,2352198,,4364345,1839133.0,728473,2361882,19816863.0,2515204,3529787,5713610,2713180,2667402,5490755,87555,,728983,2955840,1752286.0,617764,2950691,3491576,457969,10165578,14867814,5127734,4764601,994189,37728664,422185,4525515.0,425589
2025-10-16,1679752,550862,879503,1672122,651566,1914187,8159556,,1378244,3071104,23611230.0,2683052,,1547839,288066,5854634.0,601066,20595890.0,893760,10414090,1082049,14263816,1741502,1441606.0,178952,5641546.0,230478,5944676.0,370510,448171,1449107,1769563,4237803,414690,156837,930795,23627596.0,6296821,343769,396880,12419814.0,19988801,11090818.0,,307202,887458,1925286.0,1667408,308822,5085658,5262027,2038124,13064170,65744751,1591412,2756149,2590580,2297684,6936236,13629779,357930,1047135,107639,1281204,2309088,,2393296,1314740.0,763627,2379279,11168396.0,2721369,3579201,1329880,2107372,3103275,4893952,118864,,588796,1931839,1430856.0,150953,3703032,3568919,390855,11805764,20146806,2725603,5707991,738966,26030426,1633690,3055573.0,2658769
2025-10-17,3335235,841304,473160,937081,1159886,2728171,8559411,,1792327,6274868,77116129.0,8480523,,2477502,246583,7134252.0,611787,29561888.0,792711,16715321,1036270,13493213,1972251,487760.0,428730,5679121.0,126269,5881814.0,240664,801177,1368833,5973515,4787730,589025,152223,1532920,28161379.0,7131638,422174,552666,20876699.0,34438548,13239529.0,,289740,1529965,1345122.0,2152324,345787,10809146,13900768,2226966,26932909,125348100,1154482,2075328,6395704,2513620,8288104,23617746,945317,1619680,168377,853127,3180481,,3144173,2058441.0,1877707,1373928,19048138.0,6132531,8271888,4945972,2730504,3255787,6539523,127642,,955999,3675247,2204343.0,197911,14055814,5404673,794585,16448917,23538191,3022888,2279988,1580194,44810616,1146321,3524463.0,1102699
2025-10-20,2249343,729947,981387,574931,906527,1628696,7249500,,1245522,9127486,34215853.0,12856451,,9266107,143577,49599490.0,1035016,27937503.0,645697,12398108,378609,15962735,1330728,311407.0,120954,5181799.0,117493,4353745.0,316093,368274,1073076,1928040,2672882,619434,82751,1014210,18130052.0,6263717,291323,916884,27507788.0,28094856,8892430.0,,184405,954060,2964762.0,10615528,291796,7943578,10155041,1797779,13795575,65265746,1084006,6919085,5391764,2919943,12660634,12574727,491245,1786979,129761,1360335,2375985,,7408594,1883806.0,599119,1592164,31791253.0,2455082,4193429,5438999,3593887,3804316,8850426,313339,,695209,2325511,10357478.0,312998,4680371,7647274,408230,13852654,12761721,1989553,3308465,1752923,47882211,835776,7777208.0,775654
2025-10-21,1702044,473109,694899,729282,1200395,2297279,4881958,,1399376,5845849,29867197.0,3062819,,1544373,170972,18199441.0,1183113,34307966.0,1210412,47802665,1250612,17753562,1768644,615166.0,140640,8403771.0,585511,3639867.0,220165,982019,1675079,3113345,5440099,509862,30186,3024322,42569146.0,5509794,435095,821407,22133987.0,20782243,7500893.0,,337877,1054111,1753396.0,2963367,390667,8072481,7774105,1873503,10434285,90882361,1023823,1585215,6802240,5526455,8129343,10118723,224224,2367083,104177,1226820,1242073,,2215696,1612653.0,2977402,1662421,27696732.0,8358572,3135138,2532038,2969220,4032441,4445116,160025,,1835514,2596719,1835486.0,240405,2799220,3523007,412478,12649166,13580089,2844525,2587828,997555,57734310,933385,6170574.0,547663
2025-10-22,9021653,630799,735646,704065,1045584,2676955,5973671,,4968839,19519488,114371754.0,11110875,,2699455,714060,19204753.0,661875,51539011.0,1229678,20045949,1875351,28956175,4726905,665370.0,196611,11076252.0,455759,3377343.0,1585850,1184924,2480172,3329550,3584639,462804,161280,1536004,43698101.0,6030355,1279374,643957,38397825.0,34911896,13666194.0,,614103,1149812,6999199.0,1347850,272267,7457986,3889478,2877828,20085270,225710283,1965278,3165438,5905828,1865778,11051577,29332681,319110,2170694,136197,3313175,1013942,,3968407,6334894.0,3550459,2232224,79387850.0,4243170,4325541,2170899,3098096,6729008,8546153,348119,,3471860,1817034,1883253.0,156909,2287549,10310847,473086,14269057,46693494,3622673,2814856,1182227,51582049,1109662,5232450.0,1131351
2025-10-23,2138119,814242,335010,987517,1400439,1071257,2764908,,1297691,2269317,42702315.0,2871319,,947749,301620,11298795.0,376525,34979207.0,1357855,7552556,594116,17825727,2437837,985466.0,143621,4036832.0,222722,2916668.0,396183,618431,1088577,1710453,2638232,458121,219961,1335525,23363762.0,8038787,1166175,442133,10362538.0,9226736,12571391.0,,363420,1379471,762287.0,10034518,244329,5215278,3686918,3481910,20343913,262060724,1891926,1626157,3459897,1585291,4674940,58105620,186303,855991,102812,1207732,1138016,,6595671,3897767.0,1748654,1183325,18429552.0,17973907,3015818,3432655,2272895,3680526,10191698,437800,,474094,2703084,1623859.0,91877,1652941,13879592,663484,37249558,22501332,3215790,2541831,669771,64507148,627223,1984308.0,751022
2025-10-24,5712959,387891,269024,802176,1052406,1481146,3115258,,1424817,11680415,33272193.0,7327993,,1589744,190633,6919443.0,577523,45733512.0,884862,45106476,451739,17386315,1640960,632915.0,190024,6243046.0,339764,2753880.0,235948,427554,10830466,1424432,2679524,346942,88036,739993,53460558.0,10344071,646576,367975,7280793.0,23420356,14799557.0,,450132,534802,806229.0,1681202,196498,5218754,10827210,2041283,18793991,189509936,2171895,1277377,5105867,1618532,4949512,37972835,239459,1636691,93045,1047420,1015146,,3436067,2579339.0,1413066,1727816,21565435.0,14634281,7175332,5964326,1650982,3955754,7816609,182456,,425731,2108445,1449472.0,87288,3166771,14393269,651270,31853501,15734351,3696255,2246076,661275,27108956,450426,2429715.0,392802
2025-10-27,3883890,945718,539675,793819,807799,4160134,4006182,,1465043,5885053,,4345023,,2237000,274458,19794875.0,595995,17203212.0,3118236,8778537,600848,16568924,2572877,1746345.0,116634,12141657.0,197520,4581823.0,205844,845664,1524993,1135501,2994594,550365,182653,1426740,45989260.0,8281626,266641,374457,13878589.0,20138478,10030373.0,,221105,537352,840336.0,1940168,203848,6854478,7428761,3649433,37280962,194368221,1596842,1459637,3774648,1492250,7617909,15082504,215688,1732280,104303,2988421,1598599,,2293888,,748665,4488268,,6205821,3746575,3597399,1324611,1926445,7109771,373521,,409329,2272933,4071925.0,110817,1990691,4750095,718663,8507911,11759380,1906276,2789199,672562,37332231,893794,2756026.0,446096
2025-10-28,2566255,399796,765684,808386,2515090,4244099,3473760,,1501366,5027935,72950638.0,4942542,,1919349,157091,7462757.0,739321,21589356.0,1418082,37019180,858614,14289506,2587736,778739.0,127279,4638684.0,165856,3023436.0,253690,511450,1156040,1256036,2362866,554388,79817,1315482,31023077.0,8085611,328554,398475,12817575.0,39662605,9774018.0,,250013,886503,2908719.0,1596688,1076541,9212902,4725870,1885052,16376690,100561949,1283260,2355344,4524929,2110146,7009076,32531913,563763,2334789,119919,870359,1164483,,3621155,2010041.0,1953418,1783354,30780865.0,10755495,5931275,4017349,1729353,2268898,6681379,191685,,464992,2312607,2409807.0,299317,2209855,2933336,381107,11556843,17773068,4298931,3947221,809782,100781706,926833,3848612.0,924676
2025-10-29,3374727,531418,525573,868027,1144872,6858815,4084417,,946767,3068106,32672661.0,3760575,,3054734,254221,8200318.0,745480,23179189.0,930138,13793425,428019,17723338,2745792,1678626.0,624075,5865267.0,210536,3106537.0,276338,597908,1277640,2101374,3450376,478082,108155,1835211,67382473.0,18434583,676713,363161,10861384.0,34404972,9997442.0,,799962,686312,1366381.0,4402178,315014,11244292,3780316,2585825,17141474,150424830,1512312,1967120,9591612,1916055,6436630,31461416,483123,1374085,201249,846049,1582434,,5921032,2636583.0,1666235,2610062,45110443.0,6312340,4552670,2086533,3385874,5906748,11999775,1229642,,1009628,2593274,1898618.0,205109,2719049,3873498,848189,9000429,17287562,2396761,1806906,4115276,86544156,833110,4407297.0,721610
2025-10-30,6026488,371034,1101669,868005,895851,9316740,4227211,,1214684,2949114,53875055.0,5157831,,1883788,247215,6881335.0,592499,33507216.0,734891,17113712,481623,44887989,3562401,757837.0,300253,4138578.0,217593,6965051.0,140950,372499,3850814,5795003,2674497,828913,109291,2013422,39664779.0,9998506,1101978,393070,54077387.0,57197819,16617596.0,,684953,789311,1878380.0,1681706,384242,13198366,5791537,1681575,10755367,139509667,1856618,2566059,5460396,2230352,5960288,37068605,526831,3003350,89800,3390127,2124472,,7768719,2226299.0,7153021,8058306,45387839.0,29953576,5710053,2338064,1933660,1913939,8804685,543941,,601606,1937703,1404195.0,129040,3697966,5675882,485249,10105339,13953694,2150607,2494282,5359327,31665075,762762,16620845.0,763402
2025-10-31,2823281,658010,423397,928883,1006077,2815592,3908958,,1089094,3885705,29240730.0,2259233,,1454252,191378,6929149.0,756562,22344887.0,1780542,20599615,438072,11314569,2927953,732901.0,330344,6271742.0,158396,4277037.0,224545,383972,1518737,962856,2362844,666905,129007,1783023,28354364.0,7484230,900953,412721,21725217.0,30043594,11060602.0,,353065,724049,1116714.0,2588023,277094,13644711,3449011,2626971,11796573,85541900,1013787,4504648,6860620,1519686,8278395,20701378,305529,4248638,91379,645403,1811422,,2704422,1768425.0,1061954,1637590,12397146.0,5157817,6142729,2525202,1639765,1482505,10109313,419577,,2696166,2141129,2178301.0,129364,1870315,3423454,462507,11917133,8771340,1952179,2938136,1018897,45615238,420197,9691977.0,974891
2025-11-03,7738195,772525,261609,842430,631995,3033595,3899065,,1848389,8316163,106413186.0,7127016,,1356879,200859,10191968.0,583676,23160235.0,619412,14188842,484675,41336929,4200218,1040108.0,133789,8320166.0,130415,4190865.0,142980,391517,11100622,617460,8100746,477788,192120,954215,28709989.0,6675438,1573416,509228,13716511.0,31605934,28752391.0,,233890,717447,881848.0,1544517,515146,12764224,2875840,1643598,14074552,110062034,2101612,3749321,5619107,1439092,6039783,25615540,484111,2955522,134168,1108101,1645557,,2860142,1848309.0,1839519,8222529,77114242.0,2482238,3198984,2245821,1937960,1436833,12938795,251543,,410885,2103100,1128812.0,144038,1953292,3353845,686421,10894127,11130702,2096031,1262827,2176386,97872776,1233638,7965463.0,861938
2025-11-04,5397314,1611873,1272807,766254,1362329,1898729,4026883,,1233596,4730181,30126221.0,5386655,,2445549,273445,5593871.0,1655882,53948718.0,2363887,15818698,399384,20270507,2772315,846604.0,257115,15292260.0,684077,7199871.0,614305,442445,1453294,1712961,3047593,593379,239621,896928,66083737.0,14469995,744635,947461,18919073.0,18548038,14031479.0,,345137,1771308,1027766.0,11006216,395430,25849156,4334683,4547200,14119377,325730720,2074807,5968588,10224989,4661868,6625773,49307535,1255079,2271621,118632,1383959,6311220,,6127846,4634235.0,2737546,3588621,47146762.0,7149877,6604870,1578232,2783062,3965016,8798137,364093,,748989,2476903,2678435.0,168698,2396662,3529682,925441,37084758,12250537,2377360,1704620,2313308,51228184,891699,8531030.0,1413400
2025-11-05,7484747,3210870,491956,631438,2395225,2955436,7886544,,1818602,7660314,42372150.0,6267658,,1360413,305926,12153625.0,652435,49135185.0,928437,19043216,489672,17704634,2489036,761054.0,286903,6294744.0,222420,4473423.0,202398,397831,11444444,1434435,2649158,532041,104565,771163,59826079.0,8393764,568964,592450,9813385.0,48668461,10518121.0,,287169,2104108,1064637.0,3528220,234286,24027289,3581095,2776211,21412536,195068630,1345688,3301524,5595271,1842452,7394289,17031113,298850,1510712,116264,1162637,2610483,,2281425,2214425.0,2704566,2481954,44744588.0,8459267,12182087,6306720,2345271,2720841,7483378,216149,,855308,3895219,2613556.0,259907,3617692,4300717,411060,13504765,17081505,3338814,3230751,1837214,45444399,874917,7183515.0,783579
2025-11-06,4525476,1006256,446103,1702273,947377,5761092,4745724,,3100862,5740263,65890100.0,8511059,,1906346,133112,12343890.0,521736,22057131.0,1080865,36741950,1037635,15712442,2424314,1343024.0,298954,6055633.0,249119,12672006.0,311211,326963,1522620,1333585,3359303,417120,74983,708281,44188882.0,12858364,2642513,654068,18386420.0,20937878,22544695.0,,288314,1295517,5512245.0,8274022,264032,17167399,4732907,3622933,14207771,196133174,1893358,2666866,10261244,1408507,14952122,27691268,495734,2113574,92828,1125614,2327647,,4034151,3187261.0,1894626,8454359,21460016.0,14737125,22228754,1760544,1982113,3489035,10771845,238777,,1908843,2677092,6497387.0,150512,2718695,8186642,700570,13053254,14684681,5687404,1409778,2663344,69951925,984158,13430294.0,688426
2025-11-07,3744973,1766270,326205,1184286,689959,2698056,12391317,,3536657,2617203,33549227.0,3401445,,1615651,103365,4659689.0,529395,18278453.0,873648,22737311,766747,32972461,2887884,423523.0,241905,4485685.0,178872,5588197.0,272785,427479,2491501,3622281,3447702,854756,134175,455243,18339236.0,7168260,2125678,433758,12634942.0,15947148,53421595.0,,964259,1027024,1625081.0,7338693,169765,10116689,2611550,1863897,12829378,125847700,1059743,1602269,3668896,1341938,17676244,19758591,102523,4700166,365967,985234,4996107,,4768840,1886729.0,1424886,23966081,39724795.0,5015685,5198053,6207679,2132156,2454565,10823812,377960,,1471971,4243442,4582921.0,121044,2280605,6898376,344505,13239801,11694681,2645959,1332067,876857,111386455,757678,9445763.0,445918
2025-11-10,3789169,641414,1930624,775214,571721,3735018,5720534,,3313530,4128693,35794947.0,5936112,,2665933,294678,7125806.0,571882,18582406.0,3118244,13364255,546573,32740378,3736973,1742201.0,542792,11986901.0,252453,11897554.0,350436,530177,1829174,2871845,2528425,762707,122068,599196,22296394.0,10820320,810904,747256,12397115.0,29367426,23834330.0,,929288,1394427,2062967.0,1995391,140972,11716680,14293741,1083753,19433413,106639986,2704699,1211767,9585152,1542396,8606454,14217426,151277,3495684,123698,1575941,1449634,,5394185,3741356.0,2800893,10239372,44449275.0,3396286,7054975,2359522,4608537,1866840,9743504,100444,,3579229,2207851,2871635.0,457992,3512241,2765711,796767,9768541,17885950,5066127,1724539,783362,107133777,698088,6285695.0,450807
2025-11-11,4140330,596128,565873,684751,414800,7211707,5200314,,2223275,3139282,67493203.0,8541414,,1371329,230335,11667839.0,546475,61361094.0,2496798,11958373,823495,19049646,2382513,465574.0,115908,5334346.0,392798,8100976.0,181790,368751,1297221,1908520,6830083,550395,93322,904961,55971959.0,4414582,639031,409813,21588967.0,50198780,27891995.0,,542525,2017244,782703.0,2829994,309086,15839991,5549640,3073904,21169535,153595500,2047814,1735862,13315717,2765266,8467312,14008624,119849,2174713,143125,1330671,1341989,,5865867,1257835.0,3142171,7115436,26863472.0,3285472,9522667,1739841,1795912,2074165,9902024,153805,,436881,1788906,2002696.0,181741,3669625,2548612,423970,13756416,36696612,4422482,1090022,1436845,136970985,634188,9731395.0,387726
2025-11-12,2449648,982380,515477,865090,605277,4488898,12601316,,1841863,5284571,39313072.0,4664008,,1000378,209187,7629515.0,745273,18659885.0,1517144,12502859,493348,24696494,2808305,500706.0,160203,9018416.0,340196,6554976.0,287839,555639,947543,2974638,4355035,587385,52971,1103896,39156292.0,6038708,531373,560019,21126187.0,22563979,10251513.0,,212848,2482946,1607085.0,2608216,205628,10092064,9521111,2444130,20802914,188622617,1362657,1725255,4985869,4114110,14089141,12511330,326533,8502220,86393,1173324,952249,,9894629,2613348.0,821541,5188876,12189972.0,3722811,11187253,1627686,2073328,3202966,10376151,218343,,453488,2057456,1104246.0,169271,9950222,3296617,1557900,14199018,39663581,3574153,1805021,1389004,106767813,589187,18533166.0,608457
2025-11-13,2068809,391933,702476,1463832,675151,3778572,18658192,,1535199,4377252,36632795.0,3056641,,1036584,366319,11088044.0,2877267,21663321.0,2836306,7641497,547148,19452132,2355544,693773.0,171414,16170362.0,736064,3400454.0,317397,1509602,1713357,3457411,2961618,580219,41413,885137,16495090.0,6544853,581564,747353,17143010.0,18564403,11092835.0,,335992,7023178,1573826.0,1744729,155842,10999392,4199609,6930409,16005997,80264328,1233058,1616006,3385291,3390843,18728252,24030356,406126,2949410,89732,1506365,1456250,,4470218,1272135.0,1902825,8822411,15919881.0,5684571,6534167,4302217,1931893,2145329,10096437,187129,,860304,2036165,1196404.0,197640,10924456,2765155,347621,6507756,16160968,1956919,2990276,1723609,66542212,1013631,7611899.0,533916
2025-11-14,2921316,736276,574108,642216,595771,3025615,9122973,,1348061,3880559,34799102.0,4130291,,3094247,503933,8170002.0,577443,19434034.0,1790723,14283884,834970,28931413,3096124,892345.0,169696,6229842.0,857131,3650384.0,352109,1180207,1900612,1214492,2658980,498168,81821,853754,39763519.0,7347901,570822,740914,14404601.0,15838483,11553789.0,,234524,5062064,874283.0,1963158,279785,24472677,5882196,6105199,24650860,150556292,2305773,1978803,5681964,3604181,7286242,44301510,132474,5459350,98209,3066110,1669441,,4915225,2134698.0,1041337,14045061,19588033.0,6042248,5948703,2126306,3439960,2602957,5089214,275614,,610300,2904996,1413311.0,213289,5552524,2758088,439620,11514180,40282588,3272015,1694998,1230844,37723643,635466,10329127.0,866876
2025-11-17,2085657,452641,412897,649966,611830,7424829,8176781,,1324704,10055271,36053201.0,5483038,,1559710,200863,13752418.0,1571524,56747827.0,2426046,11002798,258960,49155712,5941643,618833.0,190566,3431827.0,306320,3280911.0,477587,560518,1700019,1347778,2106933,583162,55347,396704,23488691.0,11567367,376916,483828,29917820.0,19457711,43753568.0,,258990,3624122,3120767.0,2353393,604295,18852237,3989986,5651304,26290927,226193713,2114344,1167036,6615710,1909169,23003838,28636409,592584,2072056,160314,2197322,1618326,,4717917,1264300.0,1815030,8705939,45034243.0,12166703,7149397,5735256,5565519,4585673,22186675,121606,,892284,1743562,1149257.0,117458,14408368,4610511,278296,6378470,17429000,4770020,1134587,923912,51343090,279598,13145869.0,1083329
